id,context,question,correct_answer
bengali--4617050319286437016-6,"লুৎফর রহমানের সাহিত্য সাধনা শুরু হয়েছিল মূলত কবিতা রচনার মাধ্যমে। ১৯১৫ সালে চল্লিশটি কবিতা নিয়ে তার প্রথম এবং একমাত্র কাব্যগ্রন্থ প্রকাশ প্রকাশিত হয়।[4] পরে তিনি বিভিন্ন প্রবন্ধ, উপন্যাস, ছোটগল্প, কথিকা, শিশুতোষ সাহিত্য ইত্যাদি রচনা করেছেন। তার কিছু অনুবাদ কর্মও পাওয়া যায়।","বাঙালি সাহিত্যিক, সম্পাদক ও সমাজকর্মী মোহাম্মদ লুৎফর রহমানের রচিত প্রথম গ্রন্থের নাম কী ?",প্রকাশ
bengali-3322578321529024800-0,"হুগলী জেলা ভারতের পূর্বাঞ্চলীয় রাজ্য পশ্চিমবঙ্গের অন্তর্গত বর্ধমান বিভাগের একটি জেলা। হুগলী নদীর নামে এর নামকরণ করা হয়েছে। জেলাটির সদর চুঁচুড়া-তে অবস্থিত। জেলাটির চারটি মহকুমা রয়েছে: চুঁচুড়া সদর, চন্দননগর, শ্রীরামপুর, ও আরামবাগ।",পশ্চিমবঙ্গের হুগলী জেলার সদর শহর কোথায় ?,চুঁচুড়া
bengali-3745430487395999591-0,"টুথব্রাশ বা দাঁতের ব্রাশ হচ্ছে মুখে ব্যবহৃত এক ধরণের উপকরণ। এর সাহায্যে দাঁত ও মাড়ি পরিষ্কার করা হয়। সম্মুখের অংশে শক্ত করে থরে থরে সাজানো তন্তু রাখা আছে। হাতলে অল্প নড়াচড়ার মাধ্যমে মুখের অভ্যন্তরে আনাচে-কানাচে তন্তুগুলো প্রবেশ করে দাঁতকে পরিষ্কার রাখতে সহায়তা করে। বর্তমানে ফ্লুরাইডযুক্ত টুথপেস্ট প্রচলিত আছে। টুথপেস্ট ও টুথব্রাশ একে-অপরের পরিপূরক। এ দু'য়ের মিলিত প্রচেষ্টায় টুথব্রাশিংকে কার্যক্রমকে স্বার্থক ও কার্যকরী করে তোলে। টুথব্রাশ যে-কোন দোকান বা শপিং মলে পাওয়া যায়। টুথব্রাশ বিভিন্ন রংয়ের, আকার-আকৃতির হয়ে থাকে।",বর্তমানে টুথব্রাশ বা দাঁতের ব্রাশ কি দিয়ে তৈরি করা হয় ?,ফ্লুরাইড
bengali-4641166304845548642-6,"১৮৮৭ সালে জার্মান পদার্থবিদ হেনরিক হার্টজ বেতার তরঙ্গ নিয়ে গবেষনার সময় প্রাথমিক ট্রান্সমিটার তৈরী করেন যাকে ""হার্জের অস্কিলেটর"" বলা হত। দুটো পরিবাহী কন্ডাকটরের মধ্যে বৈদ্যুতিক স্ফুলিঙ্গ আদান-প্রদানের মাধ্যমে এটা কাজ করত। ১৮৯৫ সালে, স্পার্ক ট্রান্সমিটার ব্যবহার করে মার্কোনি সর্বপ্রথম বেতার যোগাযোগ ব্যবস্থা তৈরী করেন। এটি কিন্তু বর্তমান সময়ের মত অডিও সম্প্রচার করতে পারত না। তার বদলে টেলিগ্রাফিক সঙ্কেত আদান-প্রদান করতে পারত। অপারেটর যিনি মর্স কোড জানতেন তিনি শব্দ শুনে অর্থ বের করতেন। রেডিও প্রযুক্তির প্রথম তিন দশকে (১৮৮৭ সাল থেকে ১৯১৭ সাল পর্যন্ত) এই স্পার্ক গ্যাপ ট্রান্সমিটারই ব্যবহার করা হত। এই সময়টুকুকে বলা হয় ওয়ারলেস টেলিগ্রাফি বা স্পার্ক এরা বা ""স্ফুলিঙ্গ যুগ""।",বেতার ট্রান্সমিটার প্রথম কে তৈরী করেন ?,হেনরিক হার্টজ
bengali--1199493965132146131-3,"পূর্ণিমার চলচ্চিত্রে আগমন জাকির হোসেন রাজু পরিচালিত এ জীবন তোমার আমার দিয়ে। চলচ্চিত্রটি মুক্তি পায় ১৯৯৭ সালে, তখন তিনি ক্লাস নাইনে পড়তেন। ২০০৩ সালে মুক্তি পায় তার সব থেকে সফল ছবি মতিউর রহমান পানু পরিচালিত মনের মাঝে তুমি। এটি বাংলাদেশ-ভারতের যৌথ প্রযোজনায় বাংলাদেশের সবথেকে সফল ছবির মধ্যে অন্যতম।[5] ২০০৪ সালে রাবেয়া খাতুনের উপন্যাস মেঘের পরে মেঘ অবলম্বনে চাষী নজরুল ইসলাম পরিচালিত মুক্তিযুদ্ধভিত্তিক ছায়াছবি মেঘের পরে মেঘ ছবিতে অভিনয় করেন।[6] এছাড়া কাজী নজরুল ইসলামের গল্প রাক্ষুসী নিয়ে নির্মিত চলচ্চিত্র রাক্ষুসী</i>তেও অন্যতম কেন্দ্রীয় চরিত্রে অভিনয় করেছেন। ২০০৫ সালে বিশ্বকবি রবীন্দ্রনাথ ঠাকুরের শাস্তি গল্প অবলম্বনে নির্মিত শাস্তি চলচ্চিত্র চন্দরা চরিত্রে অভিনয় করেন।[7]",বাংলাদেশী অভিনেত্রী পূর্ণিমার অভিনীত প্রথম ছবিটি বাংলাদেশে কবে মুক্তি পায় ?,১৯৯৭ সালে
bengali-8690075851604962430-9,১৯৪০-এর দশকে নতুন ধরণের পরমাণু বোমা হিসেবে হাইড্রোজেন বোমা আবিস্কারের মাধ্যমে সোভিয়েত ইউনিয়ন সমগ্র বিশ্বে ব্যাপক আলোড়ন সৃষ্টি করে। হাইড্রোজেন বোমার পরীক্ষণের স্থল হিসেবে তারা প্রশান্ত মহাসাগরকে বেছে নেয়। এছাড়াও তারা পরমাণু বিভাজন বা ফিসন করে একের পর এক নিত্য নতুন ও উন্নততর পারমাণবিক বোমা আবিস্কার করতে থাকে।,হাইড্রোজেন বোমা কবে প্রথম আবিষ্কৃত হয় ?,১৯৪০-এর দশকে
bengali--7191786131172679626-4,"গাছে ফল উৎপাদনের জন্য সচরাচর ৪ থেকে ৮ বছর পর্যন্ত অপেক্ষা করতে হয়। তবে বাণিজ্যিকভাবে ফসল উৎপাদন উপযোগী খেজুর গাছে ফল আসতে ৭ থেকে ১০ বছর সময় লেগে যায়। পূর্ণাঙ্গ খেজুর গাছে প্রতি মৌসুমে গড়ে ৮০-১২০ কিলোগ্রাম (১৭৬-২৬৪ পাউন্ড) ফল পাওয়া যায়। বাজারজাতকরণের উপযোগী ফল আহরণের জন্য ফলের শাখাকে পাতলা হতে হয়। এর ফলে ফলগুচ্ছ নুইয়ে পড়ে, নীচের ফলগুলো বড় আকারের হয় এবং বাজে আবহাওয়া ও পাখির আক্রমণ থেকে রক্ষা পায়।",খেজুর গাছে খেজুর ফল আসতে কতদিন সময় লাগে ?,৭ থেকে ১০ বছর
bengali-6379374255497658608-2,"ঢাকা'র সিটি ল কলেজে তিনি ১৯৬৮ সালে আরো ভালো ফলাফলের জন্যে দ্বিতীয়বারের মতো এম.এ বা স্নাতকোত্তর ডিগ্রী অর্জনের জন্য চেষ্টা করছিলেন।[3] ১৯৬৯ সালে মৃত্যুকালীন সময়ে তিনি ঢাকা বিশ্ববিদ্যালয়ের ইতিহাস বিভাগে এম.এ শেষ বর্ষের ছাত্র ছিলেন তিনি। শহীদ আসাদ তৎকালীন ঢাকা হল (বতর্মান শহীদুল্লাহ হল) শাখার পূর্ব-পাকিস্তান ছাত্র ইউনিয়নের সভাপতি হিসেবে এবং পূর্ব-পাকিস্তান ছাত্র ইউনিয়ন (ইপসু-মেনন গ্রুপ), ঢাকা শাখার সাধারণ সম্পাদক হিসেবে দায়িত্ব পালন করেন। রাজনৈতিক কর্মকাণ্ডে নিবেদিত প্রাণ আসাদুজ্জামান গরিব ও অসহায় ছাত্রদের শিক্ষার অধিকার বিষয়ে সর্বদাই সজাগ ছিলেন। তিনি শিবপুর নৈশ বিদ্যালয় নামে একটি নৈশ বিদ্যালয় প্রতিষ্ঠা করেন এবং শিবপুর কলেজ প্রতিষ্ঠার লক্ষ্যে স্থানীয় শিক্ষানুরাগী ব্যক্তিদেরকে সাথে নিয়ে আর্থিক তহবিল গড়ে তোলেন।[3]",আমানুল্লাহ মোহাম্মদ আসাদুজ্জামান কোন কলেজের ছাত্রনেতা ছিলেন ?,সিটি ল কলেজে
bengali--4367168340646115612-0,খিলজি রাজবংশ (Persian: سلسله خلجی‎; Hindi: सलतनत ख़िलजी) ছিল তুর্কি বংশোদ্ভুত মুসলিম রাজবংশ। [2] ১২৯০ থেকে ১৩২০ সাল পর্যন্ত সময়ের মধ্যে এই রাজবংশ দক্ষিণ এশিয়ার বিরাট অংশ শাসন করে।[3] জালালউদ্দিন ফিরোজ খিলজি এই রাজবংশের পত্তন করেন। এটি দিল্লি সালতানাত শাসনকারী দ্বিতীয় রাজবংশ। আলাউদ্দিন খিলজির সময় খিলজিরা সফলভাবে মোঙ্গল আক্রমণ ঠেকাতে সক্ষম হয়।[4][5],খিলজি রাজবংশের প্রতিষ্ঠাতা কে ?,জালালউদ্দিন ফিরোজ খিলজি
bengali-8231597176267138336-3,"যদিও চিকনগুনির প্রাদুর্ভাব সাধারণত এশিয়া ও আফ্রিকাতে বেশি দেখা যায় তবে প্রতিবেদন অনুসারে ২০০০-এর দশকে এটি ইউরোপ ও আমেরিকাতে ছড়িয়ে পড়েছে। ২০১৪ সালে এক মিলিয়নের বেশি মানুষ আক্রন্ত হয়েছে।[2]  ২০১৪ সালের প্রতিবেদন অনুযায়ী এটি যুক্তরাষ্ট্রের ফ্লোরিডাতে দেখা গেছে কিন্তু ২০১৬ সালে যুক্তরাষ্ট্রে স্থানীয়ভাবে এই রোগের প্রভাব দেখা যায়নি।[12][13] তানজানিয়াতে ১৯৫২ সালে প্রথম রোগটি ধরা পরে।[2] চিকনগুনিয়া নামটি এসেছে তানজানিয়ার মাকুন্দি জনগোষ্ঠির ব্যবহৃত কিমাকুন্দি ভাষা থেকে যার অর্থ ""কুঁচিত হওয়া"" বা বাঁকা হয়ে যাওয়া।[2] ২০০৮ সালের দিকে বাংলাদেশের রাজশাহী এবং চাঁপাইনবাবগঞ্জ জেলায় প্রথম এ রোগের ভাইরাসটি ধরা পরে। পরবর্তীতে ২০১১ সালে ঢাকার দোহারে এটি লক্ষ্য করা গেলেও এরপর তেমনভাবে এ ভাইরাসের কথা শোনা যায়নি তবে ২০১৭ সালের প্রথমদিকে সারাদেশে ভাইরাসটি উল্লেখযোগ্য হারে লক্ষ করা যায়।[14]",চিকুনগুনিয়া ভাইরাস কবে প্রথম শনাক্ত করা হয় ?,২০০৮ সালের দিকে
bengali-502031366341688023-0,"গুরু নানক দেব () (Punjabi: ਗੁਰੂ ਨਾਨਕ; Hindi: गुरु नानक, Urdu: گرونانک, [ˈɡʊɾu ˈnɑnək] (এপ্রিল ১৫, ১৪৬৯ - সেপ্টেম্বর ২২, ১৫৩৯) শিখ ধর্মের প্রবক্তা এবং এই ধর্মের প্রথম গুরু। প্রতি বছর কার্তিক পূর্ণিমা তিথিতে তাঁর জন্মোৎসব পালিত হয়।[1] তিনি বহু স্থানে ভ্রমণ করে মানুষের মধ্যে এক ঈশ্বরের মতবাদ প্রচলন করেন।[2] তিনি সমতা, ভ্রাতৃত্ব ও সদাচরণের ওপর নির্ভর করে একটি অনন্য ধর্মীয়, সামাজিক ও রাজনৈতিক ব্যবস্থা প্রচলন করতে সক্ষম হন।[3][4][5] শিখ ধর্মে বিশ্বাস করা হয়ে থাকে যে, পরবর্তী শিখ গুরুদের গুরুপদ লাভের সময় তাঁদের মধ্যে গুরু নানকের ঐশ্বরিক ক্ষমতা, ধর্মীয় কর্তৃত্ব ও পবিত্রতা  প্রবাহিত হয়ে থাকে।[6]",গুরু নানকের মৃত্যুদিবস কবে ?,"সেপ্টেম্বর ২২, ১৫৩৯"
bengali-980178524144247371-11,আবু বকর ৫৭৩ সালের দিকে মক্কার কুরাইশ বংশের বনু তাইম গোত্রে জন্মগ্রহণ করেছেন।[6] তার বাবার নাম আবু কুহাফা ও মায়ের নাম সালমা বিনতে সাখার।,আবু বকরের বাবার নাম কী ছিল ?,আবু কুহাফা
bengali--163578025751769909-14,মাইকেল মধুসূদন দত্ত বিরচিত মেঘনাদবধ কাব্য-এ মেঘনাদ নায়ক। ভ্রাতা বীরবাহুর মৃত্যুর পর লঙ্কার রাজলক্ষ্মীর প্ররোচনায় তিনি যুদ্ধযাত্রা করেন। এই উপাখ্যানে মেঘনাদের স্ত্রী প্রমীলা। দেবগণ মেঘনাদের যুদ্ধযাত্রার সময় রামচন্দ্রকে রক্ষা করার পরিকল্পনা করেন। নিকুম্ভিলা যজ্ঞাগারে যজ্ঞ সম্পাদনা কালে লক্ষ্মণ নিরস্ত্র অবস্থায় মেঘনাদকে হত্যা করেন। তারপর প্রতিশোধকল্পে রাবণ লক্ষ্মণকে শক্তিশেলে বিদ্ধ করলে রাম পাতালপুরীতে প্রবেশ করে মৃত পিতা দশরথের কাছ থেকে লক্ষ্মণের পুনরুজ্জীবনের উপায় জেনে আসেন। গ্রন্থশেষে রয়েছে মেঘনাদের অন্ত্যেষ্টিক্রিয়ার জন্য রাবণের রামের নিকট সাতদিন যুদ্ধবিরতি প্রার্থনা ও মহাসমারোহে মেঘনাদের অন্ত্যেষ্টির বিবরণ।,ইন্দ্রজিৎ বা মেঘনাদের স্ত্রীর নাম কী ?,প্রমীলা
bengali--9074820732379768553-2,"ইসলাম শব্দটি এসেছে আরবি س-ل-م শব্দটি হতে; যার দু'টি অর্থঃ ১. শান্তি ২. আত্মসমর্পণ করা। সংক্ষেপে, ইসলাম হলো শান্তি (প্রতিষ্ঠা)'র উদ্দেশ্যে এক ও অদ্বিতীয় ঈশ্বর (আল্লাহ)-এর কাছে আত্মসমর্পণ করা।",ইসলাম শব্দটির উৎপত্তি কোন শব্দ থেকে হয়েছে ?,আরবি س-ل-م
bengali-2288883268191669091-1,"শিখধর্ম (/ˈsɪk[invalid input: 'ɨ']zəm/; Punjabi: ਸਿੱਖੀ, sikkhī,I[1] (স্থানীয় নাম শিখী); সংস্কৃত ‘শিষ্য’ বা ‘শিক্ষা’ থেকে উৎপন্ন।[2][3]|group=note}}) হল একটি সর্বেশ্বরবাদী[4] ভারতীয় ধর্ম। খ্রিস্টীয় ১৫শ শতাব্দীতে ভারতীয় উপমহাদেশের পাঞ্জাব অঞ্চলে গুরু নানক এই ধর্ম প্রতিষ্ঠা করেছিলেন।[5] পরবর্তীকালে শিখ গুরুগণ কর্তৃক এই ধর্ম প্রসার লাভ করে শিখদের ১১জন মানব গুরু ছিলেন , যাদের সর্বপ্রথম হলেন গুরু নানক । শিখদের পবিত্র ধর্মগ্রন্থ গুরু গ্রন্থ সাহিব যা শিখ গুরুদের রচনার সংকলন । প্রথম পাঁচ জন শিখ গুরু তা সংকলন করেছিলেন। শিখধর্ম বিশ্বের পঞ্চম বৃহত্তম ধর্মীয় গোষ্ঠী। এই ধর্মের অনুগামীর সংখ্যা প্রায় ৩ কোটি।[6][7] ভারতের পাঞ্জাব রাজ্যটি বিশ্বের একমাত্র শিখ সংখ্যাগুরু অঞ্চল।",গুরু নানকের রচিত প্রথম গ্রন্থের নাম কী ?,গুরু গ্রন্থ সাহিব
bengali-1644744333786318480-20,"স্বাধীনতার পরে আবির্ভূত চলচ্চিত্র পরিচালকদের মধ্যে আলমগীর কবির (১৯৩৮-১৯৮৯) উল্লেখযোগ্য। তাঁর নির্মিত চলচ্চিত্র হলো ধীরে বহে মেঘনা (১৯৭৩), সূর্য কন্যা (১৯৭৬), সীমানা পেরিয়ে (১৯৭৭), রূপালী সৈকতে (১৯৭৯), মোহনা (১৯৮২),পরিণীতা (১৯৮৪) ও মহানায়ক (১৯৮৫)।",বাংলাদেশী চলচ্চিত্র পরিচালক আলমগীর কবিরের পরিচালিত প্রথম চলচ্চিত্রের নাম কী ?,ধীরে বহে মেঘনা
bengali-4666244705378710343-2,"ক্লাইভ এ দেশে আবার ফিরে আসেন ১৭৬৫ খ্রিস্টাব্দের মে মাসে এবং ইংরেজ সরকারের গভর্নর নিযুক্ত হন। তিনি তখন দিল্লির বাদশাহ শাহ আলমের কাছ থেকে বাংলা-বিহার-ওড়িশার দেওয়ানি লাভ করেন (১৭৬৫, আগস্ট ১)। বিহার-ওড়িশার প্রকৃত শাসন ক্ষমতা লাভ করে, নবাবের নামমাত্র অস্তিত্ব থাকে। ফলে পূর্ব ভারতের এই অঞ্চলে যে শাসন-ব্যবস্থা চালু হয় তা দ্বৈত শাসন নামে পরিচিত। নবাবের হাতে থাকে প্রশাসনিক দায়িত্ব, আর রাজস্ব আদায় ও ব্যয়ের পূর্ণ কর্তৃত্ব পায় কোম্পানি। এতে বাংলার নবাব আসলে ক্ষমতাহীন হয়ে পড়ে আর এই সুযোগে কোম্পানির লোকেরা খাজনা আদায়ের নামে অবাধ লুণ্ঠন ও অত্যাচার শুরু করে দেয়। ১৭৭০-এ (বাংলা ১১৭৬) অনাবৃষ্টি হয়। দেশে দেখা দেয় চরম বিপর্যয় ও দুর্ভিক্ষ। কয়েক লক্ষ মানুষ না খেতে পেয়ে মারা যান। এটাই ইতিহাসখ্যাত ছিয়াত্তরের মন্বন্তর নামে পরিচিত। এরপর ১৭৯৩ সালে লর্ড কর্নওয়ালিশ প্রবর্তিত চিরস্থায়ী বন্দোবস্তের মাধ্যমে কোম্পানির শাসন চলেছিল মূলত এবং মুখ্যত লাভজনক ব্যবসায়িক দৃষ্টি ও রীতিপদ্ধতিতেই। কোম্পানির স্বার্থে ও সুবিধার জন্য ১৭৬৫ সালে বাংলার কৃষিপণ্যকে বাণিজ্যিকীকরণ, ১৭৭৩ সালে রেগুলেটিং অ্যাক্ট পাস, ১৮১৩ সালে ভারতে ফ্রি ট্রেড প্রবর্তন এবং ওই বছরই বাংলার মুখ্য শিল্প খাত টেক্সটাইল রপ্তানি বন্ধ, ১৮২০ সালে টেক্সটাইলকে আমদানি পণ্য হিসেবে ঘোষণা, ১৮৩০-এ কলকাতা ডকিং কোম্পানি প্রতিষ্ঠা, ১৮৩৫ সালে ইংরেজিকে অফিস-আদালতের ভাষা হিসেবে ঘোষণা, ১৮৩৮-এ বেঙ্গল বন্ডেড ওয়্যারহাউস অ্যাসোসিয়েশন গঠন এবং ১৮৪০ সালে বেসরকারি খাতে চা-বাগান স্থাপনের মাধ্যমে এ দেশীয় অর্থনীতির স্বনির্ভর সত্তাকে পরনির্ভর করার কার্যক্রম শুরু হয়। বাংলা নামের এই অঞ্চলটি ধীরে ধীরে ইংরেজদের সম্পূর্ণ করায়ত্ব হয় ১৮১৩ সালে। বৃটিশ সরকার এক চার্টার অ্যাক্ট বলে কোম্পানির একচেটিয়া বাণিজ্যাধিকার বিলুপ্ত করে এবং দেশের শাসনভার কোম্পানির উপর ন্যস্ত করে। ১৮৫৮ সালে কোম্পানি বিলুপ্ত ঘোষণা করে ব্রিটিশ সরকার ভারতশাসনের দায়িত্ব সরাসরি গ্রহণ করে।",কত খ্রিস্টাব্দে ইস্ট ইন্ডিয়া কোম্পানী দেওয়ানী লাভ করেন ?,১৭৬৫
bengali--4203021990164894046-0,"ধান (বৈজ্ঞানিক নাম Oryza sativa, Oryza glaberrima ) Graminae/Poaceae গোত্রের দানাশস্যের উদ্ভিদ । ধান উষ্ণ জলবায়ুতে, বিশেষত পূর্ব-এশিয়ায় ব্যাপক চাষ হয়। প্রাচীন চীনা ভাষার Ou-liz শব্দটি আরবিতে Oruz ও গ্রিক ভাষায় Oryza হয়ে শেষে Ritz ও Rice হয়েছে। ধান বা ধান্য শব্দের উৎপত্তি অজ্ঞাত। ধানবীজ বা চাল সুপ্রাচীনকাল থেকে লক্ষ লক্ষ মানুষের প্রধান খাদ্য। চীন ও জাপানের রাজাদের পৃষ্ঠপোষকতায় প্রায় ১০,০০০ বছর আগে ধান চাষ শুরু হয়েছিল বলে জানা যায়। ব্যাপক অভিযোজন ক্ষমতার দরুন ধান উত্তর কোরিয়া থেকে দক্ষিণ অস্ট্রেলিয়া, এমনকি সমুদ্রপৃষ্ঠ থেকে ২,৬০০ মিটার উচ্চতায়ও (জুমলা, নেপাল) জন্মায়। বাংলাদেশে আউশ, আমন এবং বোরো এই তিন মৌসুমে ধান চাষ করা হয়।",বাংলাদেশে বছরে মোট কয় বার ধান চাষ হয় ?,তিন মৌসুমে
bengali--8808406948073702391-4,আর্সেনালের প্রতিষ্ঠা ১৮৮৬ সালে রয়েল আর্সেনালে কর্মরত কিছু শ্রমিকের মাধ্যমে। শুরুতে ক্লাবটির নাম ছিল ডায়াল স্কয়ার। কিছুদিন পরে নাম পরিবর্তন করে রাখা হয় রয়েল আর্সেনাল। ১৮৯১ সালে পেশাদার দল হিসাবে আত্মপ্রকাশ করার পর এর নাম রাখা হয় ওউলিচ আর্সেনাল। ১৮৮৩ সালে প্রথমবারের মত ফুটবল লীগে যোগ দেয় এবং প্রায় ২১ বছর পর ১৯০৪ সালে প্রথম বিভাগ দলের মর্যাদা লাভ করে। ভৌগোলিক কারণে শুরু থেকেই তাদের দর্শক সংখ্যা ছিল অনেক কম। যার কারণে ১৯১০ সালের মধ্যেই তারা অর্থনৈতিকভাবে পঙ্গু হয়ে পড়ে।[1] ১৯১৩ সালে রেলিগেশনের কারণে আর্সেনাল দ্বিতীয় বিভাগে নেমে যায় এবং ঠিক এই সময়ে তারা হাইবারিতে আর্সেনাল স্টেডিয়াম প্রতিষ্ঠা করে সেখানে চলে আসে।[2] একই বছরে দলটি তাদের নাম থেকে রয়েল শব্দটি বাদ দিয়ে দেয়। ১৯১৯ সালে পঞ্চম স্থানে থেকে বছর শেষ করার পর তারা টটেনহ্যাম হটস্পারের পরিবর্তে প্রথম বিভাগে ফিরে আসে।,আর্সেনাল প্রশিক্ষণ কেন্দ্র কবে তৈরি হয় ?,১৮৮৬ সালে
bengali--7463482025321959331-0,"সত্যেন্দ্রনাথ বসু (১ জানুয়ারি ১৮৯৪ – ৪ ফেব্রুয়ারি ১৯৭৪) ছিলেন একজন ভারতীয় বাঙালি পদার্থবিজ্ঞানী। তাঁর গবেষণার ক্ষেত্র ছিল গাণিতিক পদার্থবিদ্যা। সত্যেন্দ্রনাথ বসু আলবার্ট আইনস্টাইনের সঙ্গে যৌথভাবে বোস-আইনস্টাইন পরিসংখ্যান প্রদান করেন, যা পদার্থবিজ্ঞানের অন্যতম গুরুত্বপূর্ণ আবিষ্কার বলে বিবেচিত হয়। ছাত্রজীবনে অত্যন্ত মেধাবী সত্যেন্দ্রনাথ কর্মজীবনে সংযুক্ত  ছিলেন বৃহত্তর বাংলার তিন শ্রেষ্ঠ শিক্ষায়তন কলকাতা, ঢাকা ও বিশ্বভারতী বিশ্ববিদ্যালয়ের সঙ্গে। সান্নিধ্য পেয়েছেন রবীন্দ্রনাথ ঠাকুর, প্রফুল্লচন্দ্র রায়, মাদাম কুরী প্রমুখ মণীষীর। আবার অনুশীলন সমিতির সঙ্গে প্রত্যক্ষ সম্পর্ক ও স্বাধীনতা আন্দোলনের সশস্ত্র বিপ্লবীদের সঙ্গে গোপনে যোগাযোগও রাখতেন দেশব্রতী সত্যেন্দ্রনাথ। কলকাতায় জাত সত্যেন্দ্রনাথ শুধুমাত্র বাংলায় বিজ্ঞানচর্চার প্রবল সমর্থকই ছিলেন না, সারা জীবন ধরে তিনি বাংলায় বিজ্ঞানচর্চার ধারাটিকেও পুষ্ট করে গেছেন। এই প্রসঙ্গে তাঁর অমর উক্তি, “যাঁরা বলেন বাংলা ভাষায় বিজ্ঞান চর্চা হয় না, তাঁরা হয় বাংলা জানেন না, নয় বিজ্ঞান বোঝেন না।” বাংলায় বিজ্ঞানচর্চার প্রসারের উদ্দেশ্যে বিজ্ঞান পরিচয় নামে একটি পত্রিকাও প্রকাশ করেন তিনি। ব্যক্তিজীবনে সত্যেন্দ্রনাথ ছিলেন নিরলস, কর্মঠ ও মানবদরদী মণীষী। বিজ্ঞানের পাশাপাশি সঙ্গীত ও সাহিত্যেও ছিল তাঁর আন্তরিক আগ্রহ ও বিশেষ প্রীতি। রবীন্দ্রনাথ তাঁকে নিজের বিশ্বপরিচয় বিজ্ঞানগ্রন্থ, অন্নদাশঙ্কর রায় তাঁর জাপানে ভ্রমণরচনা ও সুধীন্দ্রনাথ দত্ত তাঁর অর্কেস্ট্রা কাব্যগ্রন্থ উৎসর্গ করেছিলেন।",সত্যেন্দ্রনাথ বসু কত সালে জন্মগ্রহণ করেন ?,১ জানুয়ারি ১৮৯৪
bengali-6041160895772644763-71,যুক্তরাষ্ট্রে অনুষ্ঠিত গত দুটি অলিম্পিক আসরেই সন্ত্রাসবাদী কার্যকলাপ দেখা যায়। ১৯৬৬ সালের আটলান্টায় গ্রীষ্মকালীন অলিম্পিকের সময় সেন্টেনিয়াল অলিম্পিক পার্কের পাশে একটি বোমা বিস্ফোরিত হয়। এতে দুই জন নিহত ও ১১১ জন আহত হয়। এই ঘটনার পেছনে দায়ী ছিল এরিক রুডল্ফ নামের একজন স্থানীয় সন্ত্রাসবাদী যে বর্তমানে যাবৎজীবন কারাদণ্ড ভোগ করছে।[152] অপরদিকে ইউটার সল্ট লেক সিটিতে অনুষ্ঠিত ২০০২ সালের শীতকালীন অলিম্পিক গেমসটি শুরু হয় টুইন টাওয়ারে ৯/১১ তে ঘটে যাওয়া মর্মান্তিক দূর্ঘটনার ঠিক পাঁচ মাস পরে। এর ফলে নিরাপত্তা ব্যবস্থা ছিল অত্যন্ত কড়া ও নজিরবিহীন।[153],২০০২ সালের শীতকালীন অলিম্পিক কোথায় অনুষ্ঠিত হয়েছিল ?,টুইন টাওয়ারে
bengali-2089421537139970916-6,"টোয়েইনের বয়স যখন চার বছর, তখন তার বাবা হ্যানিবাল, মিসৌরীতে বসবাস করার জন্য চলে আসেন।[7] হ্যানিবাল মিসৌরী নদীর তীরে গড়ে ওঠা একটি ছোট্ট বন্ধরনগরী যেটা পরবর্তীতে টোয়েইনের দুই বিখ্যাত অভিযান গল্প ""দ্য এডভেঞ্চার অফ হাকলবেরী ফিন"" এবং ""দ্য এডভেঞ্চার অফ টম সয়্যার"" এ উল্লিখিত কাল্পনিক শহর সেন্ট পিটার্সবার্গ সৃস্টির পেছনে অনুপ্রেরণা জুগিয়েছিলো।[8] মিসৌরী ছিলো একটি দাস শহর এবং ছোট্ট টোয়েইন আমেরিকার দাস প্রথার ইতিহাসের সাথে এখান থেকেই পরিচিত হন। পরবর্তীতে এ অভিজ্ঞতা তিনি তাঁর লেখাতেও নানা ভাবে টেনে এনেছেন। টোয়েইনের বাবা একজন এটর্নী এবং বিচারক ছিলেন।[9]",স্যামুয়েল ল্যাঙ্গহোর্ণ ক্লিমেন্স-এর বাবার নাম কী ?,হ্যানিবাল
bengali-2029563870871915760-1,গ্যাবলগেটের সামারব্রিজে হার্বার্ট সাটক্লিফের জন্ম হয়। উইলি ও জেন সাটক্লিফ তাঁর বাবা-মা। তাঁদের তিন পুত্র সন্তানের মধ্যে সাটক্লিফ ছিলেন দ্বিতীয়। অন্য দুই ভাই হচ্ছেন আর্থার ও বব। উইলি সাটক্লিফ ড্যাক্রে ব্যাংকের কাছে এক কড়াতকলে কাজ করতেন। তিনি ক্লাব ক্রিকেটার ছিলেন।[2],ইংরেজ টেস্ট ক্রিকেটার জর্জ হার্বার্ট হার্স্টের বাবার নাম কী ?,উইলি
bengali--3312762463251557392-1,"নভেরার জন্ম বাংলাদেশের সুন্দরবনে মার্চ ২৯, ১৯৩৯ খ্রিস্টাব্দে ।[5] চাচা নাম রাখেন নভেরা। ফার্সি শব্দ ‘নভেরা’র অর্থ নবাগত, নতুন জন্ম। কর্মসূত্রে তার বাবা সৈয়দ আহমেদ কর্মরত ছিলেন সুন্দরবন অঞ্চলে। তবে পৈতৃক নিবাস চট্টগ্রামের আসকারদিঘির উত্তর পাড়। পরবর্তীতে তার বাবা চাকরিসূত্রে কিছুকাল কলকাতায় অবস্থার করায় নভেরার শৈশব কেটেছে কলকাতা শহরে। বিদ্যালয়ে অধ্যয়নকালেই তিনি নাচ, গান শেখার পাশাপাশি মাটি দিয়ে মূর্তি তৈরী (মডেলিং) করতেন।[1] তিনি কলকাতার লরেটা স্কুল থেকে প্রবেশিকা (ম্যাট্রিক) পাস করেন।[4][6][7]",বাংলাদেশী ভাস্কর নভেরা আহমেদের বাবার নাম কী ?,সৈয়দ আহমেদ
bengali--9054487007298731671-9,জয়নুল আবেদিন ব্যক্তিগত জীবনে জাহানারা আবেদিনের সাথে বিবাহবন্ধনে আবদ্ধ ছিলেন।[5],জয়নুল আবেদিনের স্ত্রীর নাম কী ছিল ?,জাহানারা আবেদিনে
bengali--1864783019190273172-0,"বিদ্যা সিনহা সাহা মীম (জন্ম: ১০ নভেম্বর, ১৯৯২) বাংলাদেশের একজন মডেল, অভিনেত্রী এবং লেখিকা।[1] লাক্স-চ্যানেল আই সুপারস্টার ২০০৭ প্রতিযোগিতায় তিনি প্রথম-স্থান লাভ করেন।[2] একই বছরে হুমায়ুন আহমেদ পরিচালিত আমার আছে জল চলচ্চিত্রের মাধ্যমে তার চলচিত্রে অভিষেক হয়। জোনাকির আলো চলচ্চিত্রে অভিনয় করে ৩৯তম জাতীয় চলচ্চিত্র পুরস্কারে মৌসুমীর সাথে যৌথভাবে শ্রেষ্ঠ অভিনেত্রীর পুরস্কার অর্জন করেন।[3]",বিদ্যা সিনহা সাহা মীম অভিনীত সর্বপ্রথম বাংলাদেশি চলচ্চিত্র কোনটি ?,আমার আছে জল
bengali--224433906757631531-34,রবীন্দ্রনাথ ঠাকুর একাধারে ছিলেন নাট্যকার ও নাট্যাভিনেতা।[146] জোড়াসাঁকো ঠাকুরবাড়ির পারিবারিক নাট্যমঞ্চে মাত্র ষোলো বছর বয়সে অগ্রজ জ্যোতিরিন্দ্রনাথ ঠাকুর রচিত হঠাৎ নবাব নাটকে (মলিয়ের লা বুর্জোয়া জাঁতিরোম অবলম্বনে রচিত) [147] ও পরে জ্যোতিরিন্দ্রনাথেরই অলীকবাবু নাটকে নামভূমিকায় অভিনয় করেছিলেন রবীন্দ্রনাথ।[146] ১৮৮১ সালে তাঁর প্রথম গীতিনাট্য বাল্মীকি-প্রতিভা মঞ্চস্থ হয়।[146][148] এই নাটকে তিনি ঋষি বাল্মীকির ভূমিকায় অভিনয় করেছিলেন।[146][148] ১৮৮২ সালে রবীন্দ্রনাথ রামায়ণের উপাখ্যান অবলম্বনে কালমৃগয়া নামে আরও একটি গীতিনাট্য রচনা করেছিলেন।[146][148] এই নাটক মঞ্চায়নের সময় তিনি অন্ধমুনির ভূমিকায় অভিনয় করেছিলেন।[146][148],বিশ্ব কবি রবীন্দ্রনাথ ঠাকুরের প্রথম প্রকাশিত গীতিনাট্যের নাম কী ?,বাল্মীকি-প্রতিভা
bengali--3507388723554383156-22,কম্পিউটারের গঠন ও প্রচলন নীতির ভিত্তিতে একে তিন ভাগে ভাগ করা যায়।,গঠন ও প্রচলন নীতির ভিত্তি তে কম্পিউটারকে কয় ভাগে ভাগ করা হয় ?,তিন
bengali--2599633033082164373-7,"বস্তুত, কাগজ শব্দটি আরবী মূলক। এছাড়া দোয়াত, কলমও এজাতীয় আরবি শব্দ। সুতরাং কাগজ শব্দটি আরবি হলেও প্রাচীন হিন্দুরাজ্য সময়ে ভারতে কাগজের ব্যবহার ছিল এমনটা মনে করা হয়।[4]",কাগজ শব্দটি কোন ধরণের বাংলা শব্দ ?,আরবী মূলক
bengali--7737965918282520995-0,ঢাকা বিশ্ববিদ্যালয় বাংলাদেশের সবচেয়ে পুরানো বিশ্ববিদ্যালয়। এই বিশ্ববিদ্যালয় ১৯২১ সালে প্রতিষ্ঠিত হয়। বাংলাদেশের মোট উচ্চ শিক্ষিত জনগোষ্ঠির প্রায় ৭০%-ই এই বিশ্ববিদ্যালয়ের ছাত্র-ছাত্রী। প্রতিষ্ঠার পর থেকে এ যাবৎ ২৬ জন বিশিষ্ট শিক্ষাবিদ ঢাকা বিশ্ববিদ্যালয়ের উপাচার্যের দায়িত্ব পালন করেছেন। এই বিশ্ববিদ্যালয়ের বর্তমান উপাচার্য মো. আখতারুজ্জামান।,ঢাকা বিশ্ববিদ্যালয়ের বর্তমান উপাচার্য কে ?,মো. আখতারুজ্জামান
bengali--7463593158392254721-1,১৮২৮ সালের জনশ্রুতি অনুযায়ী ১৮২৫ সালে রংপুর জিলা স্কুলের কার্যক্রম শুরু হয়। ১৮৩২ সালে অখণ্ড বাংলার তৎকালীন গভর্নর লর্ড উইলিয়াম বেন্টিঙ্ক  জমিদার স্কুল’ নামে এ বিদ্যালয়ের ভিত্তিপ্রস্তর স্থাপন করেন। শুরুতে এই স্কুলের কার্যক্রম পরিচালিত হয় খড়ের তৈরি একটি আটচালা ঘরে (বর্তমান মূল ভবনের উত্তর-পূর্বে পুরাতন ইঁদারার কাছাকাছি এটি ছিল)। এই স্কুল সমগ্র ভারতবর্ষের অন্যতম প্রাচীন স্কুল।,ভারতবর্ষের প্রথম সরকারি স্কুলের নাম কী ?,রংপুর জিলা স্কুলের
bengali--1411962617204693630-13,"কয়েক প্রজাতির কোকিল মৌমাছিকে (Cuckoo bee) বাসা পরজীবী আখ্যা দেওয়া হলেও এরা আসলে ক্লিপ্টোপ্যারাসাইট, অর্থাৎ অন্যের বাসার খাবার পরোক্ষভাবে চুরি করে। এরা অন্য মৌমাছির বাসায় ডিম পেড়ে যায় আর এদের সন্তানরা পোষক মৌমাছির জমানো খাবার খায়; কিন্তু প্রত্যক্ষভাবে লালিত-পালিত হয় না। কয়েক প্রজাতির প্রজাপতির মধ্যেও বাসা পরজীবীতার প্রবণতা দেখা যায়। কোকিল মাছ (Synodontis multipunctata) নামের এক প্রজাতির মাছ বাসা পরজীবী।",একটি বাসা পরজীবী মাছের নাম কী ?,কোকিল মাছ
bengali--4241165809008521281-14,"১৯৯৫ সাল থেকে সিক্রেট ইন্টেলিজেন্স সার্ভিসের সদর দপ্তর লণ্ডনের টেম্‌স নদীর পাশে ৮৫ ভক্সহল ক্রসে অবস্থিত। ১৯৬৬-১৯৯৫ সাল পর্যন্ত পূর্ববর্তী সদর দপ্তর সেঞ্চুরি হাউস, ১০০ ওয়েস্টমিনিস্টার ব্রিজ রোড, ল্যাম্বেথে ছিল। তারপূর্বে এ ভবনের অবস্থান ছিল ১৯২৪-১৯৬৬ সাল পর্যন্ত লণ্ডনের ভিক্টোরিয়া স্ট্রীটে। যদিও সিক্রেট ইন্টেলিজেন্স সার্ভিস ব্রডওয়ে থেকে পরিচালিত হয়েছিল, প্রকৃতপক্ষে এটি পরিচালিত হতো সেন্ট জেমস স্ট্রিট থেকে।",সিক্রেট ইন্টেলিজেন্স সার্ভিস বা এমআই৬ সিক্রেট সংস্থাটির সদর দপ্তরটি কোথায় ?,লণ্ডনের টেম্‌স নদীর পাশে ৮৫ ভক্সহল ক্রসে
bengali-2387917170039930087-41,হাছন রাজা ৭ই ডিসেম্বর ১৯২২ সালে মৃত্যুবরণ করেন।[পাদটীকা 1]Banglapedia (First edition) says he died on 7 December.[9]The Daily Star says he died on 8 December.[10]</ref>,বাংলাদেশের মরমী কবি এবং বাউল শিল্পী অহিদুর রেজা বা দেওয়ান হাসন রাজা চৌধুরীর মৃত্যু কবে হয় ?,৭ই ডিসেম্বর ১৯২২ সালে
bengali--3973139015313228514-0,"আন্তর্জাতিক ক্রিকেট কাউন্সিলের চেয়ারম্যান বিশ্ব ক্রিকেট অঙ্গনের সর্বোচ্চ পরিচালনা পরিষদ আন্তর্জাতিক ক্রিকেট কাউন্সিলের (আইসিসি) সর্বোচ্চ স্থানীয় পদবীবিশেষ। ২০১৪ সালে আইসিসি’র ব্যবস্থাপনায় ব্যাপক রদ-বদল ঘটিয়ে ও পুণর্গঠনের মাধ্যমে এ পদ সৃষ্টি করা হয়।[1] আইসিসি পরিচালনা পরিষদের প্রধান হচ্ছেন একজন সভাপতি।[2] পূর্বে আইসিসি সভাপতি সংগঠনের প্রধান ছিলেন। কিন্তু ২০১৪ সালে ‘বিগ থ্রী’ নামে পরিচিত ইংল্যান্ড, ভারত ও অস্ট্রেলিয়া নিয়ন্ত্রণভার গ্রহণ করে গঠনতন্ত্রের পরিবর্তনের ফলে ব্যাপক অর্থে মূলতঃ সম্মানিত পদে পরিণত হয়েছে।[3] সাবেক বিসিসিআই সভাপতি এন. শ্রীনিবাসন ২৬ জুন, ২০১৪ তারিখে প্রথম চেয়ারম্যানরূপে দায়িত্বভার গ্রহণ করেন।[4] এরপর ২২ নভেম্বর, ২০১৫ তারিখ থেকে বিসিসিআইয়ের নতুন সভাপতি শশাঙ্ক মনোহর এ দায়িত্বে রয়েছেন।",আন্তর্জাতিক ক্রিকেট কাউন্সিলের বর্তমান (২০১৯) চেয়ারম্যান কে ?,শশাঙ্ক মনোহর
bengali-1388861201969112813-0,"বিজ্ঞান কল্পকাহিনী আধুনিক কল্পকাহিনীমূলক সাহিত্যের একটি বিশেষ ধারা, যাতে ভবিষ্যৎ বৈজ্ঞানিক বা প্রযুক্তিগত আবিষ্কার ও উদ্ভাবন এবং মানব সভ্যতাকে কেন্দ্র করে পটভূমি রচনা করা হয়। মানব সভ্যতা মধ্যযুগে থেকে আধুনিক যুগে প্রবেশের সময় যে বৈজ্ঞানিক বিপ্লবের সৃষ্টি হয় তার অনিবার্য ফসল ছিল বৈজ্ঞানিক কল্পকাহিনী। ইংরেজিতে একে “সাইন্স ফিকশন” বলা হয়। বাংলা ভাষায় প্রথম বৈজ্ঞানিক কল্পকাহিনী লেখা শুরু হয় ঊনবিংশ শতাব্দীতে। বাংলা বিজ্ঞান কল্পকাহিনী সাহিত্যের অগ্রদূত বলা যায় জগদানন্দ রায়কে; তিনি শুক্র ভ্রমণ নামক একটি জনপ্রিয় বই লিখেছিলেন। অন্যান্য লেখকদের মধ্যে লীলা মজুমদার, ক্ষিতীন্দ্রনারায়ন ভট্টাচার্য, প্রেমেন্দ্র মিত্র, সত্যজিত রায়, অদ্রীশ বর্দ্ধনের নাম প্রাসঙ্গিক।  বিজ্ঞানী জগদীশ চন্দ্র বসুও একটি কল্পবিজ্ঞান গল্প লিখেছেন 'পলাতক তুফান' নামে।",বাংলা বিজ্ঞান কল্পকাহিনীর প্রথম লেখক কে ?,জগদানন্দ রায়
bengali-3380148761627733010-0,"ইলিশ (বৈজ্ঞানিক নাম:Tenualosa ilisha) বাংলাদেশের জাতীয় মাছ। এটি একটি সামুদ্রিক মাছ, যা ডিম পাড়ার জন্য বাংলাদেশ ও পূর্ব ভারতের নদীতে আগমন করে। বাঙালিদের কাছে ইলিশ খুব জনপ্রিয়।  এ ছাড়াও ইলিশ খাদ্য হিসেবে ভারতের বিভিন্ন এলাকা যেমন, পশ্চিমবঙ্গ, উড়িষ্যা, ত্রিপুরা, আসামেও অত্যন্ত জনপ্রিয় একটি মাছ। ২০১৭-এ বাংলাদেশের ইলিশ মাছ ভৌগোলিক নির্দেশক বা জিআই পণ্য হিসেবে স্বীকৃতি পায় [1]",ইলিশ মাছের বিজ্ঞানসম্মত নাম কী ?,Tenualosa ilisha
bengali-6884155287601185096-48,"প্রাচীন মিশরিয় ভাষা উত্তর অফ্রোএশিয়াটিক ভাষাপরিবারের অন্তর্ভুক্ত, বারবার এবং সেমিটিক ভাষাগুলির নিকট সম্পর্কিত। সুমেরিয় ভাষার পর এই ভাষার ইতিহাস সবচেয়ে দীর্ঘ; ৩২০০ খ্রীষ্টপূর্বাব্দ হতে মধ্যযুগ পর্যন্ত এ ভাষা লিখা হত, কথ্য হিসেবে তার চেয়ে দীর্ঘসময় এ ভাষা টিকে ছিল। প্রাচীন মিশরীয় ভাষাকে কয়েকটি পর্যায়কালে ভাগ করা যায়: প্রাচীন, মধ্য (ধ্রূপদী মিশরিয়), পরবর্তী, ডেমোটিক ও কপটিক। কপটিকের পূর্বে মিশরিয় লেখনে উপভাষাগত পার্থক্য দেখা যায় না, তবে ধারণা করা হয় প্রথমে মেমফিস ও পরে থেবেসের উপভাষাই মান ভাষা ছিল।",প্রাচীন মিশরের প্রধান ভাষা কী ছিল ?,প্রাচীন মিশরিয় ভাষা
bengali-2855703607822460518-28,"প্রথম ডিজিটাল পরিচালিত এবং প্রোগ্রামযোগ্য রোবটটি ১৯৫৪ সালে জর্জ ডিভোল দ্বারা উদ্ভাবিত হয়েছিল এবং অবশেষে অ্যানিমেট নামে অভিহিত হয়েছিল। এটি পরে আধুনিক রোবোটিক্স শিল্পের ভিত্তি স্থাপন করে।দেভল  সালে জেনারেল মোটরসকে প্রথম অ্যানিমিট বিক্রি করে এবং ১৯৬১ সালে টেন্টন, নিউ জার্সি একটি প্ল্যান্টে একটি ডাই কার্টসিং মেশিন থেকে উত্তপ্ত টুকরো ধাতু উত্তোলন এবং তাদের স্ট্যাকে ইনস্টল করা হয়।  প্রথম ডিজিটাল চালিত প্রোগ্রামযোগ্য রোবোটিক আর্মের জন্য Devol এর পেটেন্ট আধুনিক রোবোটিক্স শিল্পের ভিত্তি প্রতিনিধিত্ব করে।",বিশ্বের প্রথম রোবোট কে বা কারা তৈরী করেন ?,জর্জ ডিভোল
bengali--6827610236987996069-0,"ক্যাম্ব্রিয়ান হল প্যালিওজোয়িক মহাযুগের প্রথম যুগ।[1] এর স্থায়ীত্ব ছিল  থেকে  কোটি বছর আগে পর্যন্ত এবং এর পরবর্তী যুগের নাম অর্ডোভিশিয়ান।[2] এর সূচনাকাল, সমাপ্তিকাল এবং উপবিভাগ সম্পর্কে স্পষ্ট কোনো নির্দেশিকা এখনও তৈরি করা যায়নি। অ্যাডাম সেজউইক প্রথম ""ক্যাম্ব্রিয়ান সিরিজ"" নাম দিয়ে যুগটিকে চিহ্নিত করেন।[1] এই নামকরণের কারণ হল ওয়েল্‌স অঞ্চল থেকে ব্রিটেনে অবস্থিত এই যুগের পাথর প্রথম আবিষ্কার হয়েছিল, আর ওয়েল্‌সের লাতিন নাম ক্যাম্ব্রিয়া।[3][4] ক্যাম্ব্রিয়ান যুগের পাথরের স্তরের স্বাতন্ত্র্য হল এর মধ্যস্থিত লাগাশ্‌টেটা পলিসঞ্চয়ের মাত্রাধিক্য। এই ধরণের পলিঘটিত পাথরে সুসংরক্ষিত জীবাশ্ম থাকে, যাতে জীবদেহের কঠিন খোলক প্রভৃতি অংশের সাথে সাথে অপেক্ষাকৃত নরম দেহাংশেরও সংরক্ষিত নমুনা পাওয়া যায়। এর ফলে ক্যাম্ব্রিয়ান যুগের জীবন সম্পর্কে মানুষের গবেষণার সুযোগ ও তা থেকে লব্ধ জ্ঞানের পরিমাণ পরবর্তী কোনো কোনো যুগের তুলনায় বেশি।[5]",প্যালিওজোয়িক মহাযুগের দ্বিতীয় যুগটির নাম কী ?,অর্ডোভিশিয়ান
bengali-7187858815891071077-1,"উসমানীয় সাম্রাজ্য ([دَوْلَتِ عَلِيّهٔ عُثمَانِیّه, Devlet-i Aliyye-i Osmâniyye]error: {{lang-xx}}: text has italic markup (help), আধুনিক তুর্কি: [Osmanlı İmparatorluğu বা Osmanlı Devleti]error: {{lang}}: text has italic markup (help)), ঐতিহাসিকভাবে তুর্কি সাম্রাজ্য বা তুরস্ক বলে পরিচিত, ছিল একটি ইসলামি সাম্রাজ্য। ১২৯৯ সালে অঘুজ তুর্কি বংশোদ্ভূত প্রথম উসমান উত্তরপশ্চিম আনাতোলিয়ার দ্বায়িত্ব পান সেলযুক সাম্রাজ্য কতৃক। প্রথম দিকে সেলযুক সাম্রাজ্যের প্রতি অনুগত থাকলেও সেলজুক সাম্রাজ্যের ক্রান্তিলগ্নে স্বাধীনতা ঘোষণা করেন। এবং ধীরে ধীরে একটি বৃহত সালতানাত প্রতিষ্ঠা করেন। তিনি সেলজুক রাজবংশের জামাতাও ছিলেন  [7] এবং প্রথম উসমানের মাতা হালিমে সুলতান ছিলেন সেলজুক শাহজাদা নুমান এর মেয়ে অর্থাৎ আর্তুগুলের স্ত্রী প্রথম মুরাদ কর্তৃক বলকান জয়ের মাধ্যমে উসমানীয় সাম্রাজ্য বহুমহাদেশীয় সাম্রাজ্য হয়ে উঠে এবং খিলাফতের দাবিদার হয়। ১৪৫৩ সালে সুলতান দ্বিতীয় মুহাম্মদের কনস্টান্টিনোপল জয় করার মাধ্যমে উসমানীয়রা বাইজেন্টাইন সাম্রাজ্য উচ্ছেদ করে। ১৫২৬ সালে হাঙ্গেরি জয়ের পর ইউরোপের বলকান অঞ্চল সমূহ নিয়ে বড় রাজ্য প্রতিষ্ঠা লাভ করে। [8][9][10]",প্রথম উসমানীয় সুলতানের নাম কী ?,প্রথম উসমান
bengali--6096974703484627468-4,মুইজউদ্দিন ১১৪৯ খ্রিষ্টাব্দে বর্তমান আফগানিস্তানের ঘুর অঞ্চলে জন্মগ্রহণ করেন। তার জন্মের প্রকৃত তারিখ অজ্ঞাত। তার বাবা প্রথম বাহাউদ্দিন সাম ছিলেন ঘুরের একজন স্থানীয় শাসক।[1] মুইজউদ্দিনের বড় ভাই ছিলেন গিয়াসউদ্দিন মুহাম্মাদ। জীবনের প্রথমদিকে তাদের চাচা আলাউদ্দিন হুসাইন তাদের দুজনকে বন্দী করেন। কিন্তু পরে তার ছেলে সাইফউদ্দিন মুহাম্মাদ তাদের মুক্তি দেন।[2] ১১৬৩ খ্রিষ্টাব্দে সাইফ মারা যাওয়ার পর ঘুরি অভিজাত ব্যক্তিরা গিয়াসউদ্দিনকে সমর্থন দেন এবং তার ক্ষমতালাভে সহায়তা করেন। গিয়াসউদ্দিন এরপর মুইজউদ্দিনকে ইসতিয়ান ও কাজুরানের শাসনভার দিয়েছিলেন। বেশ কয়েকজন ঘুরি নেতৃবৃন্দ সিংহাসনের দাবি নিয়ে প্রতিদ্বন্দ্বিতায় জড়িয়ে পড়লে তাদের পরাজিত করার জন্য মুইজউদ্দিন তার ভাই গিয়াসউদ্দিনকে সহায়তা করেন।,গিয়াসউদ্দিন মুহাম্মাদের বাবার নাম কি ছিল ?,প্রথম বাহাউদ্দিন সাম
bengali--7745662268738010333-11,"এই সব দাবির প্রেক্ষাপটে সমস্যা সমাধানের লক্ষে ১৯৩১ সালের ২ এপ্রিল কংগ্রেস কর্মসমিতি একটি সাত সদস্যের পতাকা সমিতি গঠন করে। ""পতাকায় ব্যবহৃত তিনটি রং নিয়ে আপত্তি আছে; কারণ এই রংগুলি সাম্প্রদায়িক ভিত্তিতে চিহ্নিত"" – এই মর্মে একটি প্রস্তাব পাস হয়। কিন্তু এই সকল অপ্রাতিষ্ঠিনিক আলাপ-আলোচনার ফলস্রুতিটি হয় অভাবনীয়। পতাকায় একটিমাত্র রং হলদেটে কমলা রাখা হয় এবং উপরের দণ্ডের দিকে চরকার চিত্র খচিত হয়। পতাকা সমিতি এই পতাকাটির প্রস্তাব রাখলেও, সমগ্র প্রকল্পে সাম্প্রদায়িক ভাবধারার প্রতিফলন ঘটেছে মনে করে, কংগ্রেস এই পতাকা গ্রহণ থেকে বিরত থাকে।   পরে ১৯৩১ সালের করাচি কংগ্রেস অধিবেশনে পতাকা সংক্রান্ত সর্বশেষ প্রস্তাবটি পাস হয়। পিঙ্গালি ভেঙ্কাইয়া অঙ্কিত একটি ত্রিবর্ণরঞ্জিত পতাকা গৃহীত হয়। এই পতাকায় আনুভূমিক গেরুয়া, সাদা ও সবুজের মধ্যস্থলে একটি চরকা খচিত ছিল। গেরুয়া ত্যাগ; সাদা সত্য ও শান্তি এবং সবুজ বিশ্বাস ও প্রগতির প্রতীক তথা চরকা ভারতের অর্থনৈতিক পুনরুজ্জীবন ও দেশবাসীর শ্রমশীলতার প্রতীক হিসেবে গৃহীত হয়।[4]",ভারতের জাতীয় পতাকার সবুজ রংটি কীসের প্রতীক ?,বিশ্বাস ও প্রগতির
bengali--3733853048821387502-3,"বর্ণকে উচ্চ থেকে নিম্ন তরঙ্গদৈর্ঘ্যে (বা নিম্ন থেকে উচ্চ কম্পাঙ্কে) অনুযায়ি সাজালে লাল, কমলা, হলুদ, সবুজ, নীল, ও বেগুনী এই ক্রম পাওয়া যায়।তরঙ্গদৈর্ঘ্যে সামান্য পার্থক্যও বর্ণ পাল্টে দিতে পারে; যেমন সবুজাভ নীল ও হলুদের মধ্যে তরঙ্গদৈর্ঘ্যের পার্থক্য হল ১ ন্যানমিটার। যদিও মানুষের চোখ এই পার্থক্য অনেক বড় পার্থক্যেই ধরতে পারে, যখন এই বর্ণালীগত রঙকে একসাথে মেশানো হয়, তখন ক্রোমাটিসিটি অনেক উচ্চ সংখ্যার হতে পারে।",তরঙ্গদৈর্ঘ্য অনুযায়ী কোন বর্ণের স্থান দ্বিতীয় স্থানে ?,কমলা
bengali--5808391741219758748-0,"শহীদ ধীরেন্দ্রনাথ দত্ত (২ নভেম্বর, ১৮৮৬ - ২৯ মার্চ, ১৯৭১)[1] একজন বাঙালি আইনজীবী সমাজকর্মী, ভাষা সৈনিক।[2] তার পরিচিতি মূলত একজন রাজনীতিবিদ হিসেবে। দেশ বিভাগের আগে ভারতীয় উপমহাদেশের ভারত অংশে এবং পরে পূর্ব পাকিস্তানে তিনি রাজনীতিবিদ হিসেবে সক্রিয় ছিলেন।[3]",শহীদ ধীরেন্দ্রনাথ দত্ত কত সালে জন্মগ্রহণ করেছিলেন ?,১৮৮৬
bengali--954934863110314741-0,"ব্ল্যাকবেরি বোল্ড (নামের কোড আনিক্স) টেলিযোগাযোগ কোম্পানি ব্ল্যাকবেরি, দ্বারা বিকশিত একটি স্মার্টফোন। যা পূর্বে ছিল রিসার্চ ইন মোশন (আর,আই,এম) নামে পরিচিত ছিল।বোল্ড সিরিজের দ্বিতীয় ডিভাইস মডেল ৯০০০ এর সাফল্যের পর, মডেল ৯৬৫০ এর পূর্বেকার।যাতে অপটিক্যাল ট্র্যাকপ্যাড ৯০০০ এর মধ্যেকার নানান পরিবর্তন, বিভিন্ন বৈশিষ্ট্য উন্নতকরণ ও আকার হ্রাস করা হয়েছে এটি ব্ল্যাকবেরি অপারেটিং সিস্টেম ব্যবহার করে।অন্যান্য বাহ্যিক পরিবর্তন করা হয় যতে নারী পুরুষ উভয়ের দৃষ্টি আকর্ষণ করে।",ব্ল্যাকবেরি বোল্ড সিরিজের প্রথম স্মার্টফোনটির নাম কী ?,রিসার্চ ইন মোশন
bengali--6454241841681747573-2,"হিন্দু শব্দটি এসেছে (পার্সিয়ান হয়ে) সংস্কৃত শব্দ সিন্ধু (ঐতিহাসিক স্থানীয় সিন্ধু নদী বা ইন্ডাস্ রিভার) থেকে। এর অবস্থান ছিল ভারতীয় উপমহাদেশের উত্তরপশ্চিম অংশে (বর্তমানে পাকিস্তান এবং উত্তর ভারতের অংশে)।[5][lower-alpha 1] গেবিন ফ্লাডের মতে, ""আসল পরিভাষা হিন্দু প্রথম দেওয়া হয় পার্সিয়ান ভৌগোলিক পরিভাষা থেকে যা দ্বারা সিন্ধু নদীর পাশে বসবাসকারী লোকেদের বোঝানো হত[5]। শব্দটি দিয়ে তখন ভৌগোলিক অবস্থান বোঝানো হত এবং এর দ্বারা কোন ধর্মকে বোঝানো হত না।[lower-alpha 2]",হিন্দু শব্দের উৎপত্তি কোন শব্দ থেকে ?,সংস্কৃত শব্দ সিন্ধু
bengali--3774512871679223679-15,"লালন কুষ্টিয়ার কুমারখালি উপজেলার ছেউড়িয়াতে একটি আখড়া তৈরি করেন, যেখানে তিনি তাঁর শিষ্যদের নীতি ও আধ্যাত্মিক শিক্ষা দিতেন। তাঁর শিষ্যরা তাঁকে “সাঁই’’ বলে সম্বোধন করতেন। তিনি প্রতি শীতকালে আখড়ায় একটি ভান্ডারা (মহোৎসব) আয়োজন করতেন। যেখানে সহস্রাধিক শিষ্য ও সম্প্রদায়ের লোক একত্রিত হতেন এবং সেখানে সংগীত ও আলোচনা হত। চট্টগ্রাম, রংপুর, যশোর এবং পশ্চিমে অনেক দূর পর্যন্ত বাংলার ভিন্ন ভিন্ন স্থানে বহুসংখ্যক লোক লালন ফকিরের শিষ্য ছিলেন; শোনা যায় তাঁর শিষ্যের সংখ্যা প্রায় দশ হাজারের বেশি ছিল।[13]",লালন সাঁই বা ফকির লালনের আখড়া কোথায় ছিল ?,কুষ্টিয়ার কুমারখালি উপজেলার ছেউড়িয়াতে
bengali--2856576533731689599-27,"ভারতের বৃহত্তম ধর্ম হিন্দুধর্মের প্রধান ধর্মগ্রন্থগুলিতে সমকামিতার সুস্পষ্ট উল্লেখ না থাকলেও, ধর্মগ্রন্থের কোনো কোনো ব্যাখ্যাকে সমকামিতার বিরোধী মনে করা হয়।[59] তবে ভারতের প্রধান ধর্মবিশ্বাসে সমকামিতার অবস্থান কোথায়, তা নিয়ে গবেষকদের মধ্যে দ্বিমত আছে। কেউ কেউ মনে করেন প্রাচীন হিন্দু সমাজে সমকামিতা শুধু প্রাসঙ্গিকই ছিল না, বরং তা গ্রহণীয়ও ছিল।[60] বর্তমানে ভারতে সমকামিতা বৈধতা পেয়েছে। [61] অতীতে  সমকামিতা ভারতীয় নাগরিক সমাজ ও সরকারের কাছে একটি নিষিদ্ধ বিষয় হিসেবে পরিচিত হলেও সম্প্রতি তা আইনি বৈধতা পেয়েছে । ভারতে সমকামিতা নিয়ে সাধারণ আলোচনার সুযোগ কম। যদিও সাম্প্রতিক বছরগুলিতে সমকামিতার প্রতি ভারতীয়দের মনোভাবে কিছু পরিবর্তন লক্ষিত হয়েছে। বিশেষত, ভারতের সংবাদমাধ্যম[62][63][64] ও বলিউডে[65] সমকামিতার প্রদর্শন ও তৎসংক্রান্ত আলোচনা বৃদ্ধি পেয়েছে। ২০০৯ সালের ২ জুলাই, দিল্লি হাইকোর্টের একটি রায়ে স্পষ্টত জানানো হয়েছে প্রাপ্তবয়স্কদের মধ্যে সম্মতিক্রমে সমকামিতার আচরণ অপরাধের আওতায় পড়ে না। এই রায়ে আরো বলা হয়েছে যে ভারতীয় দণ্ডবিধির ৩৭৭ ধারা ভারতীয় সংবিধানের মৌলিক অধিকার রক্ষা নীতির পরিপন্থী।[66] ২০১৩ সালের ১১ই ডিসেম্বর পুনরায় সমকামিতাকে অবৈধ ঘোষণা করে ভারতের সুপ্রিম কোর্ট।[67]",ভারতবর্ষে কোন সাল থেকে দুটি সমকামী লোকের বিবাহকে আইনী ভাবে বৈধ বলে ঘোষণা করা হয় ?,২০০৯ সালের ২ জুলাই
bengali--7488179106745368024-1,"সঙ্গীতের গতিকে লয় বলে। গতির তারতম্যের জন্য লয়কে তিন ভাগে ভাগ করা যায় - ১) ধীরগতির সঙ্গীতের জন্য বিলম্বিত লয়, ২) দ্রুতগতির সঙ্গীতের জন্য দ্রুত লয় এবং ৩) মধ্যগতির সঙ্গীতের জন্য মধ্য লয়। মধ্য লয় বিলম্বিত লয়ের দ্বিগুণ ও দ্রুত লয়ের অর্ধেক গতির হয়ে থাকে। মাত্রা সঙ্গীতের লয় বা গতির দুরত্ব মাপার জন্য ব্যবহৃত হয়। প্রত্যেকটি মাত্রার মধ্যবর্তী ব্যবধান সমান হয়। কয়েকটি ছন্দোবদ্ধ মাত্রার সমষ্টি দিয়ে তৈরী হয় একটি তাল।[1]",সংগীতে গতির তারতম্যের জন্য লয়কে কয়টি ভাগে ভাগ করা হয় ?,তিন
