id,source_id,pattern,context,question,right_answer,hallucinated_answer
bengali--2918201337969727173-3::inference,bengali--2918201337969727173-3,inference,"জাতীয়  সংসদ নির্বাচন এগিয়ে আসলে জিয়া বাংলাদেশ জাতীয়তাবাদী দল গঠন করেন। জাগদলকে বিএনপির সাথে একীভূত করা হয়। রাষ্ট্রপতি জিয়া এই দলের সমন্বয়ক ছিলেন এবং এই দলের প্রথম চেয়ারম্যানের দায়িত্ব পালন করেন। অধ্যাপক একিউএম বদরুদ্দোজা চৌধুরী এর প্রথম মহাসচিব ছিলেন। জিয়ার এই দলে বাম, ডান, মধ্যপন্থি সকল প্রকার লোক ছিলেন। বিএনপির সবচেয়ে প্রধান বৈশিষ্ট্য ছিল এর নিয়োগ পদ্ধতি। প্রায় ৪৫ শতাংশ সদস্য শুধুমাত্র রাজনীতিতে যে নতুন ছিলেন তাই নয়, তারা ছিলেন তরুণ। [4] ১৯৭৮ সালের ১ সেপ্টেম্বর বিকাল ৫টায় রমনা রেস্তোরাঁয় বাংলাদেশ জাতীয়তাবাদী দলের প্রতিষ্ঠাতা তৎকালীন রাষ্ট্রপতি জিয়াউর রহমান এক সংবাদ সম্মেলনে আনুষ্ঠানিক ঘোষণাপত্র পাঠের মাধ্যমে বাংলাদেশ জাতীয়তাবাদী দলের যাত্রা শুরু করেন। জনাকীর্ণ সংবাদ সম্মেলনে তিনি ঘোষণাপত্র পাঠ ছাড়াও প্রায় দুই ঘণ্টা সাংবাদিকদের বিভিন্ন প্রশ্নের জবাব দেন। সংবাদ সম্মেলনে নতুন দলের আহ্বায়ক কমিটির চেয়ারম্যান হিসেবে তিনি প্রথমে ১৮ জন সদস্যের নাম এবং ১৯ সেপ্টেম্বর ওই ১৮ জনসহ ৭৬ সদস্য বিশিষ্ট আহ্বায়ক কমিটি ঘোষণা করেন। এখানে উল্লেখ্য, বিএনপি গঠন করার আগে জাতীয়তাবাদী গণতান্ত্রিক দল (জাগদল) নামে আরেকটি দল তৎকালীন উপ-রাষ্ট্রপতি বিচারপতি আবদুস সাত্তারকে সভাপতি করে গঠিত হয়েছিল। ২৮ আগস্ট ১৯৭৮ সালে নতুন দল গঠন করার লক্ষ্যে জাগদলের বর্ধিত সভায় ওই দলটি বিলুপ্ত ঘোষণার মাধ্যমে দলের এবং এর অঙ্গ সংগঠনের সকল সদস্য জিয়াউর রহমান ঘোষিত নতুন দলে যোগদানের সিদ্ধান্ত নেওয়া হয়।",বাংলাদেশ জাতীয়তাবাদী দলের সর্বপ্রথম চেয়ারম্যান কে ছিলেন ?,জিয়া,বাংলাদেশ জাতীয়তাবাদী দলের সর্বপ্রথম চেয়ারম্যান ছিলেন বিচারপতি আবদুস সাত্তার।
bengali--2120653920804032560-13::inference,bengali--2120653920804032560-13,inference,"ডান|থাম্ব|300x300পিক্সেল| Altai Tavan Bogd National Park, মঙ্গোলিয়া.তে কাজাখ ঈগলশিকারী কাজাখ ভাষা তুর্কী ভাষা পরিবার -এর একটি সদস্য ভাষা যেমন, উজবেক, কিরগিজ, তাতার, উইগুর, তুর্কী, আজেরী, তুর্কমেন এবং আরো কিছু ভাষা যেগুলি পূর্ব ইউরোপ, মধ্য এশিয়া, সিঞ্চিয়াং ও সাইবেরিয়াতে ব্যবহৃত হয় এগুলির মতই।",কাজাখ জাতির অধিবাসীদের ভাষা কী ?,কাজাখ,কাজাখ জাতির অধিবাসীদের ভাষা হলো তুর্কী।
bengali--1133206861754868399-0::inference,bengali--1133206861754868399-0,inference,"সুই সম্রাট ওয়েন (隋文帝; ২১ জুলাই, ৫৪১ – ১৩ আগস্ট, ৬০৪) ছিলেন চীনের সুই সাম্রাজ্যের (৫৮১ – ৬১৮) প্রতিষ্ঠাতা ও প্রথম সম্রাট। তার পারিবারিক নাম ছিল ইয়াং জিয়ান, সিয়ানবেই নাম পালিউরু জিয়ান, এবং ডাকনাম নালুওইয়ান। তিনি বৌদ্ধ ধর্মের অনুসারী ছিলেন এবং তার সাম্রাজ্যে বৌদ্ধ ধর্ম প্রচারের জন্য কাজ করেন।[2] জিন সাম্রাজ্য সময়কালের পর চীনকে পুনরায় একত্রিত করার জন্য তাকে চীনের ইতিহাসের একজন গুরুত্বপূর্ণ শাসক বলে অভিহিত করা হয়। তার শাসনামলে চীনের মহাপ্রাচীর বর্ধিতকরণের কাজ করা হয় এবং গ্র্যান্ড খাল খনন করা হয়।[3]",সুই সাম্রাজ্যের প্রথম সম্রাট কে ছিলেন ?,সুই সম্রাট ওয়েন,সুই সম্রাট ইয়াং জিয়ান
bengali--8878834667713983067-0::comprehension,bengali--8878834667713983067-0,comprehension,"বিশ্বজনীন অবস্থান-নির্ণায়ক ব্যবস্থা, যাকে মূল ইংরেজিতে Global Positioning System (গ্লোবাল পজিশনিং সিস্টেম) ও সংক্ষেপে GPS (জিপিএস) নামে ডাকা হয়, মার্কিন যুক্তরাষ্ট্রের প্রতিরক্ষা মন্ত্রণালয় কর্তৃক ১৯৭০-এর দশকের শুরুর দিকে উদ্ভাবিত একটি প্রযুক্তি।[1] প্রথম দিকে এর প্রয়োগ ছিল পুরোপুরি সামরিক। পরে জনসাধারণের নিমিত্তে এর ব্যবহার উন্মুক্ত করা হয়। এটি একটি কৃত্রিম উপগ্রহভিত্তিক যোগাযোগ ব্যবস্থা। যেকোন আবহাওয়াতে পৃথিবী যেকোনো চলমান অবস্থান আর সময়ের তথ্য সরবরাহ করাটা এর মূল কাজ। জিপিএস এক ধরনের একমুখী ব্যবস্থা কারণ ব্যবহারকারীগণ উপগ্রহ প্রেরিত সঙ্কেত শুধুমাত্র গ্রহণ করতে পারে।",বিশ্বজনীন অবস্থান-নির্ণায়ক ব্যবস্থা প্রথম কোথায় চালু হয় ?,১৯৭০-এর দশকের শুরুর দিকে,মার্কিন যুক্তরাষ্ট্রের প্রতিরক্ষা মন্ত্রণালয়ে প্রথম চালু হয়।
bengali--3051071168921438198-0::comprehension,bengali--3051071168921438198-0,comprehension,"বাংলাদেশের স্বাধীনতাযুদ্ধের ভাস্কর্য নির্মিত হয়েছিল বাংলাদেশের স্বাধীনতাযুদ্ধের রক্তক্ষয়ী সংগ্রামের স্মৃতিকে লালন করার জন্য এবং পরবর্তি প্রজন্মের কাছে স্বাধীনতার চেতনাকে প্রবাহিত করার জন্য। স্বাধীনতাযুদ্ধ স্মরণে নির্মিত এসব ভাস্কর্য রাজধানী শহর ছাড়িয়ে দেশের সর্বত্রই প্রায় রয়েছে। এমনকি বাংলাদেশের বাইরে, বাঙালি অধ্যুষিত অঞ্চলেও রয়েছে স্বাধীনতাযুদ্ধের এসব ভাস্কর্য।",বাংলাদেশের স্বাধীনতাযুদ্ধের ভাস্কর্য বাংলাদেশের কোথায় নির্মিত হয়েছিল ?,রাজধানী শহর ছাড়িয়ে দেশের সর্বত্রই প্রায়,ঢাকার কেন্দ্রীয় শহীদ মিনারে প্রধানত নির্মিত হয়েছিল
bengali-5118137145175085108-0::specificity,bengali-5118137145175085108-0,specificity,"ভগিনী নিবেদিতা  (ইংরেজি: Sister Nivedita) (Bengali pronunciation:[sister niːbediːt̪aː] ) (জন্ম মার্গারেট এলিজাবেথ নোবেল' (ইংরেজি: Margaret Elizabeth Noble)[1]; ২৮ অক্টোবর, ১৮৬৭ – ১৩ অক্টোবর, ১৯১১)[2][3] ছিলেন একজন অ্যাংলো-আইরিশ বংশোদ্ভুত সমাজকর্মী, লেখিকা, শিক্ষিকা এবং স্বামী বিবেকানন্দের শিষ্যা।[4][5] ১৮৯৫ সালে লন্ডন শহরে তিনি স্বামী বিবেকানন্দের সাক্ষাৎ পান এবং ১৮৯৮ সালে ভারতে চলে আসেন। একই বছর ২৫ মার্চ তিনি ব্রহ্মচর্য গ্রহণ করলে স্বামী বিবেকানন্দ তাঁর নামকরণ করেন ""নিবেদিতা""।",ভগিনী নিবেদিতা কোন সালে প্রথম ভারতবর্ষে আসেন ?,১৮৯৮,ভগিনী নিবেদিতা প্রথম ভারতবর্ষে আসেন উনিশ শতকের শেষভাগে।
bengali--2856576533731689599-27::factualness,bengali--2856576533731689599-27,factualness,"ভারতের বৃহত্তম ধর্ম হিন্দুধর্মের প্রধান ধর্মগ্রন্থগুলিতে সমকামিতার সুস্পষ্ট উল্লেখ না থাকলেও, ধর্মগ্রন্থের কোনো কোনো ব্যাখ্যাকে সমকামিতার বিরোধী মনে করা হয়।[59] তবে ভারতের প্রধান ধর্মবিশ্বাসে সমকামিতার অবস্থান কোথায়, তা নিয়ে গবেষকদের মধ্যে দ্বিমত আছে। কেউ কেউ মনে করেন প্রাচীন হিন্দু সমাজে সমকামিতা শুধু প্রাসঙ্গিকই ছিল না, বরং তা গ্রহণীয়ও ছিল।[60] বর্তমানে ভারতে সমকামিতা বৈধতা পেয়েছে। [61] অতীতে  সমকামিতা ভারতীয় নাগরিক সমাজ ও সরকারের কাছে একটি নিষিদ্ধ বিষয় হিসেবে পরিচিত হলেও সম্প্রতি তা আইনি বৈধতা পেয়েছে । ভারতে সমকামিতা নিয়ে সাধারণ আলোচনার সুযোগ কম। যদিও সাম্প্রতিক বছরগুলিতে সমকামিতার প্রতি ভারতীয়দের মনোভাবে কিছু পরিবর্তন লক্ষিত হয়েছে। বিশেষত, ভারতের সংবাদমাধ্যম[62][63][64] ও বলিউডে[65] সমকামিতার প্রদর্শন ও তৎসংক্রান্ত আলোচনা বৃদ্ধি পেয়েছে। ২০০৯ সালের ২ জুলাই, দিল্লি হাইকোর্টের একটি রায়ে স্পষ্টত জানানো হয়েছে প্রাপ্তবয়স্কদের মধ্যে সম্মতিক্রমে সমকামিতার আচরণ অপরাধের আওতায় পড়ে না। এই রায়ে আরো বলা হয়েছে যে ভারতীয় দণ্ডবিধির ৩৭৭ ধারা ভারতীয় সংবিধানের মৌলিক অধিকার রক্ষা নীতির পরিপন্থী।[66] ২০১৩ সালের ১১ই ডিসেম্বর পুনরায় সমকামিতাকে অবৈধ ঘোষণা করে ভারতের সুপ্রিম কোর্ট।[67]",ভারতবর্ষে কোন সাল থেকে দুটি সমকামী লোকের বিবাহকে আইনী ভাবে বৈধ বলে ঘোষণা করা হয় ?,২০০৯ সালের ২ জুলাই,২০১১ সালের ১৫ আগস্ট থেকে ভারতে দুটি সমকামী মানুষের বিবাহ আইনিভাবে বৈধ ঘোষণা করা হয়।
bengali--622926988234538194-4::inference,bengali--622926988234538194-4,inference,"""বনলতা সেন"" কবিতাটি প্রথম প্রকাশ করেছিলেন কবি বুদ্ধদেব বসু তাঁর কবিতা পত্রিকায়। ১৯৩৫ খ্রিষ্টাব্দের ডিসেম্বরে প্রকাশিত কবিতার পৌষ, ১৩৪২ সংখ্যার মাধ্যমে বনলতা সেন সর্বপ্রথম পাঠকের হাতে এসে পৌঁছায়। জীবনানন্দ দাশ বাংলা ১৩৪৯, ইংরেজি ডিসেম্বর ১৯৪২ খ্রিষ্টাব্দে প্রকাশিত তাঁর বনলতা সেন নামক তৃতীয় কাব্যগ্রন্থে কবিতাটি অন্তর্ভুক্ত করেন। কবিতা-ভবন কর্তৃক প্রকাশিত ""এক পয়সায় একটি"" গ্রন্থমালার অন্তর্ভুক্ত হিসেবে। প্রকাশক ছিলেন জীবনানন্দ দাশ নিজেই। ১৬ পৃষ্ঠার প্রথম সংস্করণে কবিতা ছিল মোট ১২টি। প্রথম সংস্করণের প্রচ্ছদ করেছিলেন শম্ভু সাহা।[1] পরবর্তীকালে জীবনানন্দ দাশ ১৯৪৪ এ প্রকাশিত তাঁর চতুর্থ কাব্য মহাপৃথিবীতে উক্ত বনলতা সেন কাব্যগ্রন্থের সকল কবিতাই অন্তর্ভুক্ত করেছিলেন। অর্থাৎ ‘‘মহাপৃথিবী’’ কাব্যগ্রন্থেরও প্রথম কবিতা ছিল ’বনলতা সেন’।","জীবনানন্দ দাশ রচিত ""বনলতা সেন"" কবিতাটি কোন সালে প্রথম প্রকাশিত হয় ?",১৯৩৫,১৯৪২ সালে প্রথম প্রকাশিত হয়।
bengali-1638855418388935684-0::factualness,bengali-1638855418388935684-0,factualness,"স্টিভ জবস (পুরোনাম: স্টিভেন পল জবস) (English: Steven Paul ""Steve"" Jobs) (জন্ম ফেব্রুয়ারি ২৪, ১৯৫৫, মৃত্যু ৫ অক্টোবর ২০১১)[10][11] যুক্তরাষ্ট্রের একজন উদ্যোক্তা ও প্রযুক্তি উদ্ভাবক। তাকে পার্সোনাল কম্পিউটার বিপ্লবের পথিকৃৎ বলা হয়। তিনি স্টিভ ওজনিয়াক এবং রোনাল্ড ওয়েন -এর সাথে ১৯৭৬ খ্রিস্টাব্দে ""অ্যাপল কম্পিউটার"" প্রতিষ্ঠা করেন। তিনি অ্যাপল ইনকর্পোরেশনের প্রতিষ্ঠাতাদের অন্যতম ও সাবেক প্রধান নির্বাহী কর্মকর্তা। তিনি ""পিক্সার এ্যানিমেশন স্টুডিওস""-এরও প্রতিষ্ঠাতাদের অন্যতম ও সাবেক প্রধান নির্বাহী কর্মকর্তা। ১৯৮৫ সালে অ্যাপল ইনকর্পোরেশনের ""বোর্ড অব ডিরেক্টর্সের"" সদস্যদের সাথে বিরোধে জড়িয়ে তিনি অ্যাপল ইনকর্পোরেশনের থেকে পদত্যাগ করেন এবং নেক্সট কম্পিউটার প্রতিষ্ঠা করেন। ১৯৯৬ সালে অ্যাপল কম্পিউটার নেক্সট কম্পিউটারকে কিনে নিলে তিনি অ্যাপলে ফিরে আসেন। তিনি ১৯৯৫ সালে টয় স্টোরি নামের অ্যানিমেটেড চলচ্চিত্র প্রযোজনা করেন।",অ্যাপল ইনকর্পোরেটেডের প্রতিষ্ঠাতা কে ?,স্টিভ ওজনিয়াক এবং রোনাল্ড ওয়েন,স্টিভ জবস এবং জন স্কালি
bengali-5091763437915482713-4::inference,bengali-5091763437915482713-4,inference,পরমাণুর ক্ষুদ্রতম কণিকা ইলেকট্রন।১৮৯৭ খ্রিষ্টাব্দে স্যার জে. জে. থমসন সর্বপ্রথম ইলেকট্রনের অস্তিত্ব আবিষ্কার করেন। একটি ইলেকট্রনের আসল ভর অতি সামান্য 9.1085×10−28g। ইলেকট্রনের আধান -1.6×10−19 কুলম্ব । ইলেকট্রন নিউক্লিয়াসের চারদিকে ঘুর্ণায়মান। ইলেকট্রনকে সাধারণত e প্রতীক দ্বারা প্রকাশ করা হয়ে থাকে ।,পরমাণুর ক্ষুদ্রতম কণিকার নাম কী ?,ইলেকট্রন,পরমাণুর ক্ষুদ্রতম কণিকার নাম প্রোটন।
bengali-6681403982104856121-1::comprehension,bengali-6681403982104856121-1,comprehension,"মতিউর রহমান ১৯৪১ সালের ২৯ অক্টোবর পুরান ঢাকার ১০৯, আগা সাদেক রোডের ""মোবারক লজ""-এ জন্মগ্রহণ করেন। তার পৈতৃক নিবাস নরসিংদী জেলার রায়পুরা থানার রামনগর গ্রামে। যা এখন মতিনগর নামে পরিচিত।  ৯ ভাই ও ২ বোনের মধ্যে তিনি ছিলেন ৬ষ্ঠ। তাঁর বাবা মৌলভী আবদুস সামাদ, মা সৈয়দা মোবারকুন্নেসা খাতুন। ঢাকা কলেজিয়েট স্কুল থেকে ষষ্ঠ শ্রেণী পাস করার পর সারগোদায় পাকিস্তান বিমান বাহিনী পাবলিক স্কুলে ভর্তি হন। ডিস্টিংকশনসহ মেট্রিক পরীক্ষায় সাফল্যের সাথে প্রথম বিভাগে উত্তীর্ণ হন।",বীরশ্রেষ্ঠ ফ্লাইট লেফটেন্যান্ট মতিউর রহমানের বাবার নাম কী ?,মৌলভী আবদুস সামাদ,সৈয়দা মোবারকুন্নেসা খাতুন
bengali--1831213595878006436-0::factualness,bengali--1831213595878006436-0,factualness,ই-ইঙ্ক বা ইলেক্ট্রোফোরেটিক ইঙ্ক এক ধরনের ইলেক্ট্রনিক কাগজ বা পর্দা যা ই ইঙ্ক কর্পোরেশন নামক একটি প্রতিষ্ঠান কর্তৃক শিল্পজাতকৃত। এমআইটি মিডিয়া ল্যাব সর্বপ্রথম ই-ইঙ্ক প্রযুক্তি নিয়ে গবেষণা শুরু করে। পরবর্তীতে ১৯৯৭ সালে এমআইটির ই-ইঙ্ক গবেষণা প্রকল্পের উপর ভিক্তি করে ই ইঙ্ক কর্পোরেশন প্রতিষ্ঠিত হয়। ১৯৯৬ সালের এক পেটেন্ট অণুযায়ী জোসেফ জ্যাকবসন এবং ব্যারেট কমিস্কিকে ই-ইঙ্ক প্রযুক্তির উদ্ভাবক হিসেবে স্বীকৃতি দেয়া হয়েছে।[1],ই ইঙ্ক কর্পোরেশনের প্রতিষ্ঠাতা কে ?,জোসেফ জ্যাকবসন এবং ব্যারেট কমিস্কি,জেরোম উইসনার এবং নিকোলাস নেগ্রোপন্তে
bengali-3388903986057254256-1::specificity,bengali-3388903986057254256-1,specificity,আলচি বৌদ্ধবিহারের প্রতিষ্ঠাতা হিসেবে রিন-ছেন-ব্জাং-পো (জীবনকাল: ৯৫৮-১০৫৫) নামক বিখ্যাত তিব্বতী বৌদ্ধ পন্ডিতের উল্লেখ করা হয়। কিন্তু রজার গোয়েপ্পার এই বিহারের সবচেয়ে পুরাতন ভবনগুলির মধ্য অন্যতম গ্সুম-ব্র্তসেগ্স মন্দিরটি ত্রয়োদশ শতাব্দীর প্রথম চতুর্থাংশে নির্মিত হয়েছিল বলে হিসেব করেছেন। এই মন্দিরের তৃতীয় তলার প্রবেশদ্বারের দেওয়ালে 'ব্রি-কুং-ব্কা'-ব্র্গ্যুদ ধর্মসম্প্রদায়ের যোগীদের চিত্রে এই ধর্মসম্প্রদায়ের প্রতিষ্ঠাতা 'জিগ-র্তেন-ম্গোন-পো-রিন-ছেন-দ্পালের (জীবনকাল: ১১৪৩-১২১৭) চিত্র শেষে আঁকা হয়েছে বলে মনে করা হয় যে এই মন্দির 'জিগ-র্তেন-ম্গোন-পো-রিন-ছেন-দ্পালের মৃত্যুর পর ত্রয়োদশ শতাব্দীর শুরুতে নির্মিত হয়েছে।[4]:৭৩[5][6] এই সময় আলচি সহ নিম্ন লাদাখ মধ্য তিব্বতের 'ব্রো নামক পরিবারগোষ্ঠীর শাসনাধীন ছিল।,আলচি বৌদ্ধবিহারের প্রতিষ্ঠাতা কে ?,রিন-ছেন-ব্জাং-পো,আলচি বৌদ্ধবিহারের প্রতিষ্ঠাতা ছিলেন ত্রয়োদশ শতাব্দীর ব্রো পরিবার।
bengali-9180741355773022793-4::specificity,bengali-9180741355773022793-4,specificity,"অ্যানড্রয়েড ইনকর্পোরেট প্রতিষ্ঠা হয়েছিল ২০০৩ সালের অক্টোবরে পালো আল্টো, ক্যালিফোর্নিয়ায়, প্রতিষ্ঠাতা অ্যান্ডি রুবিন (ডেন্জারের সহ-প্রতিষ্ঠাতা)[22], রিচ মাইনার(ওয়াইল্ডফায়ার কমউনিকেশনস, ইনকর্পোরেটেডের সহ প্রতিষ্ঠাতা)[23], নিক সিয়ারস (টি-মোবাইলের সাবেক ভাইস প্রেসিডেন্ট)[24] নিক সিয়ারস (টি-মোবাইলের প্রাক্তন ভাইস প্রেসিডেন্ট)এবং ক্রিস হোয়াইট (ওয়েবটিভি’র ডিজাইন এবং ইন্টারফেস প্রধান)[25]। যেহেতু তারা বিভিন্ন প্রতিষ্ঠানে নিয়োজিত ছিলেন তাই অ্যানড্রয়েডের কার্যক্রম চলতো অনেকটা গোপনে। প্রতিষ্ঠান থেকে এটা বলা হত যে তারা শুধু মোবাইলের একটি সফটওয়্যারের উপর কাজ করছেন। কোম্পানির প্রাথমিক উদ্দেশ্য ছিলো ডিজিটাল ক্যামেরার জন্য একটি উন্নত মানের অপারেটিং সিস্টেম তৈরী করা। যদিও পরে তারা বুঝতে পারেন ডিভাইসটির বাজার তত বড় নয়। তাই কোম্পানিটি মনোযোগ দেয় স্মার্টফোন অপারেটিং সিস্টেম তৈরীর উপর। উদ্দেশ্য ছিলো এটি সিমবিয়ান এবং মাইক্রোসফটের উইন্ডোজ মোবাইল মোবাইল অপারেটিং সিস্টেমগুলোর সাথে পাল্লা দেবে।[26] অ্যানড্রয়েড ইনকর্পোরেটেড লুকিয়ে পরিচালনা করা হত, কিন্তু সবাইকে বলতো তারা মোবাইল সফটওয়্যারের উপর কাজ করছে।[27] একই বছরে রুবিনের টাকা ফুরিয়ে যায়। স্টিভ পার্লম্যান,  রুবিনের কাছের বন্ধু, তার জন্য ১০,০০০ ডলার নগদ একটি খামে রেখে দেয় এবং কোম্পানির ঝুঁকি নিতে অস্বীকার করে।[27][28]",আইওএস মোবাইল অপারেটিং সিস্টেমটি কবে চালু হয় ?,২০০৩ সালে,আইওএস মোবাইল অপারেটিং সিস্টেমটি ২০০৩ সালের অক্টোবরে পালো আল্টোতে চালু হয়।
bengali-8394231526456964839-1::specificity,bengali-8394231526456964839-1,specificity,মহিউদ্দিন জাহাঙ্গীর ১৯৪৯ সালের ৭ মার্চ বরিশাল জেলার বাবুগঞ্জ উপজেলার রহিমগঞ্জ গ্রামে জন্মগ্রহণ করেন। তাঁর পিতা আব্দুল মোতালেব হাওলাদার ছিলেন কৃষক এবং মা সাফিয়া বেগম ছিলেন গৃহিণী। মহিউদ্দিনরা তিন বোন তিন ভাই।[2] দাদা আব্দুর রহিম হাওলাদার ছিলেন প্রতাপশালী ব্যক্তি। পিতার আর্থিক দৈন্যতার কারণে মাত্র সাড়ে তিন বছর বয়সে মামার বাড়ি মুলাদি উপজেলার পাতারচর গ্রামে যান জাহাঙ্গীর। পাতারচর সরকারি প্রাথমিক বিদ্যালয়ে ১৯৫৩ সালে তাঁর শিক্ষাজীবনের সূচনা হয়। মুলাদি মাহমুদ জান পাইলট উচ্চ বিদ্যালয় থেকে ১৯৬৪ সালে বিজ্ঞান বিভাগে ম্যাট্রিকুলেশন পাস করেন। ১৯৬৬ তে তিনি বরিশাল বি.এম (ব্রজমোহন) কলেজ থেকে উচ্চ মাধ্যমিক পাশ করেন।[3],বাংলাদেশের শহীদ মুক্তিযোদ্ধা মহিউদ্দিন জাহাঙ্গীরের বাবার নাম কী ?,আব্দুল মোতালেব হাওলাদার,মহিউদ্দিন জাহাঙ্গীরের বাবার নাম সম্ভবত মোতালেব হাওলাদার।
bengali-2005469134674641797-1::specificity,bengali-2005469134674641797-1,specificity,রাঙ্গামাটি জেলার মোট আয়তন ৬১১৬.১৩ বর্গ কিলোমিটার।[1] এটি বাংলাদেশের বৃহত্তম জেলা।,পার্বত্য জেলা রাঙ্গামাটি শহরে মোট আয়তন কত ?,৬১১৬.১৩ বর্গ কিলোমিটার,রাঙ্গামাটি শহরের মোট আয়তন প্রায় ৩২৫ বর্গ কিলোমিটার।
bengali-2658236964036018978-3::comprehension,bengali-2658236964036018978-3,comprehension,"দৃশ্যমান আলো বর্ণালী বাদ দিলে তড়িৎচৌম্বক বর্ণালী প্রথম আবিষ্কার করেন উইলিয়াম হার্শেল। তিনি ১৮০০ সালে অবলোহিত বিকিরণ (ইনফ্রারেড) আবিষ্কার করেন [4] । প্রিজম দ্বারা বিচ্ছুরিত আলোক বর্ণালীর বিভিন্ন বর্ণের তাপমাত্রা তিনি থার্মোমিটার দিয়ে পর্যবেক্ষ্ণ করছিলেন। সেই সময় তিনি লক্ষ করেন, বর্ণালীতে তাপমাত্রা সর্বাধিক হয় দৃশ্যমান লাল বর্ণ অতিক্রম করে। তিনি এই সিদ্ধান্তে উপনীত হন যে, তাপমাত্রা পরিবর্তনের কারণ হল ""ক্যালোরিফিক রে"" বা ""তাপ উৎপাদনকারী তরঙ্গ"" - যা আলোর ন্যায় একপ্রকার তরঙ্গ, কিন্তু দেখা যায় না।",তড়িৎচৌম্বক বর্ণালী প্রথম আবিষ্কার করেছিলেন কে ?,উইলিয়াম হার্শেল,জেমস ক্লার্ক ম্যাক্সওয়েল
bengali--8638982311668751103-0::inference,bengali--8638982311668751103-0,inference,"ত্রিভুবন আন্তর্জাতিক বিমানবন্দর (Nepali: त्रिभुवन अन्तर्राष्ट्रिय विमानस्थल, IATA: KTM, ICAO: VNKT) নেপালের কাঠমান্ডুতে অবস্থিত আন্তর্জাতিক বিমানবন্দর। এটি শহরের কেন্দ্রস্থল থেকে ছয় কিলোমিটার দুরে কাঠমান্ডু উপত্যকায় অবস্থিত। এটি নেপালের একমাত্র আন্তর্জাতিক বিমানবন্দর এবং ১৯৪৯ সাল থেকে একটি বিমানঘাঁটি হিসেবে কাজ করেছে। এটি রাজা মহেন্দ্র ১৯৫৫ সালে উদ্বোধন করেন এবং ১৯৬৪ সালে বর্তমান নামে পরিচিত হয়। শুরুতে এটি ঘাসের রানওয়ে ছিল, ১৯৫৭ সালে কংক্রিটের আস্তারন স্থাপন করা হয় এবং বেশ কয়েকবার সম্প্রসারণ করা হয়। ত্রিভুবনে প্রথম জেট বিমান নামে ১৯৬৭ সালে এবং জেট বিমান নিয়মিত পরিচালনা শুরু হয় ১৯৭২ সালে।",ত্রিভুবন আন্তর্জাতিক বিমানবন্দরটির উদ্ভোধন কে করেন ?,রাজা মহেন্দ্র,ত্রিভুবন আন্তর্জাতিক বিমানবন্দরটির উদ্বোধন করেন রাজা ত্রিভুবন।
bengali-1723011166667196429-2::specificity,bengali-1723011166667196429-2,specificity,হালাকু খান ছিলেন চেঙ্গিস খানের অন্যতম পুত্র তোলুইয়ের সন্তান। তার মা সোরগাগতানি বেকি ছিলেন একজন প্রভাবশালী কেরাইত শাহজাদি। সোরগাগতানি ছিলেন একজন নেস্টরিয়ান খ্রিষ্টান। হালাকু খানের স্ত্রী দকুজ খাতুন এবং তার ঘনিষ্ট বন্ধু ও সেনাপতি কিতবুকাও খ্রিষ্টান ছিলেন। মৃত্যুর আগমুহূর্তে হালাকু খান বৌদ্ধধর্ম গ্রহণ করেছিলেন বলে জানা যায়।[1][2] কয়য়ে বৌদ্ধ মন্দির নির্মাণ থেকে বৌদ্ধধর্মে তার আগ্রহের প্রমাণ পাওয়া যায়।[3],হালাকু খানের স্ত্রীর নাম কি ছিল ?,দকুজ খাতুন,সোরগাগতানি বেকি ছিলেন তার স্ত্রী।
bengali-1411582546196272359-27::comprehension,bengali-1411582546196272359-27,comprehension,"তুরস্কের জনসংখ্যা প্রায় সাত কোটি ১৫ লাখ।[68] দেশটির জন্মহার গড়ে ১ দশমিক ৩১।[69] প্রতি বর্গকিলোমিটারে এর জনসংখ্যা ৯২ জন। এর মধ্যে শহরে বসবাস করে ৭০ দশমিক ৫ জন। ১৫ থেকে ৬৪ বছর বয়সী লোক রয়েছে ৬৬ দশমিক ৫ শতাংশ। শূন্য থেকে ১৪ বছরে বয়সী লোকের সংখ্যা ২৬ দশমিক ৪ শতাংশ। ৬৫ বছরের বেশি বয়সী লোকের সংখ্যা ৭ দশমিক ১ শতাংশ।[70] সিআইএ ফ্যাক্টবুক অনুসারে তুর্কি পুরুষের গড় আয়ু ৭০ দশমিক ৬৭ বছর ও মহিলাদের গড় আয়ু ৭৫ দশমিক ৭৩ বছর। মোট জনসংখ্যার গড় আয়ু ৭৩ দশমিক ১৪ বছর। ৬ থেকে ১৫ বছর বয়সী শিশুদের জন্য শিক্ষা বাধ্যতামূলক ও অবৈতনিক। শিক্ষার হার পুরুষের ৯৫ দশমিক ৩ শতাংশ ও নারীদের ৭৯ দশমিক ৬ শতাংশ। গড় শিক্ষার হার ৮৭ দশমিক ৪ শতাংশ।[71] তুর্কি সংবিধানের ৬৬ নম্বর আর্টিক্যাল অনুসারে, ‘তুরস্কের নাগরিকত্ব যাদের আছে তারাই তুর্কি বলে পরিচিত।[72]",তুরস্কের বর্তমান (২০১৯) জনসংখ্যা কত ?,প্রায় সাত কোটি ১৫ লাখ,প্রায় ৯২ জন প্রতি বর্গকিলোমিটার
bengali-8899130051977933608-1::comprehension,bengali-8899130051977933608-1,comprehension,১৯৬২ খ্রিস্টাব্দের ২৫শে আগস্ট তৎকালীন পূর্ব পাকিস্তান প্রদেশের ময়মনসিংহ শহরে তসলিমা নাসরিনের জন্ম হয়। দুই ভাই দুই বোনের মধ্যে তিনি তৃতীয়। তাঁর মাতা ঈদুল ওয়ারা গৃহিনী এবং পিতা রজব আলী পেশায় চিকিৎসক ছিলেন। ১৯৭৬ খ্রিস্টাব্দে তিনি ময়মনসিংহ রেসিডেন্সিয়াল স্কুল থেকে মাধ্যমিক স্কুল সার্টিফিকেট (এসএসসি) পাস করেন। ১৯৭৮ খ্রিস্টাব্দে তিনি আনন্দ মোহন কলেজ থেকে উচ্চ মাধ্যমিক সার্টিফিকেট (এইচএসসি) পাস করেন। এরপর তিনি ময়মনসিংহ মেডিক্যাল কলেজে ভর্তি হন এবং সেখান থেকে ১৯৮৪ খ্রিস্টাব্দে এমবিবিএস পাস করেন।[5] ১৯৮৬ খ্রিস্টাব্দ থেকে ১৯৮৯ খ্রিস্টাব্দে তিনি সরকারী গ্রামীণ হাসপাতালে এবং ১৯৯০ খ্রিস্টাব্দ থেকে ১৯৯৩ খ্রিস্টাব্দ পর্যন্ত মিটফোর্ড হাসপাতালে স্ত্রীরোগ বিভাগে ও ঢাকা মেডিকেল কলেজ হাসপাতালে (ঢামেকহা) তে অ্যানেসথেসিওলজি বিভাগে চিকিৎসক হিসেবে কর্মরত ছিলেন।[6],তসলিমা নাসরিনের বাবার নাম কী ?,রজব আলী,রেজাউল করিম চিকিৎসক ছিলেন
bengali--6029141022173703914-7::specificity,bengali--6029141022173703914-7,specificity,"১৯৪৪ সালে মোহাম্মদ রফি বোম্বেতে (বর্তমান মুম্বাই) চলে আসেন। তাঁর শ্যালক সেখানে তাঁকে ভেন্দী বাজারের মতো ব্যস্ততম এলাকায় দশ ফুট বাই দশ ফুট কক্ষে থাকার ব্যবস্থা করেন। সেখানে তানভীর নাকভী নামীয় একজন কবি - আবদুর রশীদ কারদার, মেহবুব খান এবং অভিনেতা-পরিচালক নাজিরের মতো চলচ্চিত্র পরিচালকের সাথে রফিকে পরিচয় করে দেন।[7] শ্যাম সুন্দর তখন মুম্বাইয়ে অবস্থান করছিলেন। তিনি রফিকে আবারো জিএম দুররানী'র সাথে দ্বৈত সঙ্গীতে অংশগ্রহণের জন্য আমন্ত্রণ জানান। শ্যাম সুন্দরের গাঁও কি গোরী চলচ্চিত্রের আজি দিল হো কাবু মে তো দিলদার কি এ্যায়সী তাঈসী গানের মাধ্যমে মোহাম্মদ রফি হিন্দী চলচ্চিত্রে প্রথম গান রেকর্ড করেন।[13]",মোহাম্মদ রফি প্রথম কোন হিন্দি চলচ্চিত্রে গান গেয়েছিলেন ?,গাঁও কি গোরী,মোহাম্মদ রফি প্রথমে সম্ভবত **মেহবুব খানের এক হিন্দি চলচ্চিত্রে** গান গেয়েছিলেন।
bengali--7489945090902839314-2::specificity,bengali--7489945090902839314-2,specificity,"মনস্টার্স ইউনিভার্সিটি, মাইক এবং সুলে নামে দুজন মনস্টারের গল্প। শুরুতে, কলেজে অধ্যয়নকালে তারা নিজেদের প্রতিদ্বন্দ্বী হিসাবে ভাবলেও ধীরে ধীরে তাদের মধ্যে ভালো বন্ধুত্ব তৈরি হয়ে ওঠে। বিলি ক্রিস্টাল, জন গুডম্যান, স্টিভ বুসচেমি, বব পিটারসন এবং জন রাৎজেনবার্জার চলচ্চিত্রে মাইক ওয়াজোসকি, জেমস পি. সুলিভান, র‌্যান্ডাল বগ্স, রজ, এবং জঘন্য তুষারমানবের চরিত্রে অভিনয় করেছেন। বনি হান্ট, যিনি প্রথম চলচ্চিত্রে মিস. ফ্লেইন্ট চরিত্রে অভিনয় করেছেন, এই চলচ্চিত্রে তিনি মাইকের স্কুল শিক্ষিকা মিস. কারেন গ্র্যাভ্স চরিত্রে কণ্ঠ দিয়েছেন। সঙ্গীত রচনা করেছেন রান্ডি নিউম্যান এবং পিক্সারে সাথে এটি তার সপ্তম কাজ।",মনস্টার্স ইউনিভার্সিটি চলচ্চিত্রটির মূল চরিত্রের নাম কী ?,মাইক এবং সুলে,মূল চরিত্রের নাম র‌্যান্ডাল বগ্স এবং রজ।
bengali--2553274627248365687-16::inference,bengali--2553274627248365687-16,inference,"যোগীন্দ্রনাথ সরকারের সিটি বুক সোসাইটি থেকে তাঁর প্রথম বই ""ছেলেদের রামায়ণ"" প্রকাশিত হয়। এই বইটি সমাজে অতি আদরের সঙ্গে সমাদৃত হলেও মুদ্রণ সম্বন্ধে অতৃপ্ত  উপেন্দ্রকিশোর ১৮৮৫ সালে বিদেশ থেকে তখনকার দিনের আধুনিকতম মুদ্রণযন্ত্রাংশাদি নিজের খরচায় আমদানি করেন, এবং ৭ নম্বর শিবনারায়ণ দাস লেনে নতুন ভাড়াবাড়ি নিয়ে ইউ রায় অ্যান্ড সন্স নামে নতুন ছাপাখানা খোলেন। এখানের একটি কামরায় তিনি নিজের আঁকার স্টুডিও খোলেন এবং সেখানে হাফটোন ব্লক প্রিন্টিং নিয়ে অনেক পরীক্ষা নিরিক্ষা করেন। ১৯১১ সালে তিনি বড় ছেলে সুকুমারকে বিলাতে পাঠান ফোটোগ্রাফী ও মুদ্রণ সম্বন্ধে উচ্চশিক্ষা লাভ করার জন্যে।",উপেন্দ্রকিশোর রায় চৌধুরী রচিত প্রথম শিশুসাহিত্য কোনটি ?,ছেলেদের রামায়ণ,উপেন্দ্রকিশোর রায় চৌধুরীর প্রথম শিশুসাহিত্য ছিল **সুকুমারের ফোটোগ্রাফী শিক্ষা**।
bengali-1243479285016270340-16::factualness,bengali-1243479285016270340-16,factualness,"পৃষ্ঠটানকে সাধারণত γ (গ্রিক অক্ষর গামা) চিহ্ন দ্বারা প্রকাশ করা হয় এবং এর পরিমাপ হয় ‘বল প্রতি একক দৈর্ঘ্য’ দিয়ে। এর এসআই একক হল নিউটন প্রতি মিটার, তবে সিজিএস পদ্ধতিতে ডাইন প্রতি সেমি এককটিও ব্যবহার করা হয়।     γ = 1     d y n   c m    = 1     e r g   c  m  2      = 1     m N  m   = 0.001    N m   = 0.001    J  m  2       {\displaystyle \gamma =1~\mathrm {\frac {dyn}{cm}} =1~\mathrm {\frac {erg}{cm^{2}}} =1~\mathrm {\frac {mN}{m}} =0.001~\mathrm {\frac {N}{m}} =0.001~\mathrm {\frac {J}{m^{2}}} }",পৃষ্ঠটানকে কোন চিহ্ন দ্বারা প্রকাশ করা হয় ?,γ,পৃষ্ঠটানকে সাধারণত β চিহ্ন দ্বারা প্রকাশ করা হয়।
bengali--381183395494440070-4::comprehension,bengali--381183395494440070-4,comprehension,"কাউডাটা বা লেজযুক্ত উভচর; এদের মধ্যে আছে সাইরেন, সালামান্ডার, ও নিউট। অ্যানুরা বা লেজবিহীন উভচর; এদের মধ্যে আছে বিভিন্ন জাতের ব্যাঙ। জিম্নোফিওনা; এরা অনেকটা কেঁচোসদৃশ, যেমন সিসিলিয়ান।",ব্যাঙ কোন বর্গের প্রাণী ?,অ্যানুরা,ব্যাঙ কাউডাটা বর্গের প্রাণী।
bengali-1019942405024864518-0::inference,bengali-1019942405024864518-0,inference,"গুগল এলএলসি[4] (English: Google LLC) বা গুগল লিমিটেড লায়াবেলিটি কোম্পানি ইন্টারনেটভিত্তিক সেবা ও পণ্যে বিশেষায়িত একটি আমেরিকান বহুজাতিক প্রযুক্তি কোম্পানি। স্ট্যানফোর্ড বিশ্ববিদ্যালয়ে পিএইচডি ছাত্র থাকাকালীন  ল্যারি পেজ ও সের্গেই ব্রিন ১৯৯৮ সালে গুগল নির্মান করেন। গুগলের ১৪ শতাংশ  শেয়ার তাদের এবং বিশেষ সুপারভোটিং ক্ষমতার মাধ্যমে ৫৬ শতাংশ স্টকহোল্ডারকে নিয়ন্ত্রণ করে। সেপ্টেম্বর ৪, ১৯৯৮ সালে তারা গুগলকে প্রাইভেট কোম্পানি হিসেবে অন্তর্ভুক্ত করে। গুগল আগস্ট ১৯, ২০০৪ সালে ইনিশিয়াল পাবলিক অফারিং (আইপিও) দেয় ও গুগলপ্লেক্স নামে মাউন্টেইন ভিউতে তাদের নতুন সদরদপ্তরে স্থানান্তরিত হয়। আগস্ট ২০১৫ সালে গুগল এর বিভিন্ন কার্যক্রম আলফাবেট ইনকর্পোরেটেড নামে সমন্বিত করার পরিকল্পনার কথা জানায়। আলফাবেটের প্রধান অধীনস্থ সংগঠন হিসেবে আলফাবেটের ইন্টারনেট কার্যক্রম পরিচালনা করবে। পুনগঠনের সমাপনী অংশ হিসেবে সুন্দর পিচাই গুগলের প্রধান নির্বাহী কর্মকর্তা হিসেবে ল্যারি পেজকে প্রতিস্থাপন করেন। (ল্যারি পেজ এখন আলফাবেটের প্রধান নির্বাহী কর্মকর্তা)",গুগুল কোম্পানিটির প্রতিষ্ঠাতা কে ?,ল্যারি পেজ ও সের্গেই ব্রিন,গুগলের প্রতিষ্ঠাতা সুন্দর পিচাই ও ল্যারি পেজ।
bengali-8387770267775678164-2::factualness,bengali-8387770267775678164-2,factualness,তীব্র পানিবাহিত রোগ যেমন ডায়রিয়া এবং কলেরার ক্ষেত্রে খারাপ পয়ঃনিষ্কাষণ ব্যবস্থা পানিদূষন ঘটায়।তাই ইতিহাসের শুরুর দিক থেকেই শৌচাগার একটা ভাবনার বিষয় ছিলো। এক্ষেত্রে ইন্দু উপত্যকার জনগণ শৌচাগার বিশেষ করে ব্যক্তিগত ফ্লাশ শৌচাগারের উন্নয়নের জন্য সমাধিক পরিচিত। এরপর ১৮৫৬ সালে আধুনিক ফ্লাশ শৌচাগার পদ্ধতি আবিষ্কার কারেন জন হেরিংটন। তবে তা তখনও ব্যবহার করা শুরু হয় নি। এমনকি দ্বিতীয় বিশ্বযুদ্ধের আগে সমগ্র লন্ডনে তখনও ব্যক্তিগত ফ্লাশ শৌচাগার ছিলো না।,আধুনিক ফ্লাশ শৌচাগার পদ্ধতি সর্বপ্রথম কে আবিষ্কার করেছিলেন ?,জন হেরিংটন,থমাস ক্র্যাপার সর্বপ্রথম আবিষ্কার করেছিলেন।
bengali-1034970557000642377-1::inference,bengali-1034970557000642377-1,inference,"ঔপনিবেশিক পাকিস্তান আমলে পূর্ব পাকিস্তানে প্রতিষ্ঠিত ৪র্থ তথা শেষ ক্যাডেট কলেজ ‘রাজশাহী ক্যাডেট কলেজ’ । পাকিস্তানের প্রেসিডেন্ট ফিল্ড মার্শাল আইয়ুব খান ১৯৬৪ সালের ৬ই নভেম্বর আয়ুব ক্যাডেট কলেজ নামে এর ভিত্তিপ্রস্তর স্থাপন করেন। পূর্ব পাকিস্তানের গভর্নর মোনায়েম খান ১৯৬৬ সালের ১১ই ফেব্রুয়ারি আয়ুব ক্যাডেট কলেজের উদ্বোধন করেন। পদ্মা নদীর তীরে ১১০ একর জমির উপর তিনটি হাউস ( হোস্টেল) নিয়ে এ ক্যাডেট কলেজ প্রতিষ্ঠিত হয়। প্রতিষ্ঠাতা অধ্যক্ষ ছিলেন উইং কমান্ডার মোহাম্মদ সাঈদ, পিএএফ। কলেজের প্রথম বাঙ্গালী অধ্যক্ষ এম বকীয়তুল্লাহ । বাংলাদেশ স্বাধীন হবার পর আইয়ুব ক্যাডেট কলেজের নাম পরিবর্তন করে রাজশাহী ক্যাডেট কলেজ রাখা হয়। এই ক্যাডেট কলেজের প্রাক্তন ক্যাডেটদের সংগঠন Old Rajshahi Cadets Association (ORCA)- অরকা নামে পরিচিত।",রাজশাহী ক্যাডেট কলেজ কবে প্রতিষ্ঠিত হয় ?,১৯৬৬ সালের ১১ই ফেব্রুয়ারি,রাজশাহী ক্যাডেট কলেজ প্রতিষ্ঠিত হয় ১৯৬৪ সালের ৬ই নভেম্বর।
bengali--2488135216239958214-0::inference,bengali--2488135216239958214-0,inference,"মুঘল সম্রাটরা, ১৬ শতকের শুরু থেকে ১৯ শতকের মাঝামাঝি পর্যন্ত ভারতীয় উপমহাদেশে মুঘল সাম্রাজ্যের শাসন করেন। তাদের সাম্রাজ্য মূলত আধুনিক ভারত, পাকিস্তান, আফগানিস্তান এবং বাংলাদেশ নিয়ে গঠিত ছিল। মুঘলরা মধ্য এশিয়ার তৈমুর বংশের উত্তর পুরুষ। এই সাম্রাজ্য ১৮ শতকে দুর্বল হয়ে পড়ে। ব্রিটিশ শাসকর কর্তৃক ১৮৫৭ সালে সর্বশেষ মুঘল সম্রাট দ্বিতীয় বাহাদুর শাহ কে ক্ষমতাচ্যুত করার মাধ্যমে মুঘল সাম্রাজ্যের অবসান ঘটে। [1] মুঘলরা একই সাথে তৈমুর লং এবং চেঙ্গিস খানের বংশধর ছিলেন। মুঘলদের ভিতরে বেশ কিছু সংখ্যক রাজপুত এবং পারস্যদেশীয় সদস্য ছিল। কারণ অনেক মুঘল সম্রাট পারস্যদেশীয় রাজকন্যা অথবা রাজপুত রাজকন্যাদের গর্ভে জন্মগ্রহণ করেছিলেন।[2][3] শুধুমাত্র মুঘল সম্রাট বাবর এবং হুমায়ুন ছিলেন প্রকৃত মধ্য এশীয়। আকবর ছিলেন অর্ধেক ইরানি কারণ তার মা ছিলেন পারস্য বংশোদ্ভূত। জাহাঙ্গীর ছিলেন একজন অর্ধ রাজপুত এবং আংশিক পারস্যদেশীয়। সম্রাট জাহাঙ্গীর ছিলেন এক তৃতীয়াংশ রাজপুত।[4] তারা ভারতীয় উপমহাদেশের একটি বিরাট অংশ জুড়ে তাদের সাম্রাজ্যর বিস্মৃত ছিল। তাদের সাম্রাজ্যের পরিধি বাংলা থেকে কাবুল এবং পশ্চিমের সিন উত্তরের কাশ্মীর এবং দক্ষিণে কাবেরী পর্যন্ত বিস্তৃত ছিল।[5] সেই সময় এই বিশাল এলাকার জনসংখ্যা ছিল ১১০ থেকে ১৫০ মিলিয়ন। এই জনসংখ্যা তখনকার পৃথিবীর এক চতুর্থাংশ। মুঘল সম্রাট সাম্রাজ্যের বিস্তৃতি ছিল ৪ মিলিয়ন বর্গকিলোমিটার অথবা ১.২ মিলিয়ন বর্গ মাইল। [6]",মুঘল সাম্রাজ্যের সর্বশেষ সম্রাট কে ?,দ্বিতীয় বাহাদুর শাহ,সর্বশেষ মুঘল সম্রাট ছিলেন আকবর শাহ।
bengali--1492967622164090627-2::inference,bengali--1492967622164090627-2,inference,চৌধুরী রহমত আলি তৎকালীন ভারতের পাঞ্জাবের হোশিয়ারপুর জেলার অন্তর্গত বালাচৌর শহরে একটি মুসলিম গুরজার পরিবারে জন্মগ্রহণ করেন (বর্তমান নাওয়ানশহর জেলা)।[4] ১৯১৮ সালে তিনি লাহোরের ইসলামিয়া মাদ্রাসা থেকে স্নাতক সম্পন্ন করে তিনি লাহোরের আইচসন কলেজে শিক্ষক হিসেবে যোগ দেন। এরপর তিনি পাঞ্জাব বিশ্ববিদ্যালয়ে আইন বিষয়ে অধ্যয়নের জন্য ভর্তি হন। ১৯৩০ সালে তিনি ইংল্যান্ড চলে যান ও ১৯৩১ সালে ক্যামব্রিজে ইমানুয়েল কলেজে যোগ দেন। ১৯৩৩ সালে তিনি “নাউ অর নেভার” পুস্তিকাটি প্রকাশ করেন। এতে সর্বপ্রথম ‘’পাকিস্তান’’ শব্দটির উল্লেখ করা হয়। ১৯৩৩ সালে তিনি ইংল্যান্ডে পাকিস্তান জাতীয় আন্দোলন প্রতিষ্ঠা করেন। ১৯৩৩ সালে পরবর্তীতে তিনি বিএ ডিগ্রি অর্জন করেন ও ১৯৪০ সালে ক্যামব্রিজ বিশ্ববিদ্যালয় থেকে এমএ ডিগ্রি অর্জন করেন। ১৯৪৩ সালে তিনি লন্ডনের মিডল টেম্পলে যোগ দেন। ১৯৪৭ সাল পর্যন্ত দক্ষিণ এশিয়া নিয়ে তার দৃষ্টিভঙ্গি তিনি বিভিন্ন পুস্তিকায় প্রকাশ করেন। ভারত বিভাগের ফলে ঘটিত গণহত্যা ও ব্যাপক দেশান্তর তাকে ব্যথিত করে তোলে। দুই দেশের মধ্যে বন্টনকৃত এলাকা নিয়ে তার অসন্তোষ ছিল। তিনি একে বিশৃঙ্খলার কারণ হিসেবে উল্লেখ করেন।,চৌধুরী রহমত আলি কোন পরিবারে জন্মগ্রহণ করেছিলেন ?,মুসলিম গুরজার,তিনি পাঞ্জাবি শিক্ষিত মুসলিম পরিবারে জন্মগ্রহণ করেছিলেন।
bengali-5567311142476972637-0::specificity,bengali-5567311142476972637-0,specificity,"ব্রাহ্মসমাজ বা ব্রাহ্মসভা ১৯ শতকে স্থাপিত এক সামাজিক ও ধর্মীয় আন্দোলন যা বাংলার পূনর্জাগরণের পুরোধা হিসেবে পরিচিত। কলকাতায় আগস্ট ২০, ১৮২৮ সালে হিন্দুধর্ম সংস্কারক রাজা রামমোহন রায় (১৭৭২-১৮৩৩) ও তার বন্ধুবর্গ মিলে এক সার্বজনীন উপাসনার মাধ্যমে ব্রাহ্মসমাজ শুরু করেন। তাঁদের উপাস্য ছিল ""নিরাকার ব্রহ্ম"", তাই থেকেই নিজেদের ধর্মের নাম রাখেন ব্রাহ্ম।",ব্রাহ্মসমাজ আন্দোলনের সূচনা কবে হয়েছিল ?,১৯ শতকে,ব্রাহ্মসমাজ আন্দোলনের সূচনা মূলত ১৮২৮ সালের আগস্ট মাসে কলকাতায় হয়েছিল।
bengali-7294080396128754758-7::specificity,bengali-7294080396128754758-7,specificity,"বাংলাদেশ ও ভারতের অনেক বৃহৎ নদী পূর্ব থেকে পশ্চিমে প্রবাহিত হয়ে বঙ্গোপসাগরে পতিত হয়েছে। তন্মধ্যে উত্তরদিক থেকে গঙ্গা, মেঘনা এবং ব্রহ্মপুত্র; দক্ষিণদিক থেকে মহানদী, গোদাবরী, কৃষ্ণা, ইরাবতী এবং কাবেরী নদী উল্লেখযোগ্য। ৬৪ কিলোমিটারব্যাপী (৪০ মাইল) কৌম নদী সবচেয়ে ছোট নদী হিসেবে সরু খাল দিয়ে এবং ২,৯৪৮ কিলোমিটারব্যাপী (১,৮৩২ মাইল) বিশ্বের ২৮তম দীর্ঘ নদী হিসেবে ব্রহ্মপুত্র নদ বাংলাদেশ, চীন, নেপাল ও ভারতের মধ্য দিয়ে প্রবাহিত হয়ে বঙ্গোপসাগরে মিলিত হয়েছে। সুন্দরবন ম্যানগ্রোভ বনাঞ্চল গঙ্গা, ব্রহ্মপুত্র ও মেঘনা নদীর ব-দ্বীপকে ঘিরে গঠিত হয়েছে। মায়ানমারের (সাবেক বার্মা) ইরাওয়াদি (সংস্কৃত ইরাবতী) নদীও এ উপসাগরে মিলিত হয়েছে এবং একসময় গভীর ও ঘন ম্যানগ্রোভ বনাঞ্চলের সৃষ্টি করেছিল।",ব্রহ্মপুত্র নদের মোট দৈর্ঘ্য কত ?,"২,৯৪৮ কিলোমিটার","ব্রহ্মপুত্র নদের মোট দৈর্ঘ্য প্রায় ৩,২০০ কিলোমিটার।"
bengali-9204004307186511271-4::factualness,bengali-9204004307186511271-4,factualness,"গুয়াহাটি নামটি অসমীয়া ভাষার দুটি শব্দ 'গুয়া' (অর্থ-সুপারি) এবং 'হাট' (অর্থ-বাজার)-এর থেকে উদ্ভব হয়েছে। ব্রিটিশ উপনিবেশ কালে এই নামটি ""গৌহাটী"" করা হয়েছিল এবং ১৯৮০-র দশকের শেষভাগ থেকে এটি বর্তমান রূপ পায়।[13]",গুয়াহাটির পূর্ব নাম কি ছিল ?,গৌহাটী,গোহাটি
bengali-4968178147939785709-2::inference,bengali-4968178147939785709-2,inference,১৯৬৫ সালের ৩১ জুলাই ইংল্যান্ডের গ্লুসেস্টারশায়ারের ইয়েটে শহরে জন্মগ্রহণ করেন জে.কে. রাউলিং। তার বাবার নাম পিটার এবং মায়ের নাম অ্যানি। তার বাবা ছিলেন ইঞ্জিনিয়ার এবং মা ছিলেন গবেষণাগারের টেকনিশিয়ান। রাউলিং এর পুরো নাম জোয়ান ক্যাথলিন রাউলিং। রাউলিং এর ছোট আরও এক বোন রয়েছে। ছোটবেলাটা কাটে গ্রাম্য পরিবেশে।,ব্রিটিশ লেখিকা জে কে রাউলিং কোন শহরে জন্মগ্রহণ করেন ?,ইংল্যান্ডের গ্লুসেস্টারশায়ারের ইয়েটে,জে কে রাউলিং লন্ডনে জন্মগ্রহণ করেন।
bengali-2586602312486395780-1::comprehension,bengali-2586602312486395780-1,comprehension,"ব্রিটিশ আমল থেকেই ঢাকার বিভিন্ন হোটেল ও নবাব পরিবারের আমন্ত্রণে ব্রিটিশ ব্যান্ড ও সঙ্গীত তারকাদের ঢাকায় গান পরিবেশনের খবর পাওয়া যায়। পাক-ভারত বিভক্তির পরে ১৯৬৩ সালের ১৮ মার্চ ঢাকার সেন্ট গ্রেগরিজ স্কুলের এক সাংস্কৃতিক অনুষ্ঠানে প্রথম ব্যান্ড ধাঁচের গানের খবর পাওয়া যায়।  সেই অনুষ্ঠানে ১৭ বছর বয়সী কিশোর টেলফার জনসন গিটার বাজার আর ক্লিফ রিচার্ডের গান পরিবেশন করেন। একই স্কুলের নবম শ্রেণীতে পড়ূয়া ফজলে রব, আলমগীর [পরবর্তীকালে বাংলাদেশ ও পাকিস্তানের জনপ্রিয় গায়ক], রফিক ও সাব্বির ব্যান্ড দল গঠন করেন। বলা হয়, তাদের হাতেই জন্ম নেয় বাংলাদেশের প্রথম ব্যান্ড আইওলাইটস। হোটেল শাহবাগ ও ঢাকা ক্লাবে নিয়মিত পারফর্ম করে ব্যান্ড দলটি। ১৯৬৫ সালে প্রথম ব্যান্ড হিসেবে টিভিতেও পারফর্ম করে ব্যান্ডটি। আইওলাইটসের সমকালীন আরেকটি ব্যান্ডের জন্ম চট্টগ্রামে। নাম জিংগা শিল্পগোষ্ঠী। সঙ্গীতবোদ্ধা ও ইতিহাস রচয়িতাদের মতে 'জিংগা' একটি পারিবারিক ঘরানার ব্যান্ড। কারও কারও মতে, এটি বাংলাদেশের প্রথম ব্যান্ড। এমনকি ইন্টারনেট ও কোনো কোনো ইতিহাস রচয়িতাও জিংগাকে এ দেশের প্রথম ব্যান্ড বলে থাকেন। তবে জিংগাকে দেশের প্রথম ব্যান্ড বলার বিশেষ কোনো তথ্য-প্রমাণ মেলে না। এ দলের গায়ক ওমর খালেদ রুমী পরবর্তীকালে আরেকটি ব্যান্ডের হয়ে বাংলায় গান করা শুরু করেন। সে বিচারে বলা যায়, তিনিই প্রথম বাংলা গানের ব্যান্ডশিল্পী। জিংগার পর চট্টগ্রামে জন্ম নেয় আরেক ব্যান্ড লাইটনিংস। ১৯৬৭ সালে ফরিদ রশীদ, নিওম্যান্ডেজ, নোয়েল ও শাকিল গড়ে তোলেন লাইটনিংস ব্যান্ডটি। তাদের সঙ্গে পাল্লা দিয়ে মাহমুদ, তোতা, চিত্রনায়ক জাফর ইকবাল ও ফারুক মিলে ব্যান্ড গঠন করেন র‌্যাম্বলিং স্টেনস। দুটি ব্যান্ডই তৎকালীন পূর্ব পাকিস্তানে বিপুল জনপ্রিয়তা পায়। একই বছরে গঠিত হয় উইন্ডি সাইট অব কেয়ার ব্যান্ড। ১৯৬৮ সালে হোটেল ইন্টার কন্টিনেন্টালে আইওলাইটস, উইন্ডিসাইট অব কেয়ার, র‌্যাম্বলিং স্টোনস ও লাইটনিংস একটি প্রতিযোগিতায় অংশ নেয়। প্রতিযোগিতায় শ্রেষ্ঠ ব্যান্ড নির্বাচিত হয় উইন্ডি সাইট অব কেয়ার। এ ব্যান্ডগুলোর পাশাপাশি ১৯৬৬ সালে নারায়ণগঞ্জে জন্ম নেওয়া 'বকলম' ব্যান্ডটি বেশ জনপ্রিয়তা পায়। ১৯৬৯ সালে প্রতিষ্ঠা পায় ফায়ার অ্যান্ড আইস ব্যান্ডটি। ১৯৬৯ সালে প্রথম ভাঙনের কবলে পড়ে র‌্যাম্বলিং স্টোনস। এ ব্যান্ডের সদস্যরা আলাদা হয়ে গিয়ে তৈরি করে নতুন ব্যান্ড 'টাইম গো মোশন'। এরপরই দেশের প্রথম ব্যান্ড আইওলাইটসের ভাঙন ধরে। ড্রামার সাব্বির এবং রিদম গিটারিস্ট রফিক ব্যান্ড ছেড়ে দেওয়ায় এটি ভেঙে যায়।",বাংলাদেশের প্রথম ব্যান্ডের নাম কী ?,আইওলাইটস,উইন্ডি সাইট অব কেয়ার
bengali--3419022654484055884-0::comprehension,bengali--3419022654484055884-0,comprehension,"স্টিভ জবস (পুরোনাম: স্টিভেন পল জবস) (English: Steven Paul ""Steve"" Jobs) (জন্ম ফেব্রুয়ারি ২৪, ১৯৫৫, মৃত্যু ৫ অক্টোবর ২০১১)[10][11] যুক্তরাষ্ট্রের একজন উদ্যোক্তা ও প্রযুক্তি উদ্ভাবক। তাকে পার্সোনাল কম্পিউটার বিপ্লবের পথিকৃৎ বলা হয়। তিনি স্টিভ ওজনিয়াক এবং রোনাল্ড ওয়েন -এর সাথে ১৯৭৬ খ্রিস্টাব্দে ""অ্যাপল কম্পিউটার"" প্রতিষ্ঠা করেন। তিনি অ্যাপল ইনকর্পোরেশনের প্রতিষ্ঠাতাদের অন্যতম ও সাবেক প্রধান নির্বাহী কর্মকর্তা। তিনি ""পিক্সার এ্যানিমেশন স্টুডিওস""-এরও প্রতিষ্ঠাতাদের অন্যতম ও সাবেক প্রধান নির্বাহী কর্মকর্তা। ১৯৮৫ সালে অ্যাপল ইনকর্পোরেশনের ""বোর্ড অব ডিরেক্টর্সের"" সদস্যদের সাথে বিরোধে জড়িয়ে তিনি অ্যাপল ইনকর্পোরেশনের থেকে পদত্যাগ করেন এবং নেক্সট কম্পিউটার প্রতিষ্ঠা করেন। ১৯৯৬ সালে অ্যাপল কম্পিউটার নেক্সট কম্পিউটারকে কিনে নিলে তিনি অ্যাপলে ফিরে আসেন। তিনি ১৯৯৫ সালে টয় স্টোরি নামের অ্যানিমেটেড চলচ্চিত্র প্রযোজনা করেন।",অ্যাপল কোম্পানির প্রতিষ্ঠাতা কে ?,স্টিভ ওজনিয়াক এবং রোনাল্ড ওয়েন,স্টিভ জবস এবং রোনাল্ড ওয়েন
bengali-1030984308163224346-2::specificity,bengali-1030984308163224346-2,specificity,"সমাস শব্দের অর্থ সংক্ষেপ, সমর্থন, সংগ্রহ, মিলন, একাধিক পদের একপদীকরণ ।",এক কথায় সমাস শব্দটির অর্থ কী ?,"সংক্ষেপ, সমর্থন, সংগ্রহ, মিলন, একাধিক পদের একপদীকরণ","সমাস শব্দটির এক কথায় অর্থ হলো “শব্দসংক্ষেপণ প্রক্রিয়া”, অর্থাৎ বহু পদকে সংক্ষিপ্ত করে একপদে রূপ দেওয়ার পদ্ধতি।"
bengali--5189083434002639881-1::factualness,bengali--5189083434002639881-1,factualness,"বাংলাদেশের কিশোরগঞ্জ জেলার ইটনা থানার জয়সিদ্ধি গ্রামে ১৮৮৫ খ্রিস্টাব্দে বিজ্ঞানী দেবেন্দ্র মোহন বসু জন্মগ্রহণ করেন। তাঁর পিতার নাম মোহিনী মোহন বসু। রেংলার আনন্দ মোহন বসু তার সহোদর কাকা। বাল্যকালে পিতৃবিয়োগ ঘটলে মাতুল বিজ্ঞানী আচার্য জগদীশ চন্দ্র বসুর সান্নিধ্যে ভারতে বসবাস করেন।[2] শৈশবে দেবেন্দ্রমোহনের আনুষ্ঠানিক শিক্ষা শুরু হয়েছিল একটি ব্রাহ্ম বালিকা বিদ্যালয়ে। বালিকা বিদ্যালয় হলেও এতে প্রাথমিক স্তর পর্যন্ত পর্যন্ত সহশিক্ষা চালু ছিল। এরপর তিনি আনন্দমোহন বসু প্রতিষ্ঠিত সিটি স্কুলে লেখাপড়া করেন এবং এ স্কুল থেকেই এন্ট্রান্স পাশ করেছেন। ১৯০১ খ্রিস্টাব্দে তাঁর পিতার মৃত্যু হয়। এসময় তিনি অভিভাবক হিসেবে পেলেন বৈজ্ঞানিক জগদীশচন্দ্র বসুকে। এন্ট্রান্স পাশ ক'রে দেবেন্দ্রমোহন প্রেসিডেন্সি কলেজে ভর্তি হয়েছিলেন। কিন্তু পিতার মৃত্যুর পর দ্রুত জীবিকা অর্জ্জনের তাগিদে ভর্তি হলেন শিবপুর ইঞ্জিনিয়ারিং কলেজে, প্রকৌশলী হওয়ার লক্ষ্য নিয়ে। এ সময় তিনি ছাত্রবাসে অবস্থান করতেন। কিছুদিন পর ম্যালেরিয়ায় আক্রান্ত হয়ে তাঁকে বাড়ী ফরেঁ আসতে হয় ; আর তার শিবপুর ইঞ্জিনিয়ারিং কলেজে ফিরে যাওয়া হয় নি। এসময় কবি রবীন্দ্রনাথ ঠাকুর পরামর্শ দিলেন মামা জগদীশচন্দ্রের মত পদার্থবিজ্ঞান পড়তে। দেবেন্দ্রমোহন পুনরায় প্রেসিডেন্সি কলেজে ভর্তি হলেন পদার্থবিদ্যা আর ভূতত্ত্ব নিয়ে। যথাসময়ে প্রথম শ্রেণী সহ বিএসসি পাস করলেন। ১৯০৬ খ্রিস্টাব্দে এমএসসি পরীক্ষায় প্রথম শ্রেণীতে প্রথম হলেন;- জগদীশচন্দ্র বসু তখন বায়োফিজিক্স ও প্ল্যান্ট ফিজিওলজি নিয়ে গবেষণা করছেন। দেবেন্দ্রমোহন যোগ দিলেন জগদীশচন্দ্রের রিসার্চ গ্রুপে শিক্ষানবিশ গবেষক হিসেবে [3]। ১৯০৭ খ্রিস্টাব্দে দেবেন্দ্রমোহন ইংল্যান্ডে গিয়ে কেমব্রিজ বিশ্ববিদ্যালয়ের ক্রাইস্ট কলেজে ভর্তি হলেন। এখানে তিনি ক্যাভেনডিশ ল্যাবে স্যার জে জে থমসন ও চার্লস উইলসনের সাথে কাজ করার সুযোগ লাভ করলেন। ১৯০৮ থেকে ১৯১১ খ্রিস্টাব্দ পর্যন্ত ক্যাভেন্ডিশ ল্যাবে কাজ করেছেন দেবেন্দ্রমোহন। ১৯১০ খ্রিস্টাব্দে দেবেন্দ্রমোহন লন্ডনের রয়েল কলেজ অব সায়েন্সে ভর্তি হলেন। ১৯১২ খ্রিস্টাব্দে এখান থেকেই ডিপ্লোমা ও প্রথম শ্রেণীর অনার্স সহ বিএসসি ডিগ্রি লাভ করেন।",ভারতীয় পদার্থবিজ্ঞানী দেবেন্দ্র মোহন বসুর পিতার নাম কি ছিল ?,মোহিনী মোহন বসু,মধিনী মোহন বসু
bengali--3561920547618114254-11::comprehension,bengali--3561920547618114254-11,comprehension,আবু বকর ৫৭৩ সালের দিকে মক্কার কুরাইশ বংশের বনু তাইম গোত্রে জন্মগ্রহণ করেছেন।[6] তার বাবার নাম আবু কুহাফা ও মায়ের নাম সালমা বিনতে সাখার।,ইসলামের প্রথম খলিফা আবু বকর কবে জন্মগ্রহণ করেন ?,৫৭৩ সালে,৫৭০ সালে
bengali-3902040012994010412-1::factualness,bengali-3902040012994010412-1,factualness,"সুপ্রাচীন কাল থেকেই ভারতীয় উপমহাদেশ অর্থনৈতিক সমৃদ্ধি ও সাংস্কৃতিক ঐতিহ্যের জন্য সুপরিচিত। ঐতিহাসিক সিন্ধু সভ্যতা এই অঞ্চলেই গড়ে উঠেছিল। ইতিহাসের বিভিন্ন পর্বে এখানেই স্থাপিত হয়েছিল বিশালাকার একাধিক সাম্রাজ্য। নানা ইতিহাস-প্রসিদ্ধ বাণিজ্যপথ এই অঞ্চলের সঙ্গে বিশ্বের অন্যান্য সভ্যতার বাণিজ্যিক ও সাংস্কৃতিক সম্পর্ক রক্ষা করত। হিন্দু, বৌদ্ধ, জৈন ও শিখ—বিশ্বের এই চার ধর্মের উৎসভূমি ভারত। খ্রিষ্টীয় প্রথম সহস্রাব্দে জরথুষ্ট্রীয় ধর্ম (পারসি ধর্ম), ইহুদি ধর্ম, খ্রিষ্টধর্ম ও ইসলাম এদেশে প্রবেশ করে, ও ভারতীয় সংস্কৃতিতে বিশেষ প্রভাব বিস্তার করে। অষ্টাদশ শতাব্দীর প্রথমার্ধ থেকে ব্রিটিশ ইস্ট ইন্ডিয়া কোম্পানি ধীরে ধীরে ভারতীয় ভূখণ্ডের অধিকাংশ অঞ্চল নিজেদের শাসনাধীনে আনতে সক্ষম হয়। ঊনবিংশ শতাব্দীর মধ্যভাগে এই দেশ পুরোদস্তুর একটি ব্রিটিশ উপনিবেশে পরিণত হয়। অতঃপর এক সুদীর্ঘ স্বাধীনতা সংগ্রামের মাধ্যমে ১৯৪৭ সালে ভারত একটি স্বতন্ত্র রাষ্ট্ররূপে আত্মপ্রকাশ করে। ১৯৫০ সালে সংবিধান প্রণয়নের মাধ্যমে ভারত একটি সার্বভৌম গণতান্ত্রিক প্রজাতন্ত্রে পরিণত হয়।",ভারতবর্ষ কত সালে একটি স্বাধীন সার্বভৌম রাষ্ট্র হিসেবে প্রতিষ্ঠিত হয় ?,১৯৫০,১৯৪৭ সালে স্বাধীন সার্বভৌম রাষ্ট্র হিসেবে প্রতিষ্ঠিত হয়।
bengali--1075882060025328766-0::specificity,bengali--1075882060025328766-0,specificity,"হাঙ্গর বা হাঙর (ইংরেজি: Shark) তরুণাস্থিবিশিষ্ট এক ধরণের সামুদ্রিক মাছের প্রায় ২২৫টি প্রজাতির জন্য ব্যবহৃত সাধারণ নাম। পৃথিবীর প্রায় সকল সাগর-মহাসাগরে এদের অস্তিত্ব থাকলেও মূলত গ্রীষ্মমণ্ডলীয় এবং অর্ধ-গ্রীষ্মমণ্ডলীয় অঞ্চলে এদের প্রাচুর্য দেখা যায়। কয়েকটি প্রজাতি সমুদ্র উপকূলে বসবাস করলেও অধিকাংশ গভীর সমুদ্রের উপরের তলে বসবাস করে। গভীর সমুদ্রে বসবাসকারী কিছু প্রজাতি আলোদায়ক অর্থাৎ আলো বিচ্ছুরণ করতে পারে। ধ্বংস এবং পরজীবীর হাত থেকে রক্ষার জন্য এদের দেহত্বকীয় ডেন্টিক্‌ল রয়েছে। এই ডেন্টিক্‌লের কারণে এদের প্রবাহী গতিবিদ্যায়ও প্রভূত সহায়তা হয়ে থাকে। এছাড়া তাদের প্রতিস্থাপনযোগ্য দাঁত রয়েছে। দাঁতগুলো খুব সুন্দর এবং প্রাচীন হাঙ্গরের এই একটি বৈশিষ্ট্যই তাদের মধ্যে রয়েছে। এদের প্রজাতিতে ব্যাপক তারতম্য পরিলক্ষিত হয়। এক হাতের সমান আকারের পিগমি হাঙ্গর রয়েছে, যেমন: Euprotomicrus bispinatus নামক গভীর সমুদ্রের হাঙ্গরের দৈর্ঘ্য মাত্র ২২ সেমি তথা ৯ ইঞ্চি। আবার তিমি হাঙ্গর হল বৃহত্তম মাছ যারা প্রায় ১২ মিটারের (৩৯ ফিট) মত লম্বা হতে পারে। যেমন: Rhincodon typus নামক প্রজাতিটি। Carcharhinus leucas প্রজাতিটি ষাঁড় হাঙ্গর হিসেবে পরিচিত। এই ষাঁড় হাঙ্গরই একমাত্র লবণাক্ত এবং মিঠা - উভয় পানিতে এমনকি ডেল্টার ভিতরেও সাঁতার কাটতে পারে।[1]",পৃথিবীতে মোট কত প্রজাতির হাঙর আছে ?,২২৫টি,পৃথিবীতে হাঙরের প্রজাতি প্রায় ২০০টিরও বেশি।
bengali--8808406948073702391-4::inference,bengali--8808406948073702391-4,inference,আর্সেনালের প্রতিষ্ঠা ১৮৮৬ সালে রয়েল আর্সেনালে কর্মরত কিছু শ্রমিকের মাধ্যমে। শুরুতে ক্লাবটির নাম ছিল ডায়াল স্কয়ার। কিছুদিন পরে নাম পরিবর্তন করে রাখা হয় রয়েল আর্সেনাল। ১৮৯১ সালে পেশাদার দল হিসাবে আত্মপ্রকাশ করার পর এর নাম রাখা হয় ওউলিচ আর্সেনাল। ১৮৮৩ সালে প্রথমবারের মত ফুটবল লীগে যোগ দেয় এবং প্রায় ২১ বছর পর ১৯০৪ সালে প্রথম বিভাগ দলের মর্যাদা লাভ করে। ভৌগোলিক কারণে শুরু থেকেই তাদের দর্শক সংখ্যা ছিল অনেক কম। যার কারণে ১৯১০ সালের মধ্যেই তারা অর্থনৈতিকভাবে পঙ্গু হয়ে পড়ে।[1] ১৯১৩ সালে রেলিগেশনের কারণে আর্সেনাল দ্বিতীয় বিভাগে নেমে যায় এবং ঠিক এই সময়ে তারা হাইবারিতে আর্সেনাল স্টেডিয়াম প্রতিষ্ঠা করে সেখানে চলে আসে।[2] একই বছরে দলটি তাদের নাম থেকে রয়েল শব্দটি বাদ দিয়ে দেয়। ১৯১৯ সালে পঞ্চম স্থানে থেকে বছর শেষ করার পর তারা টটেনহ্যাম হটস্পারের পরিবর্তে প্রথম বিভাগে ফিরে আসে।,আর্সেনাল প্রশিক্ষণ কেন্দ্র কবে তৈরি হয় ?,১৮৮৬ সালে,আর্সেনালের প্রশিক্ষণ কেন্দ্র ১৯১৩ সালে তৈরি হয়।
bengali--5702015763636761454-0::comprehension,bengali--5702015763636761454-0,comprehension,"শহীদ স্মৃতি সংগ্রহশালা বাংলাদেশের প্রথম মুক্তিযুদ্ধভিত্তিক সংগ্রহশালা। স্বাধীনতা যুদ্ধে শিক্ষক, ছাত্র, কর্মচারীদের স্মৃতিচিহ্ন নিয়ে রাজশাহী বিশ্ববিদ্যালয়ের সবুজ চত্তরে গড়ে উঠেছে দেশের সর্বপ্রথম মুক্তিযুদ্ধবিষয়ক জাদুঘরটি। স্বাধীনতা যুদ্ধের ও ইতিহাসের বিভিন্ন উপকরণ সুষ্ঠুভাবে সংরক্ষণের উদ্দেশ্যে ১৯৭৬ সালে এই সংগ্রহশালাটি প্রতিষ্ঠিত হয় রাজশাহী বিশ্ববিদ্যালয় ক্যাম্পাসের শহীদ মিনার কমপ্লেক্স এলাকায়।[1]",কত সালে মুক্তিযুদ্ধ জাদুঘরের উদ্ভোধন হয়েছিল ?,১৯৭৬,১৯৭১ সালে মুক্তিযুদ্ধ জাদুঘরের উদ্বোধন হয়েছিল।
bengali-1779859426821641187-3::inference,bengali-1779859426821641187-3,inference,তৌকির আহমেদ-এর পরিচালনায় অজ্ঞাতনামা চলচ্চিত্রে ফজলুর রহমান বাবুর অভিনয় প্রশংসিত হওয়ার পর তাকে আবার এই চলচ্চিত্রের জন্য নির্বাচন করা হয়। মুহম্মদ মোস্তফা কামাল রাজ পরিচালিত প্রজাপতির পর এই চলচ্চিত্রে দ্বিতীয়বারের মত একসাথে কাজ করেন জাহিদ হাসান ও মোশাররফ করিম। জাহিদ হাসানের এটি তৌকীরের পরিচালনায় প্রথম চলচ্চিত্র। তবে তারা একসঙ্গে নাট্যকেন্দ্রে মঞ্চ নাটক করেছেন। অন্যদিকে মোশাররফ করিম তৌকীরের আগের চারটি চলচ্চিত্রেই অভিনয় করেন। প্রধান দুটি নারী চরিত্রে অভিনয় করেছেন নুসরাত ইমরোজ তিশা এবং রুনা খান। এটি তাদের দুজনেরই তৌকীরের পরিচালনায় প্রথম চলচ্চিত্র।[7] তিশা অভিনীত চরিত্রের নাম হাসু এবং এই চরিত্রের জন্য তাকে নির্বাচন করেছিলেন তৌকিরের স্ত্রী অভিনেত্রী বিপাশা হায়াত। তিশা এই প্রসঙ্গে বলেন তিনি বিপাশা হায়াতের প্রতি কৃতজ্ঞ।[6],অজ্ঞাতনামা চলচ্চিত্রটির সংগীত পরিচালক কে ছিলেন ?,তৌকির আহমেদ,অজ্ঞাতনামা চলচ্চিত্রটির সংগীত পরিচালক ছিলেন **মুহম্মদ মোস্তফা কামাল রাজ**।
bengali-1644744333786318480-20::factualness,bengali-1644744333786318480-20,factualness,"স্বাধীনতার পরে আবির্ভূত চলচ্চিত্র পরিচালকদের মধ্যে আলমগীর কবির (১৯৩৮-১৯৮৯) উল্লেখযোগ্য। তাঁর নির্মিত চলচ্চিত্র হলো ধীরে বহে মেঘনা (১৯৭৩), সূর্য কন্যা (১৯৭৬), সীমানা পেরিয়ে (১৯৭৭), রূপালী সৈকতে (১৯৭৯), মোহনা (১৯৮২),পরিণীতা (১৯৮৪) ও মহানায়ক (১৯৮৫)।",বাংলাদেশী চলচ্চিত্র পরিচালক আলমগীর কবিরের পরিচালিত প্রথম চলচ্চিত্রের নাম কী ?,ধীরে বহে মেঘনা,সোনার কাজল
bengali--7369128730344741991-1::inference,bengali--7369128730344741991-1,inference,আলীবর্দী খানের প্রকৃত নাম মির্জা মুহম্মদ আলী । তাঁর পিতার নাম মির্জা মুহম্মদ ।  তিনি মুঘল দরবার কতৃক খান উপাধি পেয়েছিলেন। আরব বংশোদ্ভূত মির্জা মুহম্মদ বেগ মুঘল সম্রাট আওরঙ্গজেবের তৃতীয় পুত্র আজম শাহের দরবারের একজন কর্মকর্তা ছিলেন[2]। আলীবর্দী খানের মা ইরানের খোরাসানের এক তুর্কি উপজাতি থেকে এসেছিলেন। তাঁর পিতামহ আওরঙ্গজেবের সৎ ভাই ছিলেন। মির্জা মুহম্মদ আলী পূর্ণবয়স্ক হবার পরপরই আজম শাহ তাঁকে পিলখানার পরিচালক হিসেবে নিয়োগ দেন[2]।,নবাব আলীবর্দী খান কোন বংশের সন্তান ছিলেন ?,আরব,নবাব আলীবর্দী খান তুর্কি বংশের সন্তান ছিলেন।
bengali--8651108802342100600-1::inference,bengali--8651108802342100600-1,inference,কক্সবাজার জেলার মোট আয়তন ২৪৯১.৮৬ বর্গ কিলোমিটার।[1],বাংলাদেশের কক্সবাজার জেলার মোট আয়তন কত ?,২৪৯১.৮৬ বর্গ কিলোমিটার,বাংলাদেশের কক্সবাজার জেলার মোট আয়তন প্রায় ২৪৯.১৮৬ বর্গ কিলোমিটার।
bengali-8671424860275717889-0::comprehension,bengali-8671424860275717889-0,comprehension,"উত্তর চব্বিশ পরগণা জেলা ভারত এর পূর্বাঞ্চলীয় রাজ্য পশ্চিমবঙ্গের কলকাতা শহরের উত্তরপূর্ব দিকের একটি জেলা। জেলাটি প্রেসিডেন্সি বিভাগের অন্তর্ভুক্ত। ১৯৮৩ সালে ডঃ অশোক মিত্রের প্রশাসনিক সংস্কার কমিটি এই জেলাকে বিভাজনের সুপারিশ করেন। ১৭ই ফাল্গুণ ১৩৯২ বঙ্গাব্দে (১৯৮৬ সালে ১লা মার্চ) ২৪ পরগণা জেলাটিকে দ্বিখণ্ডিত করে ওই জেলার উত্তরাংশ নিয়ে উত্তর ২৪ পরগণা জেলা স্থাপন করা হয়৷ এর প্রশাসনিক ভবন ও সদর দপ্তর বারাসাত শহরে অবস্থিত৷ বারাসাত, বারাকপুর, বনগাঁ, বসিরহাট, বিধাননগর এই পাঁচটি মহকুমা নিয়ে উত্তর ২৪ পরগণা জেলা গঠিত।",পশ্চিমবঙ্গের উত্তর চব্বিশ পরগনা জেলার সদর শহর কোনটি ?,বারাসাত,বিধাননগর
bengali--5995531565008789310-0::specificity,bengali--5995531565008789310-0,specificity,হাবিবুর রহমান(জন্ম ১ জানুয়ারি ১৯৬৭) বাংলাদেশ পুলিশের এর একজন কর্মকর্তা। বর্তমানে তিনি বাংলাদেশ পুলিশের ঢাকাস্থ সদরদপ্তরে উপ মহাপরিদর্শক (প্রশাসন-ডিসিপ্লিন) হিসেবে দায়িত্বরত। পুলিশি দায়িত্ব পালনের পাশাপাশি সমাজ ও মানুষের জন্য কাজ করা ব্যতিক্রমধর্মী চিন্তা ও ভূমিকা তাকে দিয়েছে বিশেষ খ্যাতি।[1][2] তিনি বাংলাদেশ কাবাডি ফেডারেশান এর সাধারন সম্পাদক [3] এবং এশিয়ান কাবাডি ফেডারেশান এর সহ-সভাপতি।[4],বাংলাদেশ পুলিশের এর একজন কর্মকর্তা হাবিবুর রহমানের জন্মসাল কত ?,১৯৬৭,হাবিবুর রহমানের জন্মসাল সম্ভবত ১৯৬৫ সালের দিকে।
