question_id,question,answer,hallucinated_len
f2c9c3efd90ecb9b875f3c41fe446893b92a7ae8,"একজন ট্রলি চালক তার প্রথম স্টপে ১০ জনকে তুলে নিয়েছিলেন। পরের স্টপে, ৩ জন নেমেছে এবং ১ম স্টপেজের দ্বিগুণ লোক উঠেছে। তৃতীয় স্টপে, ১৮ জন নামলেন এবং ২ জন উঠলেন। ট্রলিতে বর্তমানে কতজন লোক আছে?","ট্রলি চালক এবং তার প্রথম ১০ জন গ্রাহকের মধ্যে, ১+১০ = <<১+১০=১১>>১১ জন বর্তমানে ট্রলিতে রয়েছে
তার প্রথম স্টপে, ১০ জন চলে এবং দ্বিতীয় স্টপে তার দ্বিগুণ লোক উঠেছিল তাই ১০*২ = <<১০*২=২০>>২০ জন লোক দ্বিতীয় স্টপে উঠেছিল।
সুতরাং দ্বিতীয় স্টপে তার বোর্ডে ১১ ​​জন ছিল, ৩ জন নেমেছিল এবং ২০ জন উঠেছিল তাই তার এখন ১১-৩+২০ = <<১১-৩+২০=২৮>>২৮ জন রয়েছে
তার তৃতীয় স্টপে ১৮ জন নামল এবং ২ জন উঠল তাই মোট ২৮-১৮ +২ = <<২৮-১৮+২=১২>>ট্রলিতে ১২ জন
#### ১২",459
70ef41011a3004b38c2312233966597bba314e29,"ন্যান্সি তার মাছের জন্য একটি অ্যাকোয়ারিয়াম পানি দ্বারা পূর্ণ করছে। সে অর্ধেকটা পূরণ করার পর দরজা খুলতে যায়। সে চলে যাওয়ার সময়, তার বিড়াল অ্যাকোয়ারিয়ামে ধাক্কা দেয় এবং এতে অর্ধেক পানি ফেলে দেয়। তারপর ন্যান্সি ফিরে আসে এবং অ্যাকোয়ারিয়ামে পানির পরিমাণ তিনগুণ করে। অ্যাকোয়ারিয়ামটি ৪ ফুট লম্বা, ৬ ফুট চওড়া এবং ৩ ফুট উঁচু হলে অ্যাকোয়ারিয়ামে কত ঘনফুট পানি রয়েছে?","প্রথমে অ্যাকোয়ারিয়ামের দৈর্ঘ্য, প্রস্থ এবং উচ্চতা গুণ করে এর আয়তন নির্ণয় করি: ৪ ফুট * ৬ ফুট * ৩ ফুট = <<৪*৬*৩=৭২>>৭২ ঘনফুট
তারপর বিড়ালটি ধাক্কা দেয়ার পর অ্যাকোয়ারিয়ামের কতটুকু পানি ছিল তা বের করি: ১/২ * ১/২ = ১/৪
তারপরে ন্যান্সি পুনরায় পানি দ্বারা পূর্ন কারা করার পরে অ্যাকোয়ারিয়ামের কোন অনুপাত পূর্ণ হয়েছে তা নির্ধারণ করি: ৩ * ১/৪ = ৩/৪
এখন অ্যাকোয়ারিয়ামে কতটা পানি আছে তা জানতে অ্যাকোয়ারিয়ামের আয়তন দিয়ে পূর্ণ অ্যাকোয়ারিয়ামের অনুপাতকে গুণ করি: ৭২ ঘনফুট * ৩/৪ ​​= <<৭২*৩/৪=৫৪>>৫৪ ঘনফুট
#### ৫৪",449
a2c19b1cbc91076f34e48d556aeed1102d76b783,"জুলি তার প্রিয় কাজিনকে তার জন্মদিনের জন্য একটি ৳২৩৪৫ মাউন্টেন বাইক দিতে চায়। এখন পর্যন্ত, তিনি ৳১৫০০ সঞ্চয় করেছেন। যেহেতু জন্মদিন এখনও কয়েক সপ্তাহ বাকি, জুলির আরও বেশি বাঁচানোর সময় আছে। তিনি ২০টি লন কাটার, ৬০০টি সংবাদপত্র সরবরাহ করার এবং তার প্রতিবেশীদের ২৪টি কুকুরকে হাঁটার পরিকল্পনা করেছেন৷ তাকে প্রতিটি লনের জন্য ৳২০, সংবাদপত্র প্রতিটি ৪০ পয়সা এবং কুকুর প্রতি ৳১৫ প্রদান করা হয়। বাইকটি কেনার পর জুলির কত টাকা বাকি থাকবে? ","লন কাটলে জুলি ২০*২০ = <<২০*২০=৪০০>>৪০০ টাকা উপার্জন করবে
সংবাদপত্র সরবরাহ থেকে টাকা তার আয় হবে ৬০০ *৪০/১০০ = <<৬০০*৪০/১০০=২৪০>>২৪০ টাকা
তার প্রতিবেশীর ২৪টি কুকুর হাঁটার পরে, সে ২৪*১৫ = <<২৪*১৫=৩৬০>>৩৬০ টাকা  উপার্জন করবে।
তাই সে মোট ৪০০ + ২৪০ + ৩৬০ = <<৪০০+২৪০+৩৬০=১০০০>>১০০০ টাকা  উপার্জন করবে
তার চাকরি থেকে উপার্জন তার সঞ্চয়ের সাথে একত্রিত করলে জুলি ১০০০ + ১৫০০ = <<১০০০+১৫০০=২৫০০>>২৫০০ টাকা পাবে
মোট থেকে মাউন্টেন বাইকের খরচ বিয়োগ করলে জুলির ব্যালেন্স ২৫০০ - ২৩৪৫ = <<২৫০০-২৩৪৫=১৫৫>>১৫৫ টাকা থাকবে
#### ১৫৫ ",505
35bfaec59b33e8d6a46ec688e844c75c3c297660,"মাখন ৪.২০ টাকার একটি রুটি এবং ২.০৫ টাকায় কিছু পনির কিনেছেন। তিনি ক্যাশিয়ারকে ৭.০০ টাকা দেন। ক্যাশিয়ারের কাছে যদি শুধুমাত্র ১টি কোয়ার্টার এবং ১টি ডাইম থাকে, প্লাস একগুচ্ছ নিকেল থাকে, তাহলে মার্ক তার তার ভাংতি ফেরতে কতটি নিকেল পায়?","প্রথমে মাখনে মুদিখানার দাম বিয়োগ করি যে পরিমাণ টকা তিনি ক্যাশিয়ারকে দেন তা খুঁজে বের করি যে তিনি তার ভাংতি ফেরতে কত পান: ৳৭.০০ - ৳৪.২০ - ৳২.০৫ = ৳<<৭-৪.২-২.০৫=০.৭৫>>০.৭৫
তারপরে নিকেলগুলিতে মাখন কত টাকা দেওয়া হয় তা জানতে সেন্টে এক চতুর্থাংশের মান (২৫) এবং সেন্টে একটি ডাইমের মান (১০) বিয়োগ করি: ৳০.৭৫ - ৳০.২৫ - ৳০.১০ = ৳<<০.৭৫-০.২৫- ০.১০=০.৪০>>০.৪০
এখন নিকেল প্রতি নিকেলের মূল্যকে সেন্টে (৫) দিয়ে ভাগ করে মাখন কতটি নিকেল পায়: ৳০.৪০ / ৳০.০৫/নিকেল = <<০.৪০/০.০৫=৮>>৮ নিকেল
#### ৮",478
e63c49dd60d3f13a4cf841a6f75b3e80a78992da,"আয়ান কিছু ওজন কমাতে চাইছেন. তিনি কিছু ক্যালোরি বার্ন করার জন্য প্রতি রাতে তার অ্যাপার্টমেন্ট কমপ্লেক্সের চারপাশে জগিং শুরু করার সিদ্ধান্ত নেন। তিনি প্রতি রাতে কমপ্লেক্সের চারপাশে ৫ টি ল্যাপ করেন। প্রতিটি ল্যাপ ১০০ ফুট। যদি একটি ক্যালোরি বার্ন করতে ২৫ ফুট জগিং লাগে, তাহলে ৫ দিন এভাবে জগিং করার পর ইয়ান কত ক্যালোরি পোড়াবে?","প্রথমত, আমাদের নির্ধারণ করতে হবে আয়ান এক সপ্তাহে কত ফুট দৌড়ে। আমরা এটি শুরু করি ল্যাপের সংখ্যাকে প্রতি ল্যাপে দৌড়েরসংখ্যা দ্বারা গুণ করে, ৫*১০০= <<৫*১০০=৫০০>>প্রতিদিন ৫০০ ফুট করে।
যেহেতু সময়কাল পরিমাপ করা হচ্ছে ৫ দিন আছে, এর মানে আয়ান ৫০০*৫= <<২৫০০=২৫০০>>২৫০০ ফুট দৌড়ে দৌড়ায়।
যেহেতু একটি ক্যালোরি বার্ন করতে ২৫ ফুট জগিং লাগে, এর মানে আয়ান ২৫০০/২৫=<<২৫০০/২৫=১০০>>১০০ ক্যালোরি পোড়ায় সারা সপ্তাহে জগিং করে।
#### ১০০",420
c8ee20598f75313a1ae07be432792f394eceb754,"ইনস্টাগ্রামে মতিনের ২৪০জন অনুসারী এবং ফেসবুকে ৫০০ জন অনুসারী রয়েছে। টুইটারে তার অনুসারীর সংখ্যা ইনস্টাগ্রাম এবং ফেসবুকে তার অনুসারীর সংখ্যার অর্ধেক। এদিকে,   টিক-টক-এ তার অনুসরণকারীর সংখ্যা টুইটারে অনুসরণকারীদের সংখ্যার ৩ গুণ, এবং টিক-টক-এর চেয়ে  ইউটিউব -এ তার ৫১০ বেশি অনুসারী রয়েছে। মতিনের তার সমস্ত সামাজিক মিডিয়াতে কতজন অনুসারী আছে?","মতিনের ২৪০জন অনুসারী + ৫০০জন অনুসারী = <<২৪০+৫০০=৭৪০>> ইন্সটাগ্রাম  এবং  ফেসবুক -এ ৭৪০জন অনুসারী আছে।
টুইটারে তার ৭৪০ জন অনুসারী / ২ = <<৭৪০/২=৩৭০>>৩৭০জন অনুসারী রয়েছে।
টিকটকে তার ৩৭০ জন অনুসারী x ৩ = <<৩৭০*৩=১১১০>>১১১০ জন অনুসারী রয়েছে।
ইউটিউবে তার ১১১০ জন অনুসারী+ ৫১০ জন অনুসারী = <<১১১০+৫১০=১৬২০>>১৬২০জন অনুসারী আছে।
সামগ্রিকভাবে, ম্যালকমের ৭৪০জন অনুসারী + ৩৭০ জন অনুসারী + ১১১০ জন অনুসারী + ১৬২০ জন অনুসারী= <<৭৪০+৩৭০+১১১০+১৬২০=৩৮৪০>>সোশ্যাল মিডিয়াতে ৩৮৪০ জন অনুসারী রয়েছে।
#### ৩৮৪০",611
07ac2a06c0270b22b42e1d1011f36bb9e6e97e50,"গতকাল বিজ্ঞান ক্লাসে মোট যত শিক্ষার্থী উপস্থিত ছিল তার দ্বিগুণের চেয়ে দশ শতাংশ কম আজ ক্লাস করেছে। যদি গতকাল ক্লাসে ৭০ জন ছাত্র থাকে এবং আজ ৩০ জন ছাত্র অনুপস্থিত থাকে, তাহলে কোর্সের জন্য নিবন্ধিত ছাত্রের সংখ্যা গণনা করুন।","গতকাল বিজ্ঞান ক্লাসে উপস্থিত শিক্ষার্থীর দ্বিগুণ সংখ্যা ৭০*২ = <<৭০*২=১৪০>>১৪০
গতকাল ক্লাসে উপস্থিত শিক্ষার্থীর সংখ্যার দ্বিগুণের চেয়ে দশ শতাংশ কম মানে ১০/১০০*১৪০ = <<১০/১০০*১৪০=১৪>>গতকালের উপস্থিত সংখ্যার দ্বিগুণের চেয়ে ১৪ কম শিক্ষার্থী রয়েছে।
আজ বিজ্ঞান ক্লাসে উপস্থিত শিক্ষার্থীর সংখ্যা ১৪০-১৪ = <<১৪০-১৪=১২৬>>১২৬
যদি আজ অনুপস্থিত কোর্সের জন্য মোট নিবন্ধিত শিক্ষার্থীর সংখ্যা ৩০ হয়, তাহলে বিজ্ঞান কোর্সের একটি পূর্ণ শ্রেণীতে ১২৬+৩০ = ১৫৬ জন শিক্ষার্থী রয়েছে।
#### ১৫৬",425
6a3007bfacf4581deaf91743cc749c256dd8c765,"মারিয়া একটি কুকুর হাঁটুরে। তার কুকুরের ঝাঁক নিয়ে হাঁটার সময়, সে অন্য একজন কুকুর হাঁটুরে এবং তাদের ৩টি কুকুরের লিশে জড়িয়ে পড়ে। লিশে ৩৬ টি পা জড়িয়ে আছে। মারিয়া কতগুলো কুকুর নিয়ে হাঁটছিল? 
","এখানে ২টি কুকুর ওয়াকার আছে এবং তাদের প্রত্যেকের ২টি পা আছে তাই ২*২ = <<২*২=৪>>৪ পা
অন্য কুকুর ওয়াকার ৩টি কুকুর হাঁটছে যার প্রতিটির ৪টি পা রয়েছে যাতে ৩*৪ = <<৩*৪=১২>>১২টি পা
কুকুর হাঁটারদের ৪টি পা এবং অন্যান্য কুকুরের ১২টি পা মোট ৪+১২ = <<৪+১২=১৬>>১৬ পা
মোট ৩৬টি পা রয়েছে এবং ১৬টি কুকুর হাঁটার এবং ৩টি কুকুরের অন্তর্গত তাই ৩৬-১৬টি পাতা = <<৩৬-১৬=২০>>২০ পা
কুকুরের ৪টি পা আছে এবং ২০টি পা আছে তাই মারিয়ার ২০/৪ = ৫ কুকুর হাঁটছে
#### ৫",488
333505962a5cd453ec3f5098f6d2fbbe066ada25,"পলান নামের একজন অ্যালিগেটরকে তার বাড়ি থেকে নীল ডেল্টা যেতে ৪ ঘন্টা লেগেছিল। ফিরতি যাত্রায়, পলান অন্য ছয়টি অ্যালিগেটরের সাথে ভ্রমণ করেছিলেন, নীল নদের ডেল্টায় হেঁটে নীল নদে তাদের বাড়িতে পৌঁছাতে পলান যে যাত্রা করেছিলেন তার চেয়ে ২ ঘন্টা বেশি সময় লাগে। অ্যালিগেটরদের হাঁটার সম্মিলিত সময় কত?","যদি তার বাড়িতে ফেরার যাত্রায়, নীল নদের ব-দ্বীপে ভ্রমণের চেয়ে অ্যালিগেটরটি ২ ঘন্টা বেশি সময় নেয়, পল তার বাড়িতে ফিরে যেতে ৪+২=<<৪+২=৬>>৬ ঘন্টা সময় নিয়েছে।
পল তার বাড়ি থেকে নীল নদের ডেল্টা পর্যন্ত ভ্রমণ করতে এবং ফিরে যেতে মোট সময় নিয়েছে ৬+৪=<<৬+৪=১০>>১০
তার ফিরতি যাত্রায়, পল অন্য ছয়টি অ্যালিগেটরের সাথে ভ্রমণ করেছিলেন, এবং যেহেতু প্রতিটি অ্যালিগেটর তাদের বাড়িতে নীল নদের উপরে ছয় ঘন্টা ভ্রমণ করেছিল, তাই তাদের মোট ৬*৬=<<৬*৬=৩৬>>৩৬ ঘন্টা লেগেছিল। .
পলের সাথে একসাথে, সমস্ত অ্যালিগেটররা ১০+৩৬=<<১০+৩৬=৪৬>>নীল ডেল্টা এবং নীল নদের মধ্যে ভ্রমণ করতে ৪৬ ঘন্টা সময় নেয়।
#### ৪৬",421
2f99f6efd89a9ff9d538b3fa1edd99277cfaa17d,"মেরির ওজনের তুলনায় মিলির ওজন এক-চতুর্থাংশ গুণ বেশি। মেরির ওজন জারিফের ওজনের চেয়ে ২০ পাউন্ড কম। মেরির ওজন ১৬০ পাউন্ড হলে, তিনটির মিলিত ওজন কত?","মেরির ওজন ১৬০ পাউন্ড হলে, জারিফের ওজন ১৬০ পাউন্ড + ২০ পাউন্ড = <<১৬০+২০=১৮০>>১৮০ পাউন্ড।
যদি মিলিএর ওজন মেরির ওজনের থেকে এক-চতুর্থাংশ কম হয়, তাহলে তার ওজন ১/৪ * ১৬০ পাউন্ড = <<১/৪*১৬০=৪০>>৪০ পাউন্ড বেশি।
মিলিএর মোট ওজন হল ১৬০ পাউন্ড + ৪০ পাউন্ড = <<১৬০+৪০=২০০>>২০০ পাউন্ড।
তিনটির মোট ওজন হল ২০০ পাউন্ড + ১৮০ পাউন্ড + ১৬০ পাউন্ড = <<২০০+১৮০+১৬০=৫৪০>>৫৪০ পাউন্ড।
#### ৫৪০",444
dcbee25c3a4fff249fea972952035ad287d6e1bd,"রোটারি ক্লাব তার বার্ষিক তহবিল সংগ্রহের অমলেট প্রাতঃরাশের আয়োজন করছে, অগ্রিম টিকিট বিক্রি করে। ছোট বাচ্চাদের, বয়স্ক বাচ্চাদের, প্রাপ্তবয়স্কদের এবং বয়স্কদের জন্য টিকিটগুলি বিভিন্ন মূল্যের স্তরে আসে। এই বছর তারা ৫৩টি ছোট বাচ্চাদের টিকিট, ৩৫টি বড় বাচ্চাদের টিকিট, ৭৫টি প্রাপ্তবয়স্কদের টিকিট এবং ৩৭টি সিনিয়র টিকিট বিক্রি করেছে। তাদের কতগুলি ডিম কিনতে হবে তা নির্ধারণ করার জন্য, ক্লাবটি অনুমান করে যে ছোট বাচ্চারা অর্ধেক অমলেট খেতে পারে, বড় বাচ্চারা আস্ত অমলেট খেতে পারে, প্রাপ্তবয়স্করা দুটি অমলেট খাবে এবং সিনিয়ররা দেড় অমলেট খাবে। নিরাপদে থাকার জন্য, তারা ২৫টি অতিরিক্ত অমলেট তৈরি করার জন্য যথেষ্ট ডিম পায়। যদি তারা প্রতিটি অমলেটের জন্য ২টি ডিম ব্যবহার করে, তাহলে তাদের কতটি ডিম কিনতে হবে?","তাদের ছোট বাচ্চাদের জন্য আনুমানিক ০.৫ * ৫৩ = <<০.৫*৫৩=২৬.৫>>২৬.৫ অমলেট তৈরি করতে হবে।
তাদের বড় বাচ্চাদের জন্য আনুমানিক ১ * ৩৫ = <<১*৩৫=৩৫>>৩৫টি অমলেট তৈরি করতে হবে।
তাদের প্রাপ্তবয়স্কদের জন্য আনুমানিক ২ * ৭৫ = <<২*৭৫=১৫০>>১৫০টি অমলেট তৈরি করতে হবে।
এবং তাদের সিনিয়রদের জন্য আনুমানিক ১.৫ * ৩৭ = <<১.৫*৩৭=৫৫.৫>>৫৫.৫ অমলেট তৈরি করতে হবে।
বাফার হিসাবে ২৫টি অতিরিক্ত অমলেটের পাশাপাশি তাদের ২৬.৫ + ৩৫ + ১৫০ + ৫৫.৫ + ২৫ = <<২৬.৫+৩৫+১৫০+৫৫.৫+২৫=২৯২>>২৯২ অমলেটের জন্য পর্যাপ্ত ডিমের প্রয়োজন হবে।
তাই তাদের প্রয়োজন হবে ২ * ২৯২ = <<২*২৯২=৫৮৪>>৫৮৪ ডিম।
#### ৫৮৪",622
03010622a9006a2361dfaf1c2043289db28963e7,"নিরবের ৪টি মাছের ট্যাঙ্ক রয়েছে। প্রথম দুটি ট্যাঙ্কের প্রতিটিতে ৮ গ্যালন জল প্রয়োজন এবং অন্য দুটিতে প্রথম দুটি ট্যাঙ্কের চেয়ে ২  গ্যালন কম জল প্রয়োজন। নিরবকে যদি প্রতি সপ্তাহে মাছের  ট্যাঙ্কের  পানি পরিবর্তন করতে হয়, তাহলে চার সপ্তাহে তার কত গ্যালন পানির প্রয়োজন হবে?","প্রথম দুটি ট্যাঙ্কের প্রয়োজন ৮ x ২ = <<৮*২=১৬>>১৬ গ্যালন জল।
অন্য দুটি ট্যাঙ্কের জন্য ৮ - ২ = <<৮-২=৬>>৬ গ্যালন জল প্রয়োজন।
সুতরাং, অন্য দুটি ট্যাঙ্কের প্রয়োজন ৬ x ২ = <<৬*২=১২>>১২ গ্যালন জল।
নিরবের চারটি ট্যাঙ্কের জন্য প্রতি সপ্তাহে ১৬ + ১২ = <<১৬+১২=২৮>>২৮ গ্যালন জল প্রয়োজন৷
অতএব, তার চার সপ্তাহে মোট ২৮ x ৪ = <<২৮*৪=১১২>>১১২ গ্যালন জল প্রয়োজন।
#### ১১২",384
3c04b9a88c8a16775e140f0b781747ddb7af83ff,জিহাদের একটি টয়লেট রয়েছে যা প্রতি ফ্লাশে ৫ গ্যালন জল ব্যবহার করে এবং তার পরিবার প্রতিদিন ১৫ বার ফ্লাশ করে। তিনি এটিকে একটি টয়লেট দিয়ে প্রতিস্থাপন করেন যা প্রতি ফ্লাশে ৮০% কম জল ব্যবহার করে। জিহাদ জুন মাসে কত জল সংরক্ষণ করেছিলেন?,"তিনি প্রতিদিন ৫*১৫=<<৫*১৫=৭৫>>৭৫ গ্যালন পানি ব্যবহার করতেন।
এর মানে তিনি মাসে ৭৫*৩০=<<৭৫*৩০=২২৫০>>২২৫০ গ্যালন ব্যবহার করেছেন।
তার নতুন টয়লেট প্রতি ফ্লাশে ৫*.৮=<<৫*.৮=৪>>৪ গ্যালন কম পানি ব্যবহার করে।
সুতরাং, এটি প্রতি ফ্লাশে শুধুমাত্র ৫-৪=<<৫-৪=১>>১ গ্যালন ব্যবহার করে।
তার মানে সে প্রতিদিন ১*১৫=<<১*১৫=১৫>>১৫ গ্যালন ব্যবহার করে।
সব মিলিয়ে, এটি মোট ১৫*৩০=<<১৫*৩০=৪৫০>>৪৫০ গ্যালন ব্যবহার করে।
সুতরাং, তিনি প্রতি মাসে ২২৫০-৪৫০=<<২২৫০-৪৫০=১৮০০>>১৮০০ গ্যালন সংরক্ষণ করেছেন।
#### ১৮০০",496
fb0abd534f2a87d0e1c6a8a6a00bdbda53e7e949,"কায়েস তার বোনের পার্টির জন্য বেলুন ফুলিয়ে দিচ্ছে। তার যতটা সম্ভব বেলুন ফোলানোর তোলার জন্য ৩০ মিনিট সময় আছে এবং সে বেলুনের সংখ্যা বাড়ানোর জন্য তার ভাইয়ের সাহায্য নেওয়ার সিদ্ধান্ত নেয়। কায়েস প্রতি মিনিটে মোটামুটি ২টি বেলুন ফুলাতে পারে, এবং তার ভাই তার চেয়ে দ্বিগুণ দ্রুত কাজ করে। ১৫ মিনিট পরে, তার ভাই তার গতি দ্বিগুণ করে এবং অবশিষ্ট ১৫ মিনিট এই নতুন গতিতে কাজ করে। ৩০ মিনিট পরে, কায়েস এবং তার ভাই মোটামুটি কতগুলো বেলুন ফুলিয়েছে?","৩০ মিনিট জুড়ে, ক্রিস প্রতি মিনিটে ২টি বেলুন ফুলিয়ে দেয় * ৩০ মিনিট = <<২*৩০=৬০>>৬০টি বেলুন।
তার ভাই প্রথম ১৫ মিনিটে দ্বিগুণ কায়েসের  গতিতে কাজ করে তাই সে প্রতি মিনিটে ২ বেলুন * ২ = <<২*২=৪>>৪ বেলুন প্রতি মিনিটে কাজ করে।
তাই প্রথম ১৫ মিনিটে, সে প্রতি মিনিটে ৪টি বেলুন উড়িয়ে দেয় * ১৫ মিনিট = <<৪*১৫=৬০>>৬০টি বেলুন।
দ্বিতীয় ১৫ মিনিটে, তিনি আগের চেয়ে দ্বিগুণ হারে কাজ করছেন, তাই তিনি প্রতি মিনিটে ৪টি বেলুন উড়িয়েছেন * ২ = <<৪*২=৮>>প্রতি মিনিটে ৮টি বেলুন।
দ্বিতীয় ১৫ মিনিটে, কায়েসের  ভাই তাই প্রতি মিনিটে ৮টি বেলুন উড়িয়ে দেন * ১৫ মিনিট = <<৮*১৫=১২০>>১২০টি বেলুন।
৩০ মিনিট জুড়ে, তিনি মোট ৬০ + ১২০ = <<৬০+১২০=১৮০>>১৮০টি বেলুন ফুলিয়েছে।
তাই কায়েস এবং তার ভাই থেকে মোট ৬০টি বেলুন + ক্রিসের ভাইয়ের ১৮০টি বেলুন = <<৬০+১৮০=২৪০>>২৪০টি বেলুন ফুলিয়েছে।
#### ২৪০",967
2c1aab671ca863a5f2910f9f5868b57300ab19bd,"আনিস তার ট্রাক চালানো নিরাপদ কিনা তা বুঝতে চেষ্টা করছেন।  প্রতি ৩ ডিগ্রির জন্য তাপমাত্রা ৩২ ডিগ্রির নিচে নেমে যায়, আনিসের বরফের উপর স্কিডিংয়ের সম্ভাবনা ৫% বৃদ্ধি পায়। যদি সে একটি স্কিডে যায়, তার নিয়ন্ত্রণ পুনরুদ্ধারের ৪০% আছে। অন্যথায়, তার একটি গুরুতর দুর্ঘটনা হবে। যদি তাপমাত্রা ৮ ডিগ্রী হয়, তাহলে অ্যানির গাড়ি চালালে গুরুতর দুর্ঘটনার সম্ভাবনা কত শতাংশ?","প্রথমে ৩২ এর নিচে কত ডিগ্রী তাপমাত্রা তা খুঁজে বের করুন: ৩২ ডিগ্রী - ৮ ডিগ্রী = <<৩২-৮=২৪>>২৪ ডিগ্রী
তারপরে স্কিড ঝুঁকিতে ৫% বৃদ্ধির প্রতি ৫% বৃদ্ধির জন্য সেই পরিমাণকে ডিগ্রীর সংখ্যা দিয়ে ভাগ করুন: ২৪ ডিগ্রি / ৩ ডিগ্রি/৫% বৃদ্ধি = <<২৪/৩=৮>>৮ ৫% বৃদ্ধি
স্কিড ঝুঁকির মোট বৃদ্ধি খুঁজে পেতে বৃদ্ধির সংখ্যাকে ৫% দ্বারা গুণ করুন: ৮ * ৫% = ৪০%
এখন ১০০%: ১০০% - ৪০% = ৬০% থেকে নিয়ন্ত্রণ পুনরুদ্ধারের সুযোগ বিয়োগ করে আনিস যদি স্কিডে চলে যায় তবে তার গুরুতর দুর্ঘটনার সম্ভাবনা খুঁজে বের করুন
অবশেষে, একটি গুরুতর দুর্ঘটনার মোট ঝুঁকি খুঁজে বের করার জন্য একটি স্কিডের পরে একটি গুরুতর দুর্ঘটনার সম্ভাবনা দ্বারা একটি স্কিডে যাওয়ার সম্ভাবনাকে গুণ করুন: ৬০% * ৪০% = ২৪%
#### ২৪",576
1482c52e337fd0a47d8be6d38bd9f794b67dac96,"একটি ছোট পিজ্জাতে ৬টি স্লাইস থাকে, একটি মাঝারি পিজ্জাতে ৮টি স্লাইস থাকে যেখানে একটি বড় পিজ্জাতে ১২টি স্লাইস থাকে। আপনি যদি মোট ১৫টি পিজ্জা কিনে থাকেন এবং আপনি জানেন যে আপনি ৪টি ছোট পিজ্জা এবং ৫টি মাঝারি পিজ্জা অর্ডার করেছেন তাহলে আপনার কাছে কত স্লাইস পিজ্জা থাকবে?","আমরা জানি যে ৪টি ছোট পিজ্জা এবং ৫টি মাঝারি পিজ্জা = ৪+৫ = ৯টি বড় পিজ্জা কেনা হয়েছিল
কারণ মোট ১৫টি পিজ্জা কেনা হয়েছিল তখন ১৫ - ৯ = <<১৫-৯=৬>>৬টি বড় পিজ্জা অর্ডার করা হয়েছিল
যদি ১টি ছোট পিজ্জাতে ৬টি স্লাইস থাকে তবে ৪টি ছোট পিজ্জাতে ৪ * ৬ = <<৪*৬=২৪>>২৪টি স্লাইস থাকবে
একইভাবে, যদি ১টি মাঝারি পিজ্জাতে ৮টি স্লাইস থাকে তাহলে ৫টি মাঝারি পিজ্জাতে ৫ * ৮ = <<৮*৫=৪০>>৪০টি স্লাইস থাকবে
একইভাবে, যদি ১টি বড় পিজ্জাতে ১২টি স্লাইস থাকে তাহলে ৬টি বড় পিজ্জাতে ৬ * ১২ = <<৬*১২=৭২>>৭২টি স্লাইস থাকবে
তার মানে আমাদের মোট ২৪টি ছোট স্লাইস + ৪০টি মাঝারি স্লাইস + ৭২টি বড় স্লাইস = ২৪ + ৪০ + ৭২ = <<২৪+৪০+৭২=১৩৬>>পিজ্জার ১৩৬ স্লাইস
#### ১৩৬",391
08dc309fee8407f76930a9c1c668ce87eb57c1d6,একটি ৪০০০-লিটার ট্যাঙ্ক থেকে তিন-চতুর্থাংশ তেল (যা প্রাথমিকভাবে পূর্ণ ছিল) একটি ২০০০০-লিটার ক্ষমতার ট্যাঙ্কারে ঢেলে দেওয়া হয়েছিল যাতে ইতিমধ্যে ৩০০০ লিটার তেল ছিল। বড় ট্যাঙ্কারটি অর্ধেক পূর্ণ করতে আর কত লিটার তেল লাগবে?,"প্রাথমিকভাবে সম্পূর্ণ ৪০০০-লিটার ট্যাঙ্ক থেকে তিন-চতুর্থাংশ তেল হবে ৪০০০*(৩/৪)= <<৪০০০*৩/৪=৩০০০>>৩০০০ লিটার
বড় ট্যাঙ্কারে আগে থেকে যে ৩০০০ লিটার ছিল, তার সাথে এখন ৩০০০+৩০০০ = <<৩০০০+৩০০০=৬০০০>>৬০০০ লিটার আছে।
ট্যাঙ্কারটি (১/২)*২০০০০ = <<(১/২)*২০০০০=১০০০০>>১০০০০ লিটার তেল দ্বারা অর্ধেক ক্ষমতায় পূর্ণ হবে
১০০০০-৬০০০ = <<১০০০০-৬০০০=৪০০০>>৪০০০ লিটার বাকি আছে অর্ধেক ধারণক্ষমতায় পৌঁছতে।
#### ৪০০০",388
15f4d544fbce2a343342f27c1577ed115900ccc6,"মিরাজ  কিছু জিনিস কিনতে দোকানে যায়. তিনি ৬২ ৳ ক্যান স্যুপ, ২ ৳ ৫টি রুটি, ২টি ৩ ৳ বাক্স সিরিয়াল এবং ২ ৳ ৪ গ্যালন দুধ কেনেন। যখন সে রেজিস্টারে যায়, তখন সে তার মানিব্যাগ খোলে এবং বুঝতে পারে তার কাছে মাত্র ৳১০ বিল আছে। ৳১০ বিল পরিশোধ করতে তাকে কত টাকা ব্যবহার করতে হবে?","মিরাজ  ৬ টাকাই ২ টি ক্যান স্যুপ কেনেন, যার অর্থ তিনি ৬*২= <<৬*২=১২>>১২ ডলার স্যুপের জন্য ব্যয় করেন।
মিরাজ  ২ ৳৫ রুটি ক্রয় করে, যার অর্থ তিনি ২*৫= <<২*৫=১০>>১০ টাঁকার রুটির জন্য ব্যয় করেন।
মিরাজ ২ ৳৩ বাক্স সিরিয়াল কেনে, যার মানে সে ২*৩= <<২*৩=৬>>৬ টাকার সিরিয়ালের জন্য খরচ করে।
মিরাজ  ২ ৳৪ গ্যালন দুধ কেনে, মানে সে দুধের জন্য ২*৪= <<২*৪=৮>>৮ টাকা খরচ করে।
সব একসাথে যোগ করা হয়েছে, এর মানে মার্ক ১২+১০+৬+৮= <<১২+১০+৬+৮=৩৬>>৩৬ টাকা খরচ করে
যেহেতু মিরাজের মাত্র ৳১০ বিল আছে, সে এতে ব্যয় করে ৩৬/১০= <<৩৬/১০=৩.৬>>৩.৬ দশ, যা ৪ পর্যন্ত হয় কারণ আপনি একটি অবিভাজ্য আইটেমের .৬ খরচ করতে পারবেন না।
#### ৪",539
3696be5cce736d4f8c9412bac9e2b37a4e7b11cb,"রিয়া প্রায় ২ বছর আগে একটি গাড়ির জন্য সঞ্চয় শুরু করেছিলেন। প্রথম বছরের জন্য, তার সাপ্তাহিক ভাতা ছিল ৳৫০। দ্বিতীয় বছরে, তিনি একটি চাকরি পেয়েছিলেন, যা একটি কফি শপে ঘন্টায় ৳৯ দেয় এবং সপ্তাহে ৩০ ঘন্টা কাজ করে, তাই তার বাবা-মা তার ভাতা বন্ধ করে দেয়। তিনি যে গাড়িটি কিনতে চান সেটি যদি ৳১৫,০০০ হয় এবং তিনি সপ্তাহে ৳৩৫ নিজের জন্য ব্যয় করেন, তাহলে ২ বছরের শেষে গাড়িটি কিনতে রিয়ার আর কত টাকা লাগবে?","এক বছরে ৫২ সপ্তাহ থাকে।
প্রথম বছরের জন্য, রিয়া  ৫২ x ৫০ = ৳<<৫২*৫০=২৬০০>>২৬০০ পেয়েছে
দ্বিতীয় বছরে, রিয়া  ৯ x ৩০ = ৳<<৯*৩০=২৭০>>২৭০ সপ্তাহে আয় করেছেন
এক বছরে, রিয়া  ৫২ x ২৭০ = ৳<<৫২*২৭০=১৪০৪০>>১৪,০৪০ উপার্জন করেছেন
দুই বছরের জন্য মোট হল ১৪০৪০+২৬০০ = <<১৪০৪০+২৬০০=১৬৬৪০>>১৬৬৪০
২ বছরে, রিয়ার সাপ্তাহিক খরচের পরিমাণ ছিল ৳৩৫ x (৫২ x ২) = ৳৩৫ x ১০৪ = ৳<<৩৫*৫২*২=৩৬৪০>>৩৬৪০
২ বছরের শেষ নাগাদ, রিয়া  ৳১৬৬৪০ - ৳৩৬৪০= <<১৬৬৪০-৩৬৪০=১৩০০০>>১৩০০০ সঞ্চয় করতেন
রিয়ার এখনও প্রয়োজন ৳১৫,০০০ - ১৩০০০ = ৳<<১৫০০০-১৩০০০=২০০০>>২০০০
#### ২০০০",584
8d72630f6c278757d7ef4c913008b1ec422809bf,একটি বিশেষ বেলুন পানির নিচে রাখলে প্রতি ঘণ্টায় তার আগের আয়তনের দুই-পঞ্চমাংশ বৃদ্ধি পায়। যদি এর আসল আয়তন ৫০০ (সেমি)³ হয় তবে পানির নিচে ২ ঘন্টা পর এর আয়তন কত হবে?,"প্রথম ঘন্টায়, বেলুনের আয়তন ৫০০ (সেমি)³ এর দুই-পঞ্চমাংশ বৃদ্ধি পাবে যা (২/৫)*৫০০(সেমি)³ = <<২/৫*৫০০=২০০>>২০০(সেমি)³
প্রথম ঘন্টার পরে, এটির আয়তন হবে (৫০০+২০০)(সেমি)³ = <<(৫০০+২০০)=৭০০>>৭০০(সেমি)³
দ্বিতীয় ঘন্টায়, এটি আয়তনে ৭০০(সেমি)³ এর দুই-পঞ্চমাংশ বৃদ্ধি পাবে যা (২/৫)*৭০০(সেমি)³ = <<২/৫*৭০০=২৮০>>২৮০(সেমি)³
দ্বিতীয় ঘন্টার পরে, এর আয়তন হবে (৭০০+২৮০)(সেমি)³ = <<(৭০০+২৮০)=৯৮০>>৯৮০(সেমি)³
#### ৯৮০",251
75df521347330eb76e5377b50163f62daf70132a,নাইমা একটি স্থানীয় বেকারি থেকে সপ্তাহের জন্য তার এবং তার পরিবারের প্রয়োজনীয় সমস্ত রুটি কিনে নেয়। তার স্যান্ডউইচের জন্য ২টি সাদা রুটি প্রয়োজন যার প্রতিটির দাম ৳৩.৫০। তার একটি ব্যাগুয়েটও দরকার যার দাম ৳১.৫০ এবং ২ রুটি টক রুটি যার প্রতিটির দাম ৳৪.৫০। এছাড়াও তিনি প্রতিটি সফরে ৳২.০০ বাদাম ক্রসেন্টের সাথে নিজেকে ব্যবহার করেন। নাইমা ৪ সপ্তাহে বেকারিতে কত খরচ করে?,"সাদা রুটির ২টি রুটি প্রতিটির দাম ৳৩.৫০ তাই তাদের দাম ২*৩.৫০ = ৳<<২*৩.৫০=৭.০০>>৭.০০
২টি টক রুটির দাম ৳৪.৫০ তাই এগুলোর দাম ২*৪.৫০ = ৳<<২*৪.৫০=৯.০০>>৯.০০
সাদা রুটির দাম আসে ৳৭.০০, টক ডাল ৳৯.০০ এবং তিনি ৳১.৫০ এর জন্য একটি ব্যাগুয়েট এবং ৳২.০০ এর জন্য একটি ক্রসেন্ট পান তাই তিনি প্রতি সপ্তাহে ৭+৯+১+২ = ৳১৯.৫০ খরচ করেন
যদি সে ৪ সপ্তাহের জন্য প্রতি সপ্তাহে ৳১৯.৫০ এর একই অর্ডার কেনে তাহলে সে ৪ সপ্তাহে ১৯.৫০*৪ = ৳<<১৯.৫০*৪=৭৮.০০>>৭৮.০০ খরচ করবে
#### ৭৮",514
56c7b5d4f5fe47341a93fd23a84e8e7a3aa2d48b,জামান জিমের সদস্যপদ পাওয়ার সিদ্ধান্ত নেয় যাতে সে শারিরীক আকৃতি পেতে পারে। তার বাড়ির কাছের জিমটি কাছাকাছি কিন্তু সে যা চাহিদা মতো তার সবকিছু নেই তাই সে দুটি ভিন্ন জিমের সদস্যপদ নেয়। সস্তা জিমটির ফি মাসে ৳১০ এবং সাইন-আপ ফি ৳৫০। দ্বিতীয় জিমটি ৩ গুণ বেশি ব্যয়বহুল এবং এতে ৪ মাসের সদস্যতার সাইন-আপ ফি রয়েছে। জিমের সদস্য পদের জন্য তিনি প্রথম বছরে মোট কত টাকা দিয়েছিলেন?,"সস্তা জিমের দাম ১০*১২=৳<<১০*১২=১২০>>১২০ মাসিক ফি
সুতরাং মোট খরচ ছিল ১২০+৫০=৳<<১২০+৫০=১৭০>>১৭০
আরও ব্যয়বহুল জিমের খরচ ৩*১০=৳<<৩*১০=৩০>>৩০ প্রতি মাসে
তার মানে সাইন আপ ফি ছিল ৩০*৪=৳<<৩০*৪=১২০>>১২০
ব্যয়বহুল জিমের মাসিক ফি ৩০*১২=৳<<৩০*১২=৩৬০>>প্রতি বছর ৩৬০ হয়
তাই ব্যয়বহুল জিমের মোট খরচ ছিল ৩৬০+১২০=৳<<৩৬০+১২০=৪৮০>>৪৮০
সুতরাং তার মোট খরচ ছিল ৪৮০+১৭০=৳<<৪৮০+১৭০=৬৫০>>৬৫০
#### ৬৫০",541
1d7f0333a245421c2683f7301d08db65912f39ab,অনাহি প্রতি সোমবার থেকে বুধবার ৩ মাইল দৌড়ে। তারপর প্রতি বৃহস্পতি ও শুক্রবারে তিনি যতদূর দৌড়েছেন তার দ্বিগুণ দৌড়ান। তিনি ৪ সপ্তাহে এক মাসে কত মাইল চালাবেন?,"স্কট প্রতি বৃহস্পতিবার এবং শুক্রবার ৩ x ২ = <<৩*২=৬>>৬ মাইল দৌড়ায়।
সোমবার থেকে বুধবার পর্যন্ত এক সপ্তাহের জন্য স্কট দ্বারা চালানো মোট মাইল হল ৩ x ৩ = <<৩*৩=৯>>৯ মাইল।
বৃহস্পতিবার থেকে শুক্রবার পর্যন্ত এক সপ্তাহের জন্য স্কট দ্বারা চালানো মোট মাইল হল ৬ x ২ = <<৬*২=১২>>১২ মাইল।
সুতরাং, এক সপ্তাহে, স্কট মোট ৯ + ১২ = <<৯+১২=২১>>২১ মাইল চালায়।
এইভাবে, তিনি এক মাসে মোট ২১ x ৪ = <<২১*৪=৮৪>>৮৪ মাইল চালান।
#### ৮৪",470
b109ebe968a9bcd434e7af31208886461dc1cf18,"রুমি এবং তার ভাই কারসন প্রত্যেকে ডিনারে যাওয়ার জন্য ৳ ৪০ সঞ্চয় করেছিলেন। বিল তাদের মোট টাকার ৩/৪। পরে, তারা আইসক্রিম খেতে বাইরে যায়। প্রতিটি স্কুপের দাম ৳১.৫ এবং তারা একে অপরের সমান পরিমাণ পায়। যদি তারা প্রত্যেকে ৳১ পরিবর্তন করে চলে যায়, তাহলে তারা প্রত্যেকে কত স্কুপ কিনেছে?","তাদের ৳৮০ সঞ্চয় হয়েছিল কারণ ২ x ৪০ = <<২*৪০=৮০>>৮০
তারা ৳৬০ খরচ করেছে কারণ ৮০ x (৩/৪) = <<৮০*(৩/৪)=৬০>>৬০
তাদের কাছে আইসক্রিমের জন্য ৳২০ বাকি ছিল কারণ ৮০ - ৬০ = <<৮০-৬০=২০>>২০
আইসক্রিমের দোকান থেকে বের হওয়ার পর তাদের কাছে ৳২ বাকি ছিল কারণ ২ x ১ = <<২*১=২>>২
তারা আইসক্রিমের জন্য ৳১৮ খরচ করেছে কারণ ২০ - ২ = <<২০-২=১৮>>১৮
১২ স্কুপ আইসক্রিম কিনেছে কারণ ১৮ / ১.৫ = <<১৮/১.৫=১২>>১২
প্রত্যেকে ৬ টি স্কুপ কিনেছে কারণ ১২/২ = <<১২/২=৬>>৬
#### ৬",450
eadf68208852d9bb1abfaf6c11dcbf7f62ec4eca,"জোস একটি সুইমিং পুলের মালিক। তিনি বাচ্চাদের জন্য ৳৩ এবং প্রাপ্তবয়স্কদের জন্য দ্বিগুণ পরিমাণ চার্জ করেন। যদি ৮ টি বাচ্চা এবং ১০ জন প্রাপ্তবয়স্ক তার সুইমিং পুলে প্রতিদিন সাঁতার কাটে, তাহলে সে প্রতি সপ্তাহে কত টাকা আয় করবে?","জোস বাচ্চাদের জন্য প্রতিদিন ৳৩ x ৮ = ৳<<৩*৮=২৪>>২৪ উপার্জন করতে পারে।
তিনি প্রাপ্তবয়স্ক প্রতি ৳৩ x ২ = ৳<<৩*২=৬>>৬ চার্জ করেন।
সুতরাং, সে প্রাপ্তবয়স্কদের জন্য প্রতিদিন ৳৬ x ১০ = ৳<<৬*১০=৬০>>৬০ উপার্জন করতে পারে।
জোস ৳৬০ + ৳২৪ = ৳<<৬০+২৪=৮৪>>বাচ্চা এবং প্রাপ্তবয়স্কদের জন্য প্রতিদিন ৮৪ উপার্জন করেন।
অতএব, তিনি প্রতি সপ্তাহে ৳৮৪ x ৭ = ৳<<৮৪*৭=৫৮৮>>৫৮৮ উপার্জন করতে পারেন।
#### ৫৮৮",377
36e94019ac5c1a627155f4547eb64a124d1b6f91,মিলি প্রতি ২০ সেকেন্ডে ১ গ্যালন হারে ৫০-গ্যালন মাছের ট্যাঙ্কে জল ঢালছে। যদি তিনি ৬ মিনিট মাছের ট্যাঙ্কে জল ঢালেন তবে ট্যাঙ্কটি পূরণ করতে তাকে আরও কত গ্যালন জল ট্যাঙ্কে ঢালতে হবে?,"যখন সে ৬ মিনিটের জন্য গ্যালনে জল ঢেলে, সেকেন্ডে মোট সময় হল ৬ মিনিট * ৬০ সেকেন্ড/মিনিট = <<৬*৬০=৩৬০>>৩৬০ সেকেন্ড।
যদি ২০ সেকেন্ডের মধ্যে তিনি ট্যাঙ্কে ১ গ্যালন জল ঢেলে দেন, ৩৬০ সেকেন্ডে, তিনি ৩৬০ সেকেন্ড / ২০ সেকেন্ড/গ্যালন = <<৩৬০/২০/১=১৮>>১৮ গ্যালন জল ট্যাঙ্কে ঢেলে দেন।
ট্যাঙ্কটি পূরণ করতে অব্রিলাকে ৫০ গ্যালন - ১৮ গ্যালন = <<৫০-১৮=৩২>>আরও ৩২ গ্যালন ট্যাঙ্কে ঢেলে দিতে হবে।
#### ৩২",378
87e5e99a7ee3ab7a7fad51d3f06e3ce0e71ab7c2,"সুজানার ইতিহাস পাঠ্যপুস্তকে ১৬০ পৃষ্ঠা রয়েছে এবং তার ভূগোল পাঠ্যপুস্তকে আরও ৭০ পৃষ্ঠা রয়েছে। তার গণিতের পাঠ্যপুস্তকে প্রথম দুটি বইয়ের পৃষ্ঠার সমষ্টির অর্ধেক রয়েছে এবং তার বিজ্ঞান পাঠ্যপুস্তকে তার ইতিহাস পাঠ্যপুস্তকের পৃষ্ঠার দ্বিগুণ সংখ্যা রয়েছে। সুজানা যদি তার সমস্ত পাঠ্যবই তার টেবিলে স্তূপ করে রাখে, তাহলে মোট কত পৃষ্ঠা থাকবে?","তার ভূগোল পাঠ্যপুস্তকে ১৬০ + ৭০ = <<১৬০+৭০=২৩০>>২৩০ পৃষ্ঠা রয়েছে
তার ইতিহাস এবং ভূগোল পাঠ্যপুস্তকের পৃষ্ঠাগুলির সমষ্টি হল ১৬০ + ২৩০ = <<১৬০+২৩০=৩৯০>>৩৯০ পৃষ্ঠা
তার গণিত পাঠ্যপুস্তকে ৩৯০/২ = <<৩৯০/২=১৯৫>>১৯৫ পৃষ্ঠা রয়েছে
তার বিজ্ঞান পাঠ্যপুস্তকে ১৬০ x ২ = <<১৬০*২=৩২০>>৩২০ পৃষ্ঠা রয়েছে
মোট, ১৬০ + ২৩০ + ১৯৫ + ৩২০ = <<১৬০+২৩০+১৯৫+৩২০=৯০৫>>৯০৫ পৃষ্ঠা থাকবে
#### ৯০৫",417
3c1022a554c93079b7d08e28839c7b6c4b4896a7,"বাদল তার বাড়ি আবার রং করতে চায়। তাকে তার বসার ঘরে তিনটি দেয়াল আঁকতে হবে, যেটি একটি বর্গক্ষেত্র ৪০ ফুট বাই ৪০ ফুট, এবং তার শোবার ঘরের চারটি দেয়াল, যা একটি আয়তক্ষেত্র ১০ ফুট বাই ১২ ফুট। ম্যাটের বাড়ির সমস্ত দেয়াল ১০ ফুট লম্বা। বাদলের মোট কত বর্গফুট প্রাচীর রং করতে হবে?","প্রথমে বসার ঘরে কত বর্গফুট দেয়াল আছে তা বের করুন: ৪০ ফুট দৈর্ঘ্য * ১০ ফুট উচ্চতা = <<৪০*১০=৪০০>>৪০০ বর্গফুট
এখন ৩ দ্বারা গুন করুন যেহেতু ম্যাটকে তিনটি বসার ঘরের দেয়াল আঁকতে হবে: ৪০০ বর্গফুট/ওয়াল * ৩ দেয়াল = <<৪০০*৩=১২০০>>১২০০ বর্গফুট
বেডরুমের লম্বা দেয়াল কত বর্গফুট তা বের করুন: ১২ ফুট * ১০ ফুট = <<১২*১০=১২০>>১২০ বর্গফুট
দুটি লম্বা দেয়াল আছে, তাই এই চিত্রটিকে ২ দ্বারা গুণ করুন: ১২০ বর্গফুট/ওয়াল * ২ দেয়াল = <<১২০*২=২৪০>>২৪০ বর্গফুট
বেডরুমের ছোট দেয়াল কত বর্গফুট তা বের করুন: ১০ ফুট * ১০ ফুট = <<১০*১০=১০০>>১০০ বর্গফুট
এটিকে ২ দ্বারা গুণ করুন, যেহেতু দুটি ছোট দেয়াল রয়েছে: ১০০ বর্গফুট/ওয়াল * ২ দেয়াল = <<১০০*২=২০০>>২০০ বর্গফুট
অবশেষে, তিনটি বসার ঘরের দেয়াল, দুটি ছোট বেডরুমের দেয়াল এবং দুটি লম্বা বেডরুমের দেয়াল থেকে বর্গাকার ফুটেজ যোগ করুন: ১২০০ বর্গফুট + ২৪০ বর্গফুট + ২০০ বর্গফুট = <<১২০০+২৪০+২০০=১৬৪০>> ১৬৪০ বর্গফুট
#### ১৬৪০",878
d84f3261288351b7dd8e71055b23661bf02a120f,"আশার একটি কনসার্টের টিকিট কিনতে চায় যার দাম ৳১৮১, এবং প্রতিটি ৭ টাকায় পাঁচটি পানীয়ের টিকিট। আশার যদি প্রতি ঘন্টায় ৳১৮ উপার্জন করে এবং সপ্তাহে ৩০ ঘন্টা কাজ করে, তাহলে তার মাসিক বেতনের কত শতাংশ সে এই আউটিং এ ব্যয় করবে?","প্রথমে পানীয় টিকিটের মোট মূল্য খুঁজুন: ৫ টি টিকিট * ৳৭/টিকিট = ৳<<৫*৭=৩৫>>৩৫
তারপর মোট খরচ জানতে টিকিটের খরচের সাথে সেই খরচ যোগ করুন: ৳৩৫ + ৳১৮১ = ৳<<৩৫+১৮১=২১৬>>২১৬
তারপরে আশার ঘন্টার হারকে তার সাপ্তাহিক উপার্জন খুঁজে পেতে প্রতি সপ্তাহে কত ঘন্টা কাজ করে তার দ্বারা গুণ করুন: ৳১৮/ঘন্টা * ৩০ ঘন্টা/সপ্তাহ = ৳<<১৮*৩০=৫৪০>>৫৪০/সপ্তাহ
তারপরে তার সাপ্তাহিক উপার্জনকে সে প্রতি মাসে কাজ করে এমন সপ্তাহের সংখ্যা দিয়ে গুণ করুন: ৳৫৪০/সপ্তাহ * ৪ সপ্তাহ/মাস = ৳<<৫৪০*৪=২১৬০>>২১৬০/মাস
তারপরে আশার মাসিক উপার্জন দ্বারা কনসার্টের খরচ ভাগ করুন এবং উত্তরটিকে শতাংশ হিসাবে প্রকাশ করতে ১০০% দ্বারা গুণ করুন: ৳২১৬ / ৳২১৬০ * ১০০% = ১০%
#### ১০",389
c3400d76f62ec348de5362354c40c6d267fb2394,"মিম বিস্কুট বিক্রি করে। এই বছর, তিনি অন্তত ১৫০ টি বিস্কুটের বাক্স বিক্রি করতে চান। তার প্রথম গ্রাহক ৫ টি বাক্স কেনে, তার দ্বিতীয়টি তার প্রথম গ্রাহকের চেয়ে ৪ গুণ বেশি কেনে৷ তার তৃতীয় গ্রাহক তার দ্বিতীয়ের তুলনায় অর্ধেক কেনেন। চতুর্থ গ্রাহক তার তৃতীয় গ্রাহকের চেয়ে ৩ গুণ বেশি ক্রয় করে। সবশেষে, তার চূড়ান্ত গ্রাহক ১০টি কিনে নেয়। মিম তার বিক্রয় লক্ষ্য অর্জনের জন্য কতটি বাক্স বিক্রি করতে বাকি রেখেছে?","মিমের দ্বিতীয় গ্রাহক তার প্রথম গ্রাহকের ৫টি বাক্সের চেয়ে ৪ গুণ বেশি কেনেন, তাই তারা ৪*৫=<<৪*৫=২০>>২০টি বাক্স কেনেন
মিমের তৃতীয় গ্রাহক তার দ্বিতীয় গ্রাহক যা কিনেছেন তার অর্ধেক কেনেন, তার মানে তারা ২০/২= <<২০/২=১০>>১০টি বাক্স কেনেন
মিমের চতুর্থ গ্রাহক তার তৃতীয় গ্রাহক যা কিনেছেন তার চেয়ে ৩ গুণ বেশি কিনছেন, তার মানে তারা ১০*৩= <<৩*১০=৩০>>৩০টি বাক্স কেনেন
প্রথম গ্রাহকের কাছে বিক্রি হওয়া ৫টি বাক্স এবং শেষেরটিতে বিক্রি হওয়া ১০টি বাক্স যোগ করলে, এর মানে মিম ৫+১০+২০+১০+৩০= <<৫+১০+২০+১০+৩০=৭৫> বিক্রি করেছে। >৭৫ বাক্স
যেহেতু মিমের লক্ষ্য ১৫০টি বাক্স বিক্রি হয়েছে, এবং সে এখনও পর্যন্ত ৭৫টি বিক্রি করেছে, তাই তাকে তার লক্ষ্য পূরণ করতে ১৫০-৭৫=<<১৫০-৭৫=৭৫>>আরও ৭৫টি বাক্স বিক্রি করতে হবে
#### ৭৫",905
087d9e1a72becefded688ef7aa357c2a03e817d6,"গোল্লাছুটের মৌসুমের ফাইনাল খেলায় চারজন খেলোয়াড় নম্বর অর্জন করেছে। চন্দ্র আকিফের চেয়ে দ্বিগুণ নম্বর অর্জন করেছিলেন। আকিফ মিনালের চেয়ে ৪ বেশি নম্বর অর্জন করেছে, এবং মিনাল বাধনের মতো অর্ধেক নম্বর অর্জন করেছে। বাধন ১৪ নম্বর অর্জন করলে, মৌসুমের শেষ খেলায় দল মোট কত নম্বর অর্জন করেছে?","যদি বাধন ১৪ নম্বর অর্জন করে, এবং মিনাল বাধনের তুলনায় অর্ধেক নম্বর অর্জন করে, তাহলে মিনাল ১৪/২=<<১৪/২=৭>>৭ নম্বর অর্জন করে।
যদি আকিফ মিনালের চেয়ে ৪ বেশি নম্বর অর্জন করে, তাহলে আকিফ ৭+৪=১১ নম্বর অর্জন করে।
যেহেতু চন্দ্র আকিফের চেয়ে দ্বিগুণ নম্বর অর্জন করেছে, তাই চন্দ্র ১১*২=<<১১*২=২২>>২২ নম্বর অর্জন করেছে।
এইভাবে, দলটি মোট ১৪+৭+১১+২২=<<১৪+৭+১১+২২=৫৪>>মৌসুমের শেষ খেলায় মোট ৫৪ নম্বর অর্জন করেছে।
#### ৫৪",440
c30a90daa52aa58bb9498da5f62a8c0ad3953cc5,"একটি বড় তুষারঝড়ের কারণে দাদার খামারে প্রচুর পরিমাণে তুষার পড়েছিল, এবং বাতাসের কারণে তুষারটি একটি প্রবাহে স্তূপিত হয়েছিল। কিন্তু দ্বিতীয় দিনে, এটি যথেষ্ট উষ্ণ হয়েছিল যে তুষারপাতের অর্ধেক গলে গেছে। তৃতীয় দিন, এটি আবার তুষারপাত হয়েছে, তুষারপাতের উপর আরও ৬ ইঞ্চি তুষার যোগ করেছে। চতুর্থ দিনে, আরও ১৮ ইঞ্চি তুষার তুষারপাতের উপর পড়েছিল। যদি চতুর্থ দিনের শেষে স্নোড্রিফ্ট ৩৪ ইঞ্চি গভীর হয়, তবে প্রথম দিনের শেষে ড্রিফট কত ইঞ্চি গভীর ছিল?","তৃতীয় এবং চতুর্থ দিন তুষারপাতের গভীরতায় ৬+১৮=<<৬+১৮=২৪>>২৪ ইঞ্চি অবদান রেখেছিল।
অতএব, দ্বিতীয় দিনে অর্ধেক গলে যাওয়ার পরে তুষারপাতের আকার ছিল, কিন্তু তৃতীয় এবং চতুর্থ দিনে তুষারপাতের আগে ছিল ৩৪-২৪=<<৩৪-২৪=১০>>১০ ইঞ্চি।
অর্ধেক তুষার গলে যাওয়ার পর যদি দ্বিতীয় দিনে ড্রিফটের আকার ১০ ইঞ্চি হয়, তাহলে প্রথম দিনে তৈরি করা আসল ড্রিফটের গভীরতা ২*১০=২০ ইঞ্চি গভীর।
#### ২০",362
339431325feec44cee20b31ba5531dc963a77430,"জনাব কালাম কারুশিল্পের দোকান থেকে ১০টি পেইন্টিং $৪০ করে এবং ৮টি কাঠের খেলনা ৳২০ করে কিনেছেন পুনঃবিক্রয় লাভ করার জন্য।  যখন তিনি আইটেমগুলি বিক্রি করলেন, তখন একটি পেইন্টিংয়ের বিক্রয়মূল্য ছিল ১০% কম এবং একটি খেলনাের বিক্রয়মূল্য ১৫% কম। আইটেম বিক্রি থেকে জনাব কালাম  মোট কত লোকসান হয়েছে তা গণনা করুন।","যদি তিনি একটি পেইন্টিং ১০% লোকসানে বিক্রি করেন, তাহলে তিনি প্রতিটি পেইন্টিংয়ের জন্য ১০/১০০*৳৪০ = ৳<<১০/১০০*৪০=৪>>৪ ক্ষতি করেছেন।
যেহেতু তিনি ১০টি পেইন্টিং কিনেছেন, তাই পেইন্টিং বিক্রি করে তার মোট ক্ষতি হল ১০*৳৪ = ৳<<১০*৪=৪০>>৪০
প্রতিটি কাঠের খেলনা বিক্রি করে তিনি ১৫/১০০*২০ = ৳<<১৫/১০০*২০=৩>>৩ লোকসান করেছেন।
যেহেতু তিনি ৮টি কাঠের খেলনা কিনেছিলেন, তার মোট ক্ষতি হয়েছিল ৩*৮ = ৳<<৮*৩=২৪>>২৪
মোট, জনাব কালাম আইটেম বিক্রি থেকে ৳৪০+৳২৪ = ৳<<৪০+২৪=৬৪>>৬৪ ক্ষতি হয়েছে।
#### ৬৪",467
f47995ab27270e798d0e9ab0ae63dd1fbd4bb848,"মিনা রাতের খাবার রান্নার জন্য মুদি কিনতে রাকিবের সাথে দোকানে যায়। মিনা ১০ টি কান ভুট্টা কেনে এবং রাকিব সেই পরিমাণ অর্ধেক কেনে। রাকিব ৮টি আলু কেনেন এবং মিনাও কিছু কিনেন। যদি তারা একসাথে চেক আউট করে এবং ২৭টি সবজি কেনা শেষ করে, মিনা কতগুলি আলু কিনেছিল?","মিনা ১০টি ভুট্টার কান কিনেছিল এবং রাকিব ১/২টি কিনেছিল যা মার্সেল করেছিল, ১০ x ১/২ = ১০/২ = <<১০*১/২=৫>>৫টি ভুট্টার কান যা ডেল কিনেছিল৷
একসাথে, মিনা এবং রাকিব ১০ + ৫ = <<১০+৫=১৫>>১৫টি ভুট্টা বা ১৫টি সবজি কিনেছিলেন।
তারা শেষ পর্যন্ত মোট ২৭টি সবজি কিনেছে এবং সেই ২৭টি থেকে তাদের মধ্যে ১৫টি ভুট্টা ছিল।
বাকি সবজি আলু, ২৭টি সবজি - ১৫টি কর্ন = <<২৭-১৫=১২>>১২টি আলু।
রাকিব ৮টি আলু কিনেছে, তাই মিনা ১২ - ৮ = <<১২-৮=৪>>৪টি আলু কিনেছে।
#### ৪",401
8d74e71edc9b86483683b30af2d68c5730d6ec32,সেরা হকি লীগে প্রথম মৌসুমের শেষ হকি ম্যাচে কাজি চারটি গোল করেছিলেন। তার ভাই দলে থাকা তিনটি মৌসুমের প্রতিটি খেলায় কাজি গত ম্যাচে যত গোল করেছেন তার দ্বিগুণ গোল করেছেন। প্রতি মৌসুমে ৫০টি খেলা থাকে। আগের ম্যাচে লুই ৪০টি গোল করলে তাদের মধ্যে ভাইয়েরা মোট কতটি গোল করেছে?,"যদি কাজী গত রাতে ৪ গোল করে, তার ভাই ২ * ৪ গোল করেছে = <<৪*২=৮>>প্রতি ম্যাচে ৮ গোল করেছে
কাজী এর ভাই মোট কয়টি গেম খেলেছেন ৩টি সিজন * ৫০টি গেম/সিজন = <<৩*৫০=১৫০>>১৫০টি গেম
তিন মৌসুমে কাজী এর ভাইয়ের মোট গোলের সংখ্যা ৮ গোল/গেম * ১৫০ গেম = <<৮*১৫০=১২০০>>১২০০ গোল।
এই মৌসুমে কাজির মোট গোলের সংখ্যা ৪০ গোল + ৪ গোল = <<৪০+৪=৪৪>>৪৪ গোল
একসাথে, তাদের মোট ৪৪টি গোল + ১২০০টি গোল = <<৪৪+১২০০=১২৪৪>>টিমে ১২৪৪টি গোল
#### ১২৪৪",406
1f0094018cfc1c4d1d3bf570c8f142b95eba43df,"অমি তার কোটা পূরণ করতে ৳১০০০ জুতা বিক্রি করা লাগবে। অ্যাডিডাসের দাম ৳৪৫, নাইকির দাম ৳৬০, এবং রিবক্সের দাম ৳৩৫। যদি সে ৮টি নাইকি, ৬টি অ্যাডিডাস এবং ৯টি রিবক্স বিক্রি করে, তাহলে সে তার লক্ষ্য থেকে কত কম বা তার বেশি বিক্রি করেছে ?","নাইকির বিক্রি হওয়া মোট টাকার পরিমাণ হল ৮ * ৳৬০ = ৳<<৮*৬০=৪৮০>>৪৮০৷
অ্যাডিডাসের বিক্রি হওয়া মোট টাকার পরিমাণ হল ৬ * ৳৪৫ = ৳<<৬*৪৫=২৭০>>২৭০৷
রিবক্সের বিক্রি হওয়া মোট টাকার পরিমাণ হল ৯ * ৳৩৫ = ৳<<৯*৩৫=৩১৫>>৩১৫৷
অমি বিক্রি করা মোট টাকার পরিমাণ ছিল ৳৪৮০ + ৳২৭০ + ৳৩১৫ = ৳<<৪৮০+২৭০+৩১৫=১০৬৫>>১০৬৫৷
অতএব, সে তার লক্ষ্যের উপরে ৳১০৬৫ - ৳১০০০ = ৳<<১০৬৫-১০০০=৬৫>>৬৫ বিক্রি করেছে।
#### ৬৫ ",608
223557d12e98a6ab3bb48ebdd86c5c22dd236575,"গত রাতে কামালের ডিনারে ৩টি আপেল, একটি কলা এবং ৪টি কমলা ছিল। আজ সে গত রাতের চেয়ে ৪টি বেশি আপেল খাওয়ার পরিকল্পনা করছে, গতরাতে যত কলা খেয়েছে তার ১০ গুণ বেশি কলা এবং আজ সে যত আপেল খাবে তার দ্বিগুণ কমলা আছে৷ দুই বেলার খাবারে সে এতদিন কত ফল খেয়েছে?","্কামাল শেষবার যে ফল খেয়েছে তার মোট সংখ্যা হল ৩টি আপেল+১টি কলা+৪টি কমলা = <<৩+১+৪=৮>>৮
গত রাত থেকে কামালের কাছে ৩টি আপেল ছিল, আজ সে ৩+৪ = <<৩+৪=৭>>৭টি আপেল খাবে।
তিনি গত রাতে যত কলা খেয়েছেন তার ১০ গুণ বেশি কলা খাওয়ার পরিকল্পনা করছেন, মোট ১*১০ = <<১০=১০>>১০টি কলা।
কামালও আজ তার যত আপেল আছে তার দ্বিগুণ কমলা খাবে, যার মানে সে ৭*২ = <<৭*২=১৪>>১৪ কমলা খাবে।
আজ রাতে ক্যানন খাবে ১৪ কমলা + ১০ কলা +৭ আপেল = <<১৪+১০+৭=৩১>>৩১টি ফল
মোট, আজ রাতের পরে, ক্যানন ৩১+৮ = <<৩১+৮=৩৯>>৩৯টি ফল খেয়েছে।
#### ৩৯",441
fe3e506405419549ea1c53024533ea0ae5d3cd01,"পোষা খামারে কুকুরের চেয়ে দ্বিগুণ গরু রয়েছে। যদি খামারে বর্তমানে ১৮৪টি গরু থাকে এবং খামারের মালিক ১/৪টি গরু এবং ৩/৪টি কুকুর বিক্রি করার সিদ্ধান্ত নেন, তাহলে খামারে কতটি পশু অবশিষ্ট থাকে?","যদি ১৮৪টি গরু থাকে, কুকুরের সংখ্যা দ্বিগুণ, তাহলে খামারে ১৮৪/২ =<<১৮৪/২=৯২>>৯২টি কুকুর আছে।
খামার মালিক যখন ১/৪ গরু বিক্রি করার সিদ্ধান্ত নেন, তখন তিনি ১/৪*১৮৪ = ৪৬টি গরু বিক্রি করেন
খামারে অবশিষ্ট মোট গরুর সংখ্যা ১৮৪-৪৬ = <<১৮৪-৪৬=১৩৮>>১৩৮
যদি খামারের মালিকও ৩/৪ কুকুর বিক্রি করেন, তাহলে তিনি ৩/৪*৯২ = <<৩/৪*৯২=৬৯>>৬৯ বিক্রি করেন
খামারে অবশিষ্ট কুকুরের মোট সংখ্যা ৯২-৬৯ = <<৯২-৬৯=২৩>>২৩
খামারে অবশিষ্ট প্রাণীর মোট সংখ্যা ২৩+১৩৮ = <<২৩+১৩৮=১৬১>>১৬১
#### ১৬১",369
ba36d0797c7cb7a9fae1f38837ec20746eb4ae20,"জুলিয়া স্থানীয় পোষা আশ্রয় থেকে ৳২০.০০ দিয়ে একটি কুকুরছানা দত্তক নিয়েছে। কুকুরছানাটিকে বাড়িতে নিয়ে আসার আগে, তাকে কুকুরের খাবারের একটি ব্যাগ ৳২০.০০-এ, ২ ব্যাগ ট্রিটস ৳২.৫০ করে প্রতিটি, ৳১৫.০০-এ খেলনাগুলির একটি ভাণ্ডার বাক্স, ৳২০.০০ প্রতিটিতে একটি ক্রেট এবং একটি বিছানা এবং কলার/লিশ কিনতে হবে কম্বো ৳১৫.০০ এর জন্য। দোকানটি জুলিয়াকে নতুন গ্রাহক হিসেবে ২০% ছাড় দিয়েছে। নতুন কুকুরছানাটির জন্য জুলিয়ার কত খরচ হবে?","ট্রিটস একটি ব্যাগ ৳২.৫০ এবং তিনি মোট ২.৫০*২ = ৳<<২.৫*২=৫.০০>>৫.০০ এর জন্য ২ ব্যাগ কেনেন
ক্রেট এবং বিছানা প্রতিটি ৳২০.০০ তাই তাদের খরচ হবে ২*২০ = ৳৪০.০০
তিনি কুকুরের খাবারের জন্য ৳২০.০০, ট্রিটের জন্য ৳৫.০০, খেলনার জন্য ৳১৫.০০ একটি ক্রেট এবং বিছানার জন্য ৳৪০.০০ এবং একটি পাঁজার জন্য ৳১৫.০০ মোট ২০+৫+১৫+৪০+১৫ = ৳<<<২০+৫+১৫+৪০+ খরচ করেন ১৫=৯৫.০০>>৯৫.০০
২০% ছাড়ের সাথে, সে তার অর্ডারে .২০*৯৫ = ৳<<২০*.০১*৯৫=১৯>>১৯ ছাড় আশা করতে পারে।
তার সরবরাহ ছিল ৳৯৫.০০ এবং তার মোট ৯৫-১৯ = ৳<<৯৫-১৯=৭৬.০০>>৭৬.০০ এর জন্য ৳১৯.০০ ছাড় রয়েছে
তার সরবরাহের দাম ৳৭৬.০০ এবং কুকুরছানা গ্রহণের জন্য ৳২০.০০ ছিল মোট ৭৬+২০ = ৳<<৭৬+২০=৯৬.০০>>৯৬.০০
#### ৯৬",704
c99bd61bdcd3f813d472e57b9e1cc26c813882a1,"মাতিল্ডার ২০টি চকোলেট বার ছিল এবং সেগুলি নিজের এবং তার ৪ বোনের মধ্যে সমানভাবে ভাগ করে নিয়েছিল৷ যখন তার বাবা কাজ থেকে বাড়ি ফিরে আসেন, তখন তিনি বিরক্ত হন যে তারা তার জন্য কোনো চকলেট রাখেনি। তাদের খারাপ লেগেছিল, তাই তারা প্রত্যেকে তাদের বাবার জন্য তাদের অর্ধেক চকোলেট বার দিয়েছিল। তাদের বাবা তখন তাদের মাকে ৩টি চকলেট বার দিয়েছিলেন এবং ২টি খেয়েছিলেন। মাটিল্ডার বাবা কয়টি চকোলেট বার রেখে গেছেন?","মাটিলদা এবং তার বোনেরা প্রত্যেকে ২০টি চকলেট বার/৫ জন = <<২০/৫=৪>>৪টি চকলেট বার/ব্যক্তি পেয়েছে
তারা প্রত্যেকে তাদের বাবাকে ৪/ব্যক্তি/২ = <<৪/২=২>>২টি চকলেট বার/ব্যক্তি দিয়েছে।
তাদের বাবা ২টি চকলেট বার/ব্যক্তি x ৫ জন = <<২*৫=১০>>১০টি চকলেট বার পেয়েছেন
তাদের বাবার ১০টি চকলেট বার ছিল - ৩টি চকলেট বার - ২টি চকলেট বার = <<১০-৩-২=৫>>৫টি চকলেট বার বাকি।
#### ৫",486
7d741a71a087c03a51d7c6ca4c28b630f812fbe9,"জেসিকা ভালো ওয়াইন একটি সংগ্রাহক. তার ব্যক্তিগত সংগ্রহে বর্তমানে ২৪০০ বোতল আমদানিকৃত ওয়াইন এবং অর্ধেক বোতল দেশীয় ওয়াইন আমদানি করা ওয়াইনের মতো রয়েছে। জেসিকা যদি একটি পার্টি করে এবং অতিথিরা তার সমস্ত ওয়াইনের এক-তৃতীয়াংশ পান করে, তাহলে তার সংগ্রহে কত বোতল থাকবে?","জোসের কাছে দেশীয় ওয়াইনের অর্ধেক বোতল আমদানি করা ওয়াইনের বা ২৪০০/২=<<২৪০০/২=১২০০>>দেশীয় ওয়াইনের ১২০০ বোতল রয়েছে।
মোট, তার কাছে ২৪০০+১২০০=<<২৪০০+১২০০=৩৬০০>>৩৬০০ বোতল ওয়াইন আছে।
যদি অতিথিরা তার সমস্ত ওয়াইনের এক-তৃতীয়াংশ পান করে, তবে তারা ৩৬০০/৩=<<৩৬০০/৩=১২০০>>১২০০ বোতল ওয়াইন খেয়েছে।
এইভাবে, পার্টির পরে, জোসের ব্যক্তিগত সেলারে ৩৬০০-১২০০=<<৩৬০০-১২০০=২৪০০>>২৪০০টি মদের বোতল অবশিষ্ট থাকবে৷
#### ২৪০০",528
95062b3b506c92a91b6c7376a36eff204dee9c93,"কাসিম ফোন মেরামত করার কাজে  করে। দিনের শুরুতে, কাসিমের ১৫টি ফোন আছে যেগুলি মেরামত করা দরকার৷ বিকালের মধ্যে, কাসিম ১৫টি ফোনের মধ্যে ৩টি সফলভাবে মেরামত করেছে এবং একজন খদ্দের  আরও ৬টি ফোন দিয়েছে যেগুলি ঠিক করার প্রয়োজন। কাসিমের একজন সহকর্মী যদি তাকে সাহায্য করার এবং ক্ষতিগ্রস্থ ফোনের অর্ধেক ঠিক করার প্রস্তাব দেয়, তাহলে তাদের প্রতি জনকে কতটি ফোন মেরামত করতে হবে?  ","কাসিম ১৫টি ফোন দিয়ে দিন শুরু করে এবং বিকেলের মধ্যে ৩টি মেরামত করে, তাই কাসিমকে এখনও ১৫ - ৩ = <<১৫-৩=১২>>১২টি ফোন মেরামত করতে হবে৷
একজন খদ্দের ৬টি অতিরিক্ত ফোন বন্ধ করে দেয় যার জন্য ফিক্সিং প্রয়োজন, মোট ১২ + ৬ = ১৮ ফোনে বৃদ্ধি পায়।
যদি কাসিমের সহকর্মী কাসিমকে অর্ধেক ফোন ঠিক করতে সাহায্য করে, তাহলে প্রত্যেক ব্যক্তির ১৮/২ = <<১৮/২=৯>>৯ ফোন ঠিক করতে হবে।
#### ৯",403
7b5eedffa5004653ca2618206d5e14994c4a939f,"ইয়ামিনের স্কেটবোর্ডিং হেলমেটে  শফির স্কি হেলমেটের চেয়ে দশটি বেশি গর্ত  রয়েছে। রিনার স্নরকেল হেলমেটে ইয়ামিন এবং শফির হেলমেটের চেয়ে ১৫টি বেশি গর্ত  রয়েছে।রিনার হেলমেটে ৭৫টি গর্ত  থাকলে, ইয়ামিনের হেলমেটে কতটি গর্ত  আছে?","যদি রিনার স্নরকেল হেলমেটে ৭৫টি গর্ত  থাকে, তাহলে ইয়ামিন এবং শফির  হেলমেটে ৭৫-১৫ = <<৭৫-১৫=৬০>>৬০টি গর্ত থাকে।
ধরা যাক ইয়ামিনের হেলমেটে  গর্ত  আছে।
যেহেতু ইয়ামিনের স্কেটবোর্ডিং হেলমেটে শফির স্কি হেলমেটের চেয়ে দশটি বেশি গর্ত  রয়েছে, তাই তাদের হেলমেটের মোট গর্তের  সংখ্যা হল গ+(গ-১০)=৬০
২ গ =৬০+১০
ইয়ামিনের হেলমেটে মোট গর্তের সংখ্যা হল গ =৭০/২
ইয়ামিনের স্কেটবোর্ডিং হেলমেটে ৩৫টি গর্ত  রয়েছে।
#### ৩৫",282
72c90f83fb02b3af94ae232f1512ed64b40c7e59,"একটি শিপিং পাত্রে, ১০টি ক্রেট আছে। প্রতিটি ক্রেট ৬টি বাক্সে ভরা এবং প্রতিটি বাক্স ৪টি ওয়াশিং মেশিন দিয়ে ভরা। একজন কর্মী প্রতিটি বাক্স থেকে ১টি ওয়াশিং মেশিন সরান৷ তাহলে শিপিং কন্টেইনার থেকে কয়টি ওয়াশিং মেশিন সরানো হয়েছে?","প্রাথমিকভাবে, প্রতি বাক্সে ৬টি বাক্স * ৪টি ওয়াশিং মেশিন = <<৬*৪=২৪>>প্রতিটি ক্রেটে ২৪টি ওয়াশিং মেশিন ছিল।
সুতরাং শিপিং কন্টেইনারে প্রতি ক্রেটে ২৪টি ওয়াশিং মেশিন * ১০টি ক্রেট = <<২৪*১০=২৪০>>২৪০টি ওয়াশিং মেশিন ছিল।
একজন কর্মী প্রতিটি বাক্স থেকে ১টি ওয়াশিং মেশিন সরিয়ে ফেলে তাই এখন ৪টি আসল ওয়াশিং মেশিন রয়েছে - ১টি সরিয়ে দেওয়া ওয়াশিং মেশিন = <<৪-১=৩>>প্রতিটি বাক্সে ৩টি ওয়াশিং মেশিন৷
এর মানে প্রতি বক্সে ৬টি বাক্স * ৩টি ওয়াশিং মেশিন = <<৬*৩=১৮>>প্রতিটি ক্রেটে ১৮টি ওয়াশিং মেশিন।
তাই এখন প্রতি ক্রেটে ১৮টি ওয়াশিং মেশিন রয়েছে * ১০টি ক্রেট = <<১৮*১০=১৮০>>শিপিং কন্টেইনারে ১৮০টি ওয়াশিং মেশিন।
পার্থক্য হল কতগুলি মেশিন ওয়াশিং মেশিন সরানো হয়েছে যা হল ২৪০টি প্রাথমিক ওয়াশিং মেশিন – ১৮০টি বর্তমান ওয়াশিং মেশিন = <<২৪০-১৮০=৬০>>৬০টি ওয়াশিং মেশিন।
#### ৬০",400
0374e18156f33aeca4d95672d61422e877f410df,"রবির কাছে কিছু মুদ্রা আছে। তার কাছে নিকেলের চেয়ে ২ বেশি কোয়ার্টার এবং কোয়ার্টারের চেয়ে ৪ ডাইম বেশি। যদি তার ৬টি নিকেল থাকে, তাহলে তার কত টাকা আছে?","রবির ৬ + ২ = <<৬+২=৮>>৮ চতুর্থাংশ রয়েছে।
তার ৮ + ৪ = <<৮+৪=১২>>১২ ডাইমও আছে।
একটি নিকেলের মূল্য ৫ সেন্ট তাই রবির নিকেলের পরিমাণ ৬ x ৫ = <<৬*৫=৩০>>৩০ পয়সা।
এক চতুর্থাংশের মূল্য ২৫ সেন্ট তাই তার কোয়ার্টারের পরিমাণ ৮ x ২৫ = <<৮*২৫=২০০>>২০০ পয়সা।
একটি ডাইমের মূল্য ১০ সেন্ট তাই তার ডাইমের পরিমাণ ১২ x ১০ = <<১২*১০=১২০>>১২০ পয়সা।
সুতরাং, রবির আছে ৩০ + ২০০ + ১২০ = <<৩০+২০০+১২০=৩৫০>>৩৫০ পয়সা।
#### ৩৫০",505
40ab05ca280b0006b24110279eab151f1e84d3de,মকবুল  তার টেবিলের কাছে ২-লিটারের জলের বোতল রাখে৷ তিনি প্রতি পাঁচ মিনিটে একটি চুমুক নেন এবং প্রতিটি চুমুক ৪০ মিলি। পুরো বোতল পানি পান করতে তার কত মিনিট লাগে?,"প্রথমে বোতলে মোট মিলিলিটারের সংখ্যা বের করুন: ২ লিটার * ১০০০ মিলি/লিটার = <<২*১০০০=২০০০>>২০০০ মিলি
তারপরে তিনি প্রতি চুমুক পান করার পরিমাণ দ্বারা মিলিলিটারের মোট সংখ্যাকে ভাগ করুন: ২০০০ মিলি / ৪০ মিলি = <<২০০০/৪০=৫০>>৫০ চুমুক
তারপর বোতলটি পান করতে তার যে সময় লাগে তা খুঁজে বের করতে প্রতি চুমুকের সময় দ্বারা চুমুকের সংখ্যাকে গুণ করুন: ৫০ চুমুক * ৫ মিনিট/চুমুক = <<৫০*৫=২৫০>>২৫০ মিনিট
#### ২৫০",372
a8be4c63edb2fc72e106a61dd808b8d4309c8964," জেমিমা তার বাথরুম নতুন কওরে টাইল লাগানোর করার জন্য দুটি বিকল্প বিবেচনা করছে। ফিরোজা টাইলের দাম ৳১৩/টাইল এবং বেগুনি টাইলের দাম ৳১১/টাইল। জেমিমার যদি ৫ ফুট বাই ৮ ফুট এবং ৭ ফুট বাই ৮ ফুট পরিমাপের দুটি দেয়ালে টাইল করতে হয় এবং প্রতিটি বর্গফুট দেয়ালে ৪টি টাইল লাগে, তাহলে জেমিমা  ফিরোজা রঙের পরিবর্তে বেগুনি টাইলস কিনে কত টাকা বাঁচাবে?","প্রথমে প্রথম দেয়ালের ক্ষেত্রফল বের করুন: ৫ ফুট * ৮ ফুট = <<৫*৮=৪০>>৪০ বর্গফুট
তারপর দ্বিতীয় দেয়ালের ক্ষেত্রফল বের করুন: ৭ ফুট * ৮ ফুট = <<৭*৮=৫৬>>৫৬ বর্গফুট
তারপর মোট ক্ষেত্রফল বের করতে দুটি দেয়ালের ক্ষেত্রফল যোগ করুন: ৪০ বর্গফুট + ৫৬ বর্গফুট = <<৪০+৫৬=৯৬>>৯৬ বর্গফুট
তারপর বর্গফুটের সংখ্যাকে প্রতি বর্গফুটে টাইলসের সংখ্যা দিয়ে ভাগ করুন মোট টাইলসের সংখ্যা বের করতে: ৯৬ বর্গফুট * ৪ টাইলস/বর্গ ফুট = <<৯৬*৪=৩৮৪>>৩৮৪ টালি
তারপর প্রতি টাইল খরচের পার্থক্য খুঁজুন: ৳১৩/টাইল - ৳১১/টাইল = ৳<<১৩-১১=২>>২/টাইল
তারপর মোট খরচের পার্থক্য খুঁজে পেতে টাইল প্রতি খরচের পার্থক্য দিয়ে টাইলের সংখ্যা গুণ করি: ৳২/টাইল * ৩৮৪ টাইলস = ৳<<২*৩৮৪=৭৬৮>>৭৬৮ টাকা
#### ৭৬৮",521
9ffbc1dc83e3353954fba383ef7a2b36fe2925f4,"মিজান ক্রেডিট কার্ডে ৳৫০.০০ ব্যালেন্স আছে। যেহেতু তিনি এটি পরিশোধ করেননি, তাই তাকে ২০% সুদ ফি নেওয়া হবে৷ তিনি পরের মাসে তার ক্রেডিট কার্ডে ৳২০.০০ রাখেন এবং তার ঋণের জন্য কোনো অর্থ প্রদান করেন না। তিনি আরও ২০% সুদের ফি দিয়ে আঘাত পেয়েছেন। তার ক্রেডিট কার্ডে বর্তমান ব্যালেন্স কত?","তার ৳৫০.০০ ব্যালেন্স আছে এবং ২০% সুদ চার্জ করা হয়েছে যাতে ৫০*.২০ = ৳<<৫০*.২০=১০.০০>>১০.০০
তার ব্যালেন্স ৳৫০.০০ ছিল এবং এখন তার ব্যালেন্স ৫০+১০ = ৳<<৫০+১০=৬০.০০>>৬০.০০ করে ৳১০.০০ সুদের ফি আছে
তার ব্যালেন্স হল ৳৬০.০০ এবং সে তার কার্ডে আরও ৳২০.০০ রাখে মোট ৬০+২০ = ৳<<৬০+২০=৮০.০০>>৮০.০০
তিনি সেই মাসে কোনো অর্থপ্রদান করেননি এবং আরও ২০% সুদের ফি দিয়ে আঘাত করা হয়েছে যাতে ৮০*.২০ = ৳<<৮০*.২০=১৬.০০>>১৬.০০ সুদ
তার নতুন ব্যালেন্স হল ৮০+১৬ = ৳<<৮০+১৬=৯৬.০০>>৯৬.০০
#### ৯৬",497
8e56cf4a726a0ec43335e6a39e60a8a980dffe3c,"শুষ্ক মৌসুম শুরু হওয়ার আগে একটি গাছে ১০০০টি পাতা ছিল, যখন এটি তার সমস্ত পাতা ঝরে যায়। শুষ্ক মৌসুমের প্রথম সপ্তাহে, গাছের ২/৫ পাতা ঝরে যায়। দ্বিতীয় সপ্তাহে, এটি অবশিষ্ট পাতার ৪০% ঝরে যায়। তৃতীয় সপ্তাহে, গাছটি দ্বিতীয় সপ্তাহের তুলনায় ৩/৪ গুণ বেশি পাতা ঝরে যায়। তৃতীয় সপ্তাহের মধ্যে গাছের কতগুলি পাতা ঝরেনি তা গণনা করুন।","প্রথম সপ্তাহে, গাছটি ২/৫*১০০০ = <<২/৫*১০০০=৪০০>>৪০০টি পাতা ফেলে।
প্রথম সপ্তাহের শেষে গাছে অবশিষ্ট পাতার সংখ্যা ১০০০-৪০০ = <<১০০০-৪০০=৬০০>>৬০০
দ্বিতীয় সপ্তাহে, গাছটি ৪০/১০০*৬০০ = <<৪০/১০০*৬০০=২৪০>>২৪০টি পাতা ফেলে।
গাছে অবশিষ্ট পাতার সংখ্যা হল ৬০০-২৪০ = <<৬০০-২৪০=৩৬০>>৩৬০
তৃতীয় সপ্তাহে গাছটি তার ৩/৪ পাতা, মোট ৩/৪*৩৬০ = <<৩/৪*৩৬০=২৭০>>২৭০টি পাতা ফেলে।
গাছে অবশিষ্ট পাতার সংখ্যা ৩৬০-২৭০ = <<৩৬০-২৭০=৯০>>৯০টি পাতা।
#### ৯০",536
648b60c2bfebc2ddfc79820a988ebd9738a82c6f,"আদ্রিয়ান একটি গুদামে ক্রেট লোড করছে এবং সেগুলি যাতে ওভারলোড না হয় তা নিশ্চিত করতে চায়৷ প্রতিটি ক্রেটের ওজন ২০ কেজি পর্যন্ত হতে পারে এবং তার ১৫টি ক্রেট রয়েছে যা সে পূরণ করতে পারে। তার লোড করার জন্য ৪ ব্যাগ পেরেক আছে, যার প্রতিটির ওজন ৫ কেজি; তার কাছে ১২ ব্যাগ হাতুড়ি, যার প্রতিটির ওজন ৫ কেজি; তার কাছে ১০টি কাঠের তক্তা রয়েছে, যার প্রতিটির ওজন ৩০ কেজি এবং উপ-বিভক্ত করা যেতে পারে। তিনি বুঝতে পারেন যে তার লোড করার মতো অনেক কিছু আছে এবং ওজন সীমা মেটাতে তাকে কিছু আইটেম ক্রেটের বাইরে ছেড়ে দিতে হবে। কেজিতে, আদ্রিয়ানকে ক্রেট থেকে কত ছাড়তে হবে?","আদ্রিয়ান ১৫ ক্রেট পর্যন্ত লোড করতে পারে * ২০ কেজি প্রতি ক্রেট = <<১৫*২০=৩০০>>৩০০ কেজি।
নখের ওজন মোট ৪ ব্যাগ পেরেক * ৫ কেজি নখের প্রতি ব্যাগ = <<৪*৫=২০>>২০ কেজি।
হাতুড়িগুলির ওজন মোট ১২ ব্যাগ হাতুড়ি * ৫ কেজি প্রতি ব্যাগ হাতুড়ি = <<১২*৫=৬০>>৬০ কেজি।
কাঠের তক্তাগুলির ওজন মোট ১০ ব্যাগ কাঠের তক্তা * ৩০ কেজি প্রতি ব্যাগ কাঠের তক্তা = <<১০*৩০=৩০০>>৩০০ কেজি।
সুতরাং মোট, আদ্রিয়ানের আইটেমগুলির ওজন মোট ২০ কেজি পেরেক + ৬০ কেজি হাতুড়ি + ৩০০ কেজি কাঠের তক্তা = <<২০+৬০+৩০০=৩৮০>>৩৮০ কেজি।
তাই তাকে ৩৮০ কেজি আইটেম বাদ দিতে হবে - ৩০০ কেজি ওজন সীমা = <<৩৮০-৩০০=৮০>>৮০ কেজি।
#### ৮০",575
