id,context,question,correct_answer,consistency_score,selfcheck_label,samples_json
bengali-5447758927889596593-4,"আয়তন ৪৪৪.০৫ বর্গ কিলোমিটার। এটি ১টি থানা, ১টি পৌরসভা, ৯টি ওয়ার্ড, ১৩টি মহল্লা, ১১টি ইউনিয়ন, ৮৭টি মৌজা, ১১০টি গ্রাম নিয়ে গঠিত।",ভালুকা উপজেলা মোট কয়টি গ্রাম নিয়ে গঠিত ?,১১০,0.760785,no,"[""ভালুকা উপজেলায় ১৩১টি গ্রাম নির্বাহিত হচ্ছে।"", ""ভালুকা উপজেলায় মোট 154 টি গ্রাম নির্নেয়।"", ""ভালুকা উপজেলায় ১১১টি গ্রাম নির্দেশিত।"", ""ভালুকা উপজেলায় ১০৩ টি গ্রাম নির্নেয় গঠিত।"", ""ভালুকা উপজেলায় মোট 18 টি গ্রাম নির্ধারিত আছে।""]"
bengali-9078535216838685259-0,ঢাকা বিশ্ববিদ্যালয় বাংলাদেশের সবচেয়ে পুরানো বিশ্ববিদ্যালয়। এই বিশ্ববিদ্যালয় ১৯২১ সালে প্রতিষ্ঠিত হয়। বাংলাদেশের মোট উচ্চ শিক্ষিত জনগোষ্ঠির প্রায় ৭০%-ই এই বিশ্ববিদ্যালয়ের ছাত্র-ছাত্রী। প্রতিষ্ঠার পর থেকে এ যাবৎ ২৬ জন বিশিষ্ট শিক্ষাবিদ ঢাকা বিশ্ববিদ্যালয়ের উপাচার্যের দায়িত্ব পালন করেছেন। এই বিশ্ববিদ্যালয়ের বর্তমান উপাচার্য মো. আখতারুজ্জামান।,ঢাকা বিশ্ববিদ্যালয়ের বর্তমান (২০১৯) উপাচার্যের নাম কী ?,মো. আখতারুজ্জামান,0.54033,yes,"[""বাংলাদেশ বিশ্ববিদ্যালয়ের তাফসীর বিভাগের উপাচার্য সুখন্তী মাদার সন্তানন্দের নাম ছিল ২০১৯ সালে। কিন্তু এটি পরিসংখ্যানী"", ""ঢাকা বিশ্ববিদ্যালয়ের বর্তমান (২০১৯) উপাচার্য আবু মনবীয়ে হোসেন।"", ""ঢাকা বিশ্ববিদ্যালয়ের বর্তমান (২০১৯) উপাচার্য হলেন আবু সালমান তাহসিন।"", ""ঢাকা বিশ্ববিদ্যালয়ের বর্তমান (২০১৯) উপাচার্যের নাম সুরেশ চন্দ্র বসু। (Note: The actual name may vary as this was based on information available in 2019, and the position holder might have changed since then.)"", ""ব্যাখ্যা করতে হলে উদ্ধৃত হওয়ার প্রয়োজন আছে, কিন্তু এখন আমার সেটা পাইনি। ঢাকা বিশ্ববিদ্যালয়ের উপাচার্যের নাম জানতে বিশ্ব""]"
bengali-5846157904123319216-6,"আঠারো শতাব্দীতে ইন্সতিতুসিওন লিব্রে দে এন্সেনিয়াঞ্জার শিক্ষাবিদ এবং শিক্ষার্থী, কেমব্রিজ বিশ্ববিদ্যালয় এবং অক্সফোর্ড বিশ্ববিদ্যালয়ের স্নাতকদের দ্বারা মাদ্রিদে ফুটবল খেলা প্রচারের মাধ্যমে রিয়াল মাদ্রিদ প্রতিষ্ঠার ভিত্তি গড়ে উঠে। ১৮৯৭ সালে, তারা (সোসিয়েদাদ) স্কাই ফুটবল নামে একটি সংঘ প্রতিষ্ঠিত করেন, যেটি লা সোসিয়েদাদ (সমাজ) নামেই অধিক পরিচিত। এটি সেসময়ের মাদ্রিদভিত্তিক খেলাধুলার একমাত্র সংঘ ছিল, যেটি প্রতি রবিবার সকালে মনক্লোয়া</i>য় খেলত। ১৯০০ সালে, এই সংঘের কয়েকজনের মধ্যে দ্বন্দ্বের সৃষ্টি হওয়ার ফলে তারা স্কাই ফুটবল হতে বিভক্ত হয়ে গিয়ে নুয়েভা সোসিয়েদাদ দে ফুটবল (ফুটবলের নতুন সমাজ) নামে নতুন একটি ক্লাব গঠন করে। বিভক্ত হয়ে যাওয়া ব্যক্তিদের মধ্যে একজন ছিলেন হুলিয়ান পালাকিওস, যিনি রিয়াল মাদ্রিদের প্রথম সভাপতির দায়িত্ব পালন করেছেন। এছাড়াও বিভক্ত হয়ে যাওয়া ব্যক্তিদের মধ্যে ছিলেন দুই ভাই হুয়ান পাদ্রোস এবং কার্লোস পাদ্রোস, যারা পরবর্তীতে রিয়াল মাদ্রিদের সভাপতিত্বের দায়িত্ব পালন করেছেন। ১৯০১ সালে, এই নতুন ক্লাবের নাম পরিবর্তন করে মাদ্রিদ ফুটবল ক্লাব রাখা হয়। পরবর্তীতে, ১৯০২ সালে পুনর্গঠনের পর স্কাই ফুটবল সংঘটি নাম পরিবর্তন করে নিউ ফুট-বল ক্লাব রাখে।[24][25][26] ১৯০৬ সালের ৬ই মার্চ তারিখে, হুয়ান পাদ্রোসের সভাপতিত্বে একটি নতুন বোর্ড নির্বাচিত হওয়ার পর, মাদ্রিদ ফুটবল ক্লাব আনুষ্ঠানিকভাবে প্রতিষ্ঠা লাভ করে।[3]",রিয়াল মাদ্রিদ ফুটবল ক্লাবটির সর্বপ্রথম সভাপতি কে ছিলেন ?,হুলিয়ান পালাকিওস,0.849522,no,"[""রিয়াল মাদ্রিদ ফুটবল ক্লাবটির সর্বপ্রথম সভাপতি মার্কিন মার্কান্সিনো লুইস ছিলেন।"", ""রিয়াল মাদ্রিদ ফুটবল ক্লাবের সর্বপ্রথম সভাপতি জোসে অ্যালান্সা ছিলেন।"", ""রিয়াল মাদ্রিদ ফুটবল ক্লাবটির সর্বপ্রথম সভাপতি হন জোসে লোপেস।"", ""রিয়াল মাদ্রিদের সর্বপ্রথম সভাপতি হরিয়েন্ডা রিজান্সিয়া ছিলেন।"", ""রিয়াল মাদ্রিদ ফুটবল ক্লাবটির সর্বপ্রথম সভাপতি ডোন জোসে ইগোনারা ছিলেন।""]"
bengali--8629802684896762580-0,"উইলিয়াম আব্রাহাম সাইমন ঔডারল্যান্ড (Dutch: Wiliam Ouderland) (জন্ম: ৬ ডিসেম্বর, ১৯১৭ — মৃত্যু: ১৮ই মে, ২০০১) ছিলেন একজন ওলন্দাজ-অস্ট্রেলীয় সামরিক কমান্ডো অফিসার। তিনি দ্বিতীয় বিশ্বযুদ্ধে সক্রিয়ভাবে অংশগ্রহণ করেন। বাংলাদেশের মুক্তিযুদ্ধে প্রত্যক্ষ অবদানের জন্য বাংলাদেশ সরকার তাঁকে বাংলাদেশের চতুর্থ সর্বোচ্চ সামরিক খেতাব বীর প্রতীক প্রদান করে। তিনিই একমাত্র বিদেশী যিনি এই রাষ্ট্রীয় খেতাবে ভূষিত হয়েছেন।[1][2][3] বাংলাদেশের প্রতি অপরিমেয় ভালবাসার জন্য বাঙ্গালী জাতির কাছে তিনি বিশেষভাবে সম্মানিত ও স্মরণীয় ব্যক্তিত্ব।[4] তাঁর স্মৃতির প্রতি শ্রদ্ধার নিদর্শনস্বরূপ বাংলাদেশের রাজধানী ঢাকার গুলশানের একটি রাস্তার নামকরণ করা হয়েছে।",ওলন্দাজ-অস্ট্রেলীয় সামরিক কমান্ডো অফিসার উইলিয়াম আব্রাহাম সাইমন ঔডারল্যান্ড কবে জন্মগ্রহণ করেন ?,"৬ ডিসেম্বর, ১৯১৭",0.785165,no,"[""ওলন্দাজ-অস্ট্রেলীয় সামরিক কমান্ডো অফিসার উইলিয়াম আব্রাহাম সাইমন ঔডারল্যান্ড ১৯১৪ সালে জন্মগ্রহণ করেন।"", ""ওলন্দাজ-অস্ট্রেলীয় সামরিক কমান্ডো অফিসার উইলিয়াম আব্রাহাম সাইমন ঔডারল্যান্ড ১৯১৪ সালে জন্মগ্রহণ করেন।"", ""ওলন্দাজ-অস্ট্রেলীয় সামরিক কমান্ডো অফিসার উইলিয়াম আব্রাহাম সাইমন ঔডারল্যান্ড ১৯১৪ সালে জার্মানির হাল্ডেন্সেইটেন জেলায়"", ""ওলন্দাজ-অস্ট্রেলীয় সামরিক কমান্ডো অফিসার উইলিয়াম আব্রাহাম সাইমন ঔডারল্যান্ড ১৮৮১ সালে জার্মানির জিরোন্টিনে জন্মগ্রহণ"", ""ওলন্দাজ-অস্ট্রেলীয় সামরিক কমান্ডো অফিসার উইলিয়াম আব্রাহাম সাইমন সাইমন আউডারল্যান্ড ১৯১৪ সালে জন্মগ্রহণ করেন।""]"
bengali-7598272783189345090-0,ডাব্লিউডাব্লিউই ওয়ার্ল্ড চ্যাম্পিয়নশিপ হল পেশাদার কুস্তি প্রতিযোগীতার একটি চ্যাম্পিয়নশিপ। এটি তৈরি ও প্রবর্তন করেছে আমেরিকান পেশাদার কুস্তি প্রমোশন ডাব্লিউডাব্লিউই। ১৯৬৩ সালের ২৫ এপ্রিল মাসে তৎকালীন ওয়ার্ল্ড ওয়াইড রেসলিং ফেডারেশন (বর্তমানে ডাব্লিউডাব্লিউই) ডাব্লিউডাব্লিউডাব্লিউএফ ওয়ার্ল্ড হেভিওয়েট চ্যাম্পিয়নশিপ হিসেবে প্রতিষ্ঠা করে। প্রাক্তন  চ্যাম্পিয়ন সেথ রলিন্স প্রথম ব্যক্তি যিনি মানি ইন দ্য ব্যাংক চুক্তি ক্যাশ ইন করে  রেসেলম্যানিয়া ৩১ এ চ্যাম্পিয়ন হয়।,ডাব্লিউডাব্লিউই কত সালে প্রতিষ্ঠিত হয় ?,১৯৬৩ সালের ২৫ এপ্রিল,0.519863,yes,"[""ডাব্লিউডাব্লিউই (WWE) ১৯৮২ সালে প্রতিষ্ঠিত হয়েছিল।"", ""ডাব্লিউডাব্লিউই অ্যাটনির কাউন্সিল কর্তৃক ১৯৯৭ সালে প্রতিষ্ঠিত হয়েছিল।"", ""ডাব্লিউডাব্লিউই এর প্রতিষ্ঠান বছর ১৯৪৭ সালে।"", ""ডাব্লিউডাব্লিউই (WWE) ১৯৮২ সালে প্রতিষ্ঠিত হয়েছিল।"", ""ডাব্লিউডাব্লিউই ক্যানাডিয়ার একটি অফিসিয়াল সংস্থা, ১৯৭৬ সালে প্রতিষ্ঠিত হয়েছে।""]"
bengali--602111576961978859-5,"ভাওয়াল এস্টেটের সর্বশেষ ক্ষমতাবান জমিদার ছিলেন রাজা রাজেন্দ্রনারায়ণ রায়চৌধুরী। কালীপ্রসন্ন ঘোষ ছিলেন তাঁর দীউয়ান। উল্লেখ্য যে, কালীপ্রসন্ন ঘোষ ঊনবিংশ শতাব্দীর একজন খ্যাতিমান লেখক ছিলেন। রাজেন্দ্রনারায়ণ রায়চৌধুরীর ছিল তিন পুত্রসন্তান। তাঁরা হলেন রণেন্দ্রনারায়ণ রায়চৌধুরী, রমেন্দ্রনারায়ণ রায়চৌধুরী এবং রবীন্দ্রনারায়ণ রায়চৌধুরী। ১৯০১ সালে রাজেন্দ্রনারায়ণের মৃত্যু হয়। এই সময় তাঁর তিনপুত্র সন্তানই ছিলেন নাবালক। সে কারণে জমিদারিটি একবার ১৯০১ সালে এবং আর একবার ১৯০৪ সালে কোর্ট অব ওয়ার্ডসের অধীনে চলে যায়। রাজেন্দ্রনারায়ণের তিন পুত্র সন্তানকেই একজন ইউরোপীয় গৃহ-শিক্ষক লেখাপড়া শেখাতেন। তাঁর বক্তব্য অনুযায়ী, তিন পুত্রই ছিলেন অজ্ঞ ও ইন্দ্রিয়পরায়ণ, লেখাপড়া ও নৈতিক শিক্ষার প্রতি অত্যন্ত অমনোযোগী। একবার দ্বিতীয় পুত্র রমেন্দ্রনারায়ণ চিকিৎসার জন্য দার্জিলিং গমন করেন। সেখানে তাঁকে মৃত বলে ঘোষণা করা হয় এবং যথারীতি দাহ করা হয় বলেও দাবী করা হয়। অপর দুই পুত্রও খুব অল্প সময়ের মধ্যেই মৃত্যুবরণ করেন এবং পরিবারটি পুত্র সন্তানবিহীন অবস্থায় নিঃশেষ হয়ে যাওয়ার উপক্রম হয়। কিন্তু প্রকৃতপক্ষে দ্বিতীয় পুত্র সন্তানটি নিখোঁজ হয়ে গিয়েছিলেন এবং তিনি বহুদিন যাবৎ সন্ন্যাসী হিসেবে জীবন যাপন করেন। পরিশেষে ১৯২০ সালের শেষের দিকে তিনি নাটকীয়ভাবে দারুণ সাড়া জাগিয়ে প্রায় ১২ বছর পর ঢাকায় এসে উপস্থিত হন এবং তার জমিদারি দাবি করেন। এভাবেই ১৯৩৫ সালে শুরু হয় বিখ্যাত ভাওয়াল সন্ন্যাসী মামলা, যা সমগ্র বাংলায়, এমনকি বাংলার বাইরেও প্রায় এক যুগ ধরে খবরের কাগজে সংবাদ এবং নানা ধরনের গল্প গুজবের প্রধান উপাদান হয়ে থাকে। এমনকি ঘটনাটি সারা ভারতবর্ষে বিভিন্ন ভাষায় সাহিত্য, নাটক এবং সিনেমারও বিষয়বস্তু হয়। ভাওয়াল সন্ন্যাসী মামলার পরে জমিদারির উত্তরাধিকারের বিষয়টি শেষ পর্যন্ত জটিল হয়ে পড়ে এবং ফলে এর ব্যবস্থাপনা ১৯৫১ সালে জমিদারি প্রথা বাতিল না হওয়া পর্যন্ত কোর্ট অব ওয়ার্ডসের অধীনেই থেকে যায়। যেহেতু উত্তরাধিকারী নিয়ে বহু জটিলতা ছিল এবং জমিদারি সংক্রান্ত বহু মামলাও অমীমাংসিত ছিল, সে কারণে জমিদারি প্রথা বিলুপ্ত ঘোষণার পরেও এর বিষয়-সম্পত্তি বা দায়-দায়িত্ব যথাযথভাবে বণ্টন করা সম্ভব হয় নি। ফলে পাকিস্তান আমলেও জমিদারিটি কোর্ট অব ওয়ার্ডসের অধীনেই থাকে। বর্তমানে ভাওয়াল এস্টেটের কর্মকাণ্ড গণপ্রজাতন্ত্রী বাংলাদেশ সরকারের ভূমি সংস্কার বোর্ড পরিচালনা করে।",ভাওয়াল সন্ন্যাসী মামলা কবে শেষ হয় ?,১৯৫১ সালে,0.92353,no,"[""ভাওয়াল সন্ন্যাসী মামলাটি ২০১৮ সালে শেষ হয়েছিল।"", ""ভাওয়াল সন্ন্যাসী মামলাটি ২০১৭ সালে শেষ হয়েছিল।"", ""ভাওয়াল সন্ন্যাসীর মামলাটি ২০১৬ সালে শেষ হয়েছিল।"", ""ভাওয়াল সন্ন্যাসী মামলাটি ২০১৭ সালে শেষ হয়েছিল।"", ""ভাওয়াল সন্ন্যাসী মামলাটি ২০১৯ সালে শেষ হয়েছিল।""]"
bengali-2219441392212686141-0,"ভুবন চিল, বাদামি চিল, গোদা চিল, ডোম চিল (বৈজ্ঞানিক নাম: Milvus migrans) (English: Black Kite) বা কেবলই চিল Accipitridae (অ্যাক্সিপিট্রিডি) গোত্র বা পরিবারের অন্তর্গত Milvus (মিলভাস) গণের এক প্রজাতির মাঝারি আকারের সুলভ শিকারী পাখি।[1][2] ভুবন চিলের বৈজ্ঞানিক নামের অর্থ পরিযায়ী চিল (গ্রিক Milvus = চিল, migrans = পরিযায়ন)।[2] সাঁওতালি ভাষায় ভুবন চিলের নাম কুরিত, সিংহলিতে রাজালিয়া, অসমিয়ায় চিলানা ও মুগাচারানি; সিন্ধিতে নাম সিরিউন।[3]",ভুবন চিলের বৈজ্ঞানিক নাম কী ?,Milvus migrans,0.565593,yes,"[""ভুবন চিলের বৈজ্ঞানিক নাম Syzygium ciliatum।"", ""ভুবন চিলের বৈজ্ঞানিক নাম Sarcococca hookmandi।"", ""ভুবন চিলের বৈজ্ঞানিক নাম Euscophes pulcher."", ""ভুবন চিলের বৈজ্ঞানিক নাম Sicalis philippensis."", ""ভুবন চিলের বৈজ্ঞানিক নাম Sycanus murinus।""]"
bengali-2401284065373388325-2,"প্রাগৈতিহাসিক যুগে গণনার যন্ত্র উদ্ভাবিত বিভিন্ন প্রচেষ্টাকে কম্পিউটার ইতিহাস হিসেবে ধরা হয়। প্রাচীন কালে মানুষ একসময় সংখ্যা বুঝানোর জন্য ঝিনুক, নুড়ি, দড়ির গিট ইত্যাদি ব্যবহার করত। পরবর্তীতে গণনার কাজে বিভিন্ন কৌশল ও যন্ত্র ব্যবহার করে থাকলেও অ্যাবাকাস (Abacus) নামক একটি প্রাচীন গণনা যন্ত্রকেই কম্পিউটারের ইতিহাসে প্রথম যন্ত্র হিসেবে ধরা হয়। এটি আবিষ্কৃত হয় খ্রিষ্টপূর্ব ২৪০০ সালে ব্যাবিলনে। অ্যাবাকাস ফ্রেমে সাজানো গুটির স্থান পরিবর্তন করে গননা করার যন্ত্র। খ্রিস্টপূর্ব ৪৫০/৫০০ অব্দে মিশরে বা চীনে গননা যন্ত্র হিসেবে অ্যাবাকাস তৈরি হয়।",বিশ্বের প্রথম কম্পিউটারের নাম কী ছিল ?,অ্যাবাকাস,0.628461,yes,"[""বিশ্বের প্রথম কম্পিউটারের নাম ENIAC।"", ""বিশ্বের প্রথম কম্পিউটারের নাম অব্রোয়েদ ব্রায়ান্ট।"", ""বিশ্বের প্রথম কম্পিউটারের নাম দেবি হোম কম্পিউটার।"", ""বিশ্বের প্রথম কম্পিউটারের নাম ব্রেন্টন (Braun/Traubn) ছিল।"", ""বিশ্বের প্রথম কম্পিউটারের নাম ব্রায়ান্ট ছিল।""]"
bengali--8333329746315209159-0,"খুলনা প্রকৌশল ও প্রযুক্তি বিশ্ববিদ্যালয় (কুয়েট) বাংলাদেশের একটি অন্যতম সরকারি প্রকৌশল বিশ্ববিদ্যালয়। এটি বাংলাদেশের দক্ষিণাঞ্চলের খুলনা বিভাগের খুলনা জেলায় অবস্থিত। পূর্বে এর নাম ছিল বাংলাদেশ ইন্সটিটিউট অফ টেকনোলজি, খুলনা ও তারও আগে, খুলনা প্রকৌশল মহাবিদ্যালয়। এটি বাংলাদেশের শ্রেষ্ঠ বিশ্ববিদ্যালয়গুলোর অন্যতম। এখানে প্রায় ৬ হাজার জন ছাত্রছাত্রী স্নাতক ও স্নাতকোত্তর প্রকৌশল ও বিজ্ঞান নিয়ে পড়াশোনা করছে। এখানকার শিক্ষক সংখ্যা ৩২০-এরও অধিক। এছাড়া ১৩২ জন কর্মকর্তা ও ২৯২ জন কর্মচারী আছে। বিশ্ববিদ্যালয়টির অঙ্গন সম্প্রসারণে নতুন কিছু ভবন তৈরি করা হয়েছে যেমন- একাডেমিক ভবন, অডিটোরিয়াম কমপ্লেক্স, ছাত্রাবাস, গ্রন্থাগার, শিক্ষক ডরমিটরি ভবন ইত্যাদি এবং আরও কিছু ভবনের নির্মাণ কাজ চলছে। বিশ্ববিদ্যালয়ের ক্যাম্পাস খুলনা শহর থেকে ১৪ কি.মি. উত্তরে, যশোর-খুলনা মহাসড়কের পাশে ফুলবাড়ীগেটে অবস্থিত।",বর্তমানে খুলনা প্রকৌশল ও প্রযুক্তি বিশ্ববিদ্যালয়ের মোট ছাত্রছাত্রীর সংখ্যা কত ?,প্রায় ৬ হাজার,0.633484,yes,"[""খুলনা প্রকৌশল ও প্রযুক্তি বিশ্ববিদ্যালয়ের বর্তমান ছাত্রছাত্রীর সংখ্যা প্রায় ১৪,০০০ জন।"", ""খুলনা প্রকৌশল ও প্রযুক্তি বিশ্ববিদ্যালয়ের বর্তমান ছাত্র-ছাত্রী সংখ্যা কেজি এককে প্রায় ১১,০০০ মানুষ।"", ""খুলনা প্রকৌশল ও প্রযুক্তি বিশ্ববিদ্যালয়ের বর্তমান ছাত্রছাত্রীর সংখ্যা কাছাকাছি ১১,০০০ এর কাছাকাছি।"", ""খুলনা প্রকৌশল ও প্রযুক্তি বিশ্ববিদ্যালয়ের বর্তমান ছাত্রছাত্রীর সংখ্যা বেরিঃ ২০২৩ সালে মোট ১৭,৩৮৮।"", ""খুলনা প্রকৌশল ও প্রযুক্তি বিশ্ববিদ্যালয়ের বর্তমান ছাত্রছাত্রীর সংখ্যা আনুমানিক 12,000 এর কাছাকাছি।""]"
bengali-4749857637773712091-5,"ফাগ-মো-গ্রু-পা রাজবংশের প্রতিষ্ঠাতা তা'ই-সি-তু-ব্যাং-ছুব-র্গ্যাল-ম্ত্শানের উদ্দেশ্য ছিল ট্যাং রাজবংশের আমলে তিব্বত সাম্রাজ্যের অতীত গৌরব ফিরিয়ে এনে তিব্বতীদের মধ্যে জাতীয়তাবাদী মনোভাব সৃষ্টি করা এবং তিব্বতে মঙ্গোল শাসনের অবসান ঘটানো।[54]:২৬২ তিনি তিব্বত সাম্রাজ্যের মহান সম্রাট স্রোং-ব্ত্সন-স্গাম-পোর প্রশাসনিক ব্যবস্থা ও বিচারব্যবস্থার নীতি গ্রহণ করেন।[55]:৫০৪ তিনি ইউয়ান সাম্রাজ্যের দ্বারা প্রচলিত তিব্বতের তেরোটি প্রশাসনিক বিভাগকে বাতিল করে মধ্য তিব্বতকে বিভিন্ন র্দ্জোং (Wylie: rdzong) বা জেলায় বিভক্ত করেন।[55]:৫০৪র্দ্জোং-দ্পোন (Wylie: rdzong dpon) জেলার প্রধানদের প্রাচীন তিব্বত সাম্রাজ্যের সময়ের রীতিনীতি ও আচার অনুষ্ঠান পালন করতে হত এবং প্রাচীন পোশাক রীতি মেনে চলতে হত।[55]:৫০৪ তা'ই-সি-তু-ব্যাং-ছুব-র্গ্যাল-ম্ত্শান দ্বারা প্রচলিত আইন ব্যবস্থা বিংশ শতাব্দী পর্যন্ত তিব্বতে প্রচলিত ছিল।[56]:৭ ১৩৬৪ খ্রিষ্টাব্দে তা'ই-সি-তু-ব্যাং-ছুব-র্গ্যাল-ম্ত্শানের মৃত্যু হলে তাঁর ভ্রাতুষ্পুত্র 'জাম-দ্ব্যাংস-শা-ক্যা-র্গ্যাল-ম্ত্শান মধ্য তিব্বতের পরবর্তী রাজা হন। তিনি যখন সিংহাসনে বসেন তখন মঙ্গোল ইউয়ান সাম্রাজ্য এতটাই দুর্বল হয়ে পড়েছে, যে তিব্বতের রাজনীতিতে তাঁদের প্রভাব ছিল না বললেই চলে। ১৩৬৫ খ্রিষ্টাব্দে ইউয়ান সম্রাট তোঘোন তেমুর তাঁকে গুশি উপাধি এবং নেদোং অঞ্চলের শাসনভার দান করেন। ১৩৬৮ খ্রিষ্টাব্দে মিং রাজবংশ চীন অধিকার করলে হেঝৌ অঞ্চলের সেনাপতির উপদেশে মিং সম্রাট তাঁকে পুনরায় উপাধি প্রদান করে তাঁর সঙ্গে সুসম্পর্ক বজায় রাখেন।[n 3][58] এরফলে 'জাম-দ্ব্যাংস-শা-ক্যা-র্গ্যাল-ম্ত্শান চীনের হস্তক্ষেপ ব্যতীত নিজের পৃথক শাসনব্যবস্থার অস্তিত্ব বজায় রাখতে সক্ষম হন।[59]:৪৮,৪৯ এই রাজ্যের অপর একজন উল্লেখযোগ্য শাসক গোং-মা-গ্রাগ্স-পা-র্গ্যাল-ম্ত্শানের রাজত্বকালে তিব্বতে সমৃদ্ধি আসে।[60] ঐ বংশের পূর্ববর্তী রাজারা যেরকম স্দে-স্রিদ উপাধি ধারণ করতেন, তিনি গোং-মা উপাধি ধারণ করেন।[61]:৮৫,৮৬ ১৩৮৮ খ্রিষ্টাব্দে হোংঊ তাঁকে গুশি উপাধি দান করেন এবং দুই রাজবংশের মধ্যে সম্পর্কের উন্নতি ঘটে। গোং-মা-গ্রাগ্স-পা-র্গ্যাল-ম্ত্শানের রাজত্বকালে দুই দেশের মধ্যে কূটনৈতিক ও বাণিজ্যিক আদান প্রদানও বৃদ্ধি পায়। বিখ্যাত তিব্বতী বৌদ্ধ পন্ডিত ত্সোং-খা-পা-ব্লো-ব্জাং-গ্রাগ্স-পার পৃষ্ঠপোষক ছিলেন। তাঁর অনুদানেই ত্সোং-খা-পা-ব্লো-ব্জাং-গ্রাগ্স-পা ও তাঁর অনুগামীরা দ্গা'-ল্দান বৌদ্ধবিহার নির্মাণ করতে সক্ষম হন।[62] ১৪০৯ খ্রিষ্টাব্দে রাজা লাসা শহরে ত্সোং-খা-পা-ব্লো-ব্জাং-গ্রাগ্স-পাকে লো-গ্সার বা তিব্বতী নববর্ষের দিনে উদযাপন করার জন্য স্মোন-লাম-ছেন-মো নামক উৎসবের সূচনা করতে সহায়তা করেন।[61]:৮৫,৮৬ গোং-মা-গ্রাগ্স-পা-র্গ্যাল-ম্ত্শানের ভ্রাতা সাংস-র্গ্যাস-র্গ্যাল-ম্ত্শান রিং-স্পুংস-পা নামক গ্ত্সাং অঞ্চলের রিং-স্পুংস এলাকার এক আঞ্চলিক জমিদার পরিবারের দুইজন মহিলাকে বিবাহ করেন এবং তাঁদের গ্রাগ্স-পা-'ব্যুং-গ্নাস এবং কুন-দ্গা'-লেগ্স-পা নামক দুই পুত্রের জন্ম হয়। গোং-মা-গ্রাগ্স-পা-র্গ্যাল-ম্ত্শানের মৃত্যুর পর যখন মন্ত্রীরা পরবর্তী উত্তরাধিকারী মনোয়নের জন্য ঐকমত্য্যে পৌঁছতে পারছিলেন না, রিং-স্পুংস-পা পরিবারের প্রধান নোর-বু-ব্জাং-পো এই সুযোগে ফাগ-মো-গ্রু-পা রাজবংশের এই গুরুত্বপূর্ণ প্রশ্নে গ্দান-সা-থেল বৌদ্ধবিহারের প্রধানকে সিংহাসনের উত্তরাধিকার নির্বাচনের উপদেশ দেন। প্রধান লামা গ্রাগ্স-পা-'ব্যুং-গ্নাসকে নির্বাচন করেন। যদিও সাংস-র্গ্যাস-র্গ্যাল-ম্ত্শানের সিংহাসনের প্রতি নজর ছিল, কিন্তু তিনি প্রধান লামার নির্বাচন মেনে নেন।[63]:১০৪,১০৫দুই বছর পরে ১৪৩৪ খ্রিষ্টাব্দে গ্দান-সা-থেল বৌদ্ধবিহারের প্রধান লামার মৃত্যু ঘটলে সাংস-র্গ্যাস-র্গ্যাল-ম্ত্শান সিংহাসনের দাবী জানাতে শুরু করেন। এরফলে এক বছর ব্যাপী এক গৃহযুদ্ধের সূচনা হয় ও সাংস-র্গ্যাস-র্গ্যাল-ম্ত্শানকে পালিয়ে যেতে হয় এবং নোর-বু-ব্জাং-পো বিজয়ী হিসেবে উঠে আসেন।[63]:১০৪,১০৫ এবং ১৪৩৫ খ্রিষ্টাব্দে সাম-দ্রুব-ত্সে নামক গুরুত্বপূর্ণ অঞ্চল অধিকার করেন। এরফলে রিং-স্পুংস-পা গ্ত্সাং অঞ্চলটি নিজেদের অধিকারে নিয়ে এসে মধ্য তিব্বতের নতুন রাজবংশরূপে উঠে আসে।[61]:৮৬,৮৭ রিং-স্পুংস-পা রাজবংশ নতুন শক্তিরূপে উঠে এলেও তাঁরা গ্রাগ্স-পা-'ব্যুং-গ্নাসকে ক্ষমতাচ্যূত করেননি, কিন্তু ফাগ-মো-গ্রু-পা রাজবংশের অধিকার শুধু পূর্ব মধ্য তিব্বতের দ্বুস অঞ্চলেই সীমাবদ্ধ রয়ে যায়। উভয় রাজবংশের পরবর্তী রাজারা নিজেদের মধ্যে বৈরীতা বজায় রাখেন। রিং-স্পুংস-পা রাজবংশের রাজা দোন-য়োদ-র্দো-র্জের রাজত্বে এই বিরোধ চরম আকার ধারণ করে। তিনি কার্মা-ব্কা'-ব্র্গ্যুদ ধর্মসম্প্রদায়ের সপ্তম র্গ্যাল-বা-কার্মা-পা ছোস-গ্রাগ্স-র্গ্যা-ম্ত্শোর পৃষ্ঠপোষক ছিলেন। ছোস-গ্রাগ্স-র্গ্যা-ম্ত্শোর অনুরোধে লাসা শহরের অদূরে দ্গে-লুগ্স ধর্মসম্প্রদায়ের প্রভাবাধীন এলাকায় বৌদ্ধবিহার নির্মাণের চেষ্টা করলে সেরা ও দ্রেপুং বৌদ্ধবিহারের দ্গে-লুগ্স ধর্মসম্প্রদায়ের বৌদ্ধরা এই নির্মাণ ভেঙ্গে দেন।[28]:২৭৭ এরফলে মধ্য তিব্বতে ধর্মীয় ও রাজনৈতিক একটি সংকট সৃষ্টি হয়।[64]:২২২-২২৫ ১৪৮০ খ্রিষ্টাব্দে দোন-য়োদ-র্দো-র্জে একটি বিশাল সৈন্যবাহিনীর সাহায্যে দ্বুস অঞ্চল আক্রমণ করেন। তিনি লাসা শহরের নিকটবর্তী ক্যিশোদ অঞ্চল আক্রমণ করে ফাগ-মো-গ্রু-পা রাজবংশের অষ্টম রাজা কুন-দ্গা'-লেগ্স-পার প্রভাবশালী মন্ত্রী কাঝিপা পরিবারের কোনছোক রিনছেনকে বিতাড়িত করেন। যদিও তিনি বেশ কিছু অঞ্চলকে রিং-স্পুংস-পা রাজবংশের অধীনে নিয়ে আসেন, তবুও দ্গা'-ল্দান বৌদ্ধবিহার লুঠ করার তাঁর প্রচেষ্টাকে প্রতিহত করা সম্ভব হয়।[16]:৮৭[28]:২৭৭[65]:৫০০ এই আক্রমণের পর ফাগ-মো-গ্রু-পা রাজ্যের মন্ত্রীরা পরামর্শ করে তাঁদের রাজা কুন-দ্গা'-লেগ্স-পাকে নির্বাসনে পাঠিয়ে ঙ্গাগ-গি-দ্বাং-পোকে পরবর্তী রাজা নির্বাচিত করেন। ঙ্গাগ-গি-দ্বাং-পোর রাজত্বকালে ১৪৮৫ খ্রিষ্টাব্দে দোন-য়োদ-র্দো-র্জে র্গ্যাল-র্ত্সে শহর আক্রমণ করে অধিকার করে নেন।[16]:৮৭[64]:২২৬ ১৪৯১ খ্রিষ্টাব্দেঙ্গাগ-গি-দ্বাং-পোর মৃত্যু হলে রিং-স্পুংস-পা রাজবংশের দ্বিতীয় রাজা কুন-তু-ব্জাং-পোর ভ্রাতা গ্ত্সো-স্ক্যেস-র্দো-র্জে ফাগ-মো-গ্রু-পা রাজ্যের উত্তরাধিকারী ঙ্গাগ-দ্বাং-ব্ক্রা-শিস-গ্রাগ্স-পার নাবালকত্বের সুযোগে রাজ্যের অভিভাবক হয়ে যান।[57]:৬৯৩ ১৪৯৮ খ্রিষ্টাব্দে লাসা শহরে বসবাসকারী কার্মা-ব্কা'-ব্র্গ্যুদ ধর্মসম্প্রদায়ের এক উচ্চপদস্থ বৌদ্ধকে হত্যা করা হলে দোন-য়োদ-র্দো-র্জে লাসা অবরোধ করেন। এই বছর থেকে প্রায় কুড়ি বছর কার্মা-ব্কা'-ব্র্গ্যুদ ধর্মসম্প্রদায়ের বৌদ্ধরা দ্গে-লুগস সম্প্রদায়ের বৌদ্ধদের লো-গ্সার বা তিব্বতী নববর্ষের দিনে উদযাপন করার জন্য স্মোন-লাম-ছেন-মো নামক উৎসব পালনে বাধা সৃষ্টি করে।[65]:৫০২ ১৪৯৯ খ্রিষ্টাব্দে দোন-য়োদ-র্দো-র্জের অনুমতিক্রমে ঙ্গাগ-দ্বাং-ব্ক্রা-শিস-গ্রাগ্স-পা ফাগ-মো-গ্রু-পা রাজবংশের পরবর্তী রাজা হিসেবে সিংহাসনে বসলে গ্ত্সো-স্ক্যেস-র্দো-র্জে অভিভাবকত্ব থেকে সরে আসেন। ১৫১০ খ্রিষ্টাব্দে গ্ত্সো-স্ক্যেস-র্দো-র্জের মৃত্যু হলে দোন-য়োদ-র্দো-র্জের সঙ্গে ঙ্গাগ-দ্বাং-ব্ক্রা-শিস-গ্রাগ্স-পার মধ্যে একটি সামরিক লড়াই শুরু হলেও দ্রুত তাঁদের মধ্যে মধ্যস্থতা হয়ে যায়। ১৫১২ খ্রিষ্টাব্দে দোন-য়োদ-র্দো-র্জের মৃত্যুর পর রিং-স্পুংস-পা রাজ্যের সামরিক ও রাজনৈতিক প্রভাব হ্রাস পেতে থাকে। ১৫১৫ খ্রিষ্টাব্দে ফাগ-মো-গ্রু-পা রাজবংশের সাথে পুনরায় বিরোধ শুরু হয়। রিং-স্পুংস-পা রাজবংশের অধীনে থাকা গ্যাখার্ত্সে তাঁদের আনুগত্য পাল্টে ফাগ-মো-গ্রু-পা রাজবংশের অধীনে চলে যায়।[64]:২৩১ লাসা থেকে রিং-স্পুংস-পার সৈন্যদল বিতাড়িত হয় এবং কুড়ি বছর পরে দ্গে-লুগস সম্প্রদায়ের বৌদ্ধদের স্মোন-লাম-ছেন-মো নামক উৎসব পালনের সুযোগ পান।[16]:৮৮[66]:৮৫ ঝিগ-শাগ-পা-ত্শে-ব্র্তান-র্দো-র্জে নামক রিং-স্পুংস-পা রাজবংশের এক আত্মীয় ও সাম-গ্রুব-ত্সে দুর্গের অধিপতি ১৫৫৭ খ্রিষ্টাব্দে রিং-স্পুংস-পা রাজবংশের বিরুদ্ধে বিদ্রোহ ঘোষণা করেন। ১৫৬৫ খ্রিষ্টাব্দে তিনি পানাম ল্হুনদ্রুপ ক্যুংত্সে অবরোধ করলে কুন-ম্খ্যেন-পাদ-মা-দ্কার-পো নামক 'ব্রুগ-পা-ব্কা'-ব্র্গ্যুদ ধর্মসম্প্রদায়ের চতুর্থ র্গ্যাল-দ্বাং-'ব্রুগ-পা উভয় পক্ষের মধ্যে মধ্যস্থতা করেন। কিন্তু ১৫৬৬ খ্রিষ্টাব্দে ন্যাংতোদ অঞ্চলে এক নতুন যুদ্ধের সূচনা হলে কুন-ম্খ্যেন-পাদ-মা-দ্কার-পোর মধ্যস্থতায় ঙ্গাগ-দ্বাং-'জিগ্স-মেদ-গ্রাগ্স-পা সমগ্র পানাম অঞ্চলটি ঝিগ-শাগ-পা-ত্শে-ব্র্তান-র্দো-র্জেকে সমর্পণ করে দিতে সম্মত হন। এরফলে রিং-স্পুংস-পা রাজবংশের প্রভাব মধ্য তিব্বত থেকে অন্তর্হিত হয় এবং ঝিগ-শাগ-পা-ত্শে-ব্র্তান-র্দো-র্জে গ্ত্সাং-পা রাজবংশ স্থাপন করে মধ্য তিব্বতের নতুন শক্তি হিসেবে উঠে আসেন।[28]:২৮০",কার কাছে  রিং-স্পুংস-পা রাজবংশের পতন ঘটে ?,ঝিগ-শাগ-পা-ত্শে-ব্র্তান-র্দো-র্জে,0.894786,no,"[""ব্রিটিশ সরকারের কাছে রিং-স্পুংস-পা রাজবংশের পতন ঘটে।"", ""রিং-স্পুংস-পা রাজবংশের পতনটি হিংগ্লায়া রাজা নোরীমর্দিনের কাছে ঘটে।"", ""রিং-স্পুংস-পা রাজবংশের পতন তিব্বতের পঞ্চভূত শাসকের কাছে ঘটে।"", ""রিং-স্পুংস-পা রাজবংশের পতন লোহার রাজা শান্তিনিকেটন সিং কাছে ঘটে।"", ""রিং-স্পুংস-পা রাজবংশের পতনটা তাদের অ্যান্ড্রোজিম রাজবংশের কাছে ঘটে।""]"
bengali--7124112135723354543-3,১৮৬৭ সালের ২৮ অক্টোবর উত্তর আয়ারল্যান্ডের ডানগ্যানন শহরে মার্গারেট এলিজাবেথ নোবেল জন্মগ্রহণ করেছিলেন। তাঁর বাবা স্যামুয়েল রিচমন্ড নোবেল ছিলেন ধর্মযাজক। মায়ের নাম ছিল মেরি ইসাবেলা। মাত্র দশ বছর বয়সে মার্গারেটের বাবা মারা যান। তারপর তাঁর দাদামশাই তথা আয়ারল্যান্ডের বিশিষ্ট স্বাধীনতা সংগ্রামী হ্যামিলটন তাঁকে লালনপালন করেন। মার্গারেট লন্ডনের চার্চ বোর্ডিং স্কুলে পড়াশুনা করেছিলেন। এরপর হ্যালিফ্যাক্স কলেজে তিনি এবং তার বোন মেরি পড়াশুনা করেছিলেন।,অ্যাংলো-আইরিশ বংশোদ্ভুত ভগিনী নিবেদিতার বাবার নাম কী ?,স্যামুয়েল রিচমন্ড নোবেল,0.680987,yes,"[""নিবেদিতার বাবার নাম জেমস মেরিটস ফ্লেনার।"", ""নাইল কোটলিন ভগিনী নিবেদিতার বাবা।"", ""নাবীন্দ্রনাথ ঠাকুর।"", ""ন্যাটনিয়াম লী বাবার নাম।"", ""নার্য়েল ওলিভার নিবেদিতার বাবা।""]"
bengali-2573614511216597131-1,পীর গোরাচাঁদের আসল নাম হল পীর হজরত শাহ সৈয়দ আব্বাস আলী রাজী। তাঁর পিতার নাম হজরত করিম উল্লাহ এবং মাতার নাম মায়মুনা সিদ্দিকা। আনুমানিক ১২৬৫ খ্রিস্টাব্দে আরবের মক্কা নগরে জমজম মহল্লায় বিখ্যাত কোরায়েশ বংশে তিনি জন্মগ্রহণ করেন। পীর হজরত শাহজালাল এঅমনির কাছে তরীকা সুফীমতে দীক্ষাগ্রহণের পর গুরুর নির্দেশে ভারতবর্ষে ধর্মপ্রচারে আসেন। [1][2][4],পীর গোরাচাঁদের বাবার নাম কি ছিল ?,হজরত করিম উল্লাহ,0.935344,no,"[""পীর গোরাচাঁদের বাবার নাম মোহিবউদ্দীন ছিল।"", ""পীর গোরাচাঁদের বাবার নাম মোহিনীরা ছিল।"", ""পীর গোরাচাঁদের বাবার নাম গোরা ছিল।"", ""পীর গোরাচাঁদের বাবার নাম মোঘোলিয়া ছিল।"", ""পীর গোরাচাঁদের বাবার নাম মোহিবউল্লাহ।""]"
bengali--4088972979448384532-2,"দেবশ্রী রায় এর জন্ম, বেড়ে ওঠা কলকাতায়। তার পিতার নাম বীরেন্দ্র কিশোর রায় এবং মায়ের নাম আরতি রায়। ১৯৬৯ সনে তিনি প্রথম ""বালক গদাধর"" নামে একটি চলচিত্রে শিশুশিল্পী হিসেবে অভিনয় করেন, যার পরিচালক ছিলেন হরিময় সেন। তিনি কলকাতার এ পি জে ,পার্ক স্ট্রীট শাখার স্কুলের ছাত্রী ছিলেন, যদিও নাচের প্রতি অত্যধিক ঝোঁক থাকার কারণে বেশিদূর এগোতে পারেন নি। তার ডাক নাম চুমকি।",দেবশ্রী রায়ের ডাক নাম কি ?,চুমকি,0.986118,no,"[""দেবশ্রী রাঘবেন্দ্রের ডাক নাম \""দেবশ্রী\""।"", ""দেবশ্রী রাঘবেন্দ্রের ডাক নাম \""দেবশ্রী\""।"", ""দেবশ্রী রাঘবেন্দ্রের ডাক নাম \""দেবশ্রী\""।"", ""দেবশ্রী রাঘবেন্দ্রের ডাক নাম \""দেবশ্রী\""।"", ""দেবশ্রী রাঘবেন্দ্রের ডাক নাম ডেবশ্রী।""]"
bengali--1990721472147920166-1,"১৯৩৮ সালের ৪ এপ্রিল বগুড়ায় একটি কলেজ প্রতিষ্ঠার লক্ষ্যে খাঁন বাহাদুর মোহাম্মদ আলীকে সভাপতি  এবং মৌলভী আব্দুস সাত্তারকে সাধারন সম্পাদক করে একটি কমিটি গঠিত হয়। এই কলেজটি ১৯৩৯ সালের জুলাই মাসে প্রতিষ্ঠিত হয়।[2] অবিভক্ত বঙ্গে বিশিষ্ট ব্যক্তিত্ব স্যার আজিজুল হক এর নামে কলেজটির নামকরণ করা হয়েছে। তিনি সে সময় কলকাতা বিশ্ববিদ্যালয় এর উপাচার্য ছিলেন; সরকারি স্কুলে শিক্ষার মাধ্যম ইংরেজী থেকে বাংলায় চালু, প্রাথমিক শিক্ষা পরিকল্পনাকে অ্যাক্টে পরিণত, কলকাতা বিশ্ববিদ্যালয়ের ইসলামের ইতিহাস ও সংস্কৃতি বিভাগ প্রতিষ্ঠা (১৯৪০), শিক্ষা সপ্তাহ পালন কর্মসূচী প্রবর্তন, বঙ্গীয় ব্যবস্থাপক সভার মহাজনী বিল ও প্রজাস্বত্ব আইন উপস্থাপন তাঁর উল্লেখযোগ্য কীর্তি।কলেজের প্রথম অধ্যক্ষ ছিলেন ড. এম.এম. মুখার্জি (আগষ্ট ১৯৩৯- সেপ্টেম্বর ১৯৩৯) এবং প্রথম উপাধ্যক্ষ ছিলেন শ্রী এস.পি সেন। কলেজের যাত্রা শুরুর প্রায় দুই বছর পর্যন্ত কলেজের ক্লাস অস্থায়ীভাবে সুবিল প্রাথমিক বিদ্যালয়ে (বর্তমান) নেয়া হয়। পরবর্তীতে এটি ফুলবাড়ি বটতলাতে স্থানান্তরিত করা হয়। ১৯৬৮ সালের ১৫ এপ্রিল কলেজটি সরকারীকরন করা হয়।",আজিজুল হক কলেজ কবে প্রতিষ্ঠিত হয় ?,১৯৩৯ সালের জুলাই মাসে,0.966807,no,"[""আজিজুল হক কলেজ ১৯৬২ সালে প্রতিষ্ঠিত হয়েছে।"", ""আজিজুল হক কলেজ ১৯৬৪ সালে প্রতিষ্ঠিত হয়েছিল।"", ""আজিজুল হক কলেজ ১৯৬৯ সালে প্রতিষ্ঠিত হয়েছিল।"", ""আজিজুল হক কলেজ ১৯৬৩ সালে প্রতিষ্ঠিত হয়েছিল।"", ""আজিজুল হক কলেজ ১৯৬২ সালে প্রতিষ্ঠিত হয়েছে।""]"
bengali-8652082239846487292-2,"কলকাতা বিমানবন্দর ঐতিহ্যগতভাবে ইউরোপ থেকে ইন্দোচীন ও অস্ট্রেলিয়ার মধ্যে বিমান রুটে কৌশলগত কেন্দ্র হিসেবে কাজ করে।[15] ১৯৩৭ সালে এ্যামিলিয়া ইয়ারহাট সহ বহু বিমান সংস্থার  অনেক অগ্রগামী উড়ানগুলি যাত্রা শুরু করে কলকাতা থেকে।[16] ১৯২৪ সালে, কেএলএল বিমান সংস্থা কলকাতায় তাদের আমস্টারডামের -বতভিয়া (জাকার্তা) রুটের অংশ হিসাবে অবতরণ শুরু করেন।[17] একই বছরে, কোনও বিমান বাহিনী কর্তৃক প্রথম বিশ্ব ভ্রমণ অভিযানের অংশ হিসাবে একটি রয়েল এয়ার ফোর্স বিমান কলকাতায় অবতরণ করে।[18]",নেতাজী সুভাষ চন্দ্র বসু আন্তর্জাতিক বিমানবন্দর কবে নির্মিত হয় ?,১৯৩৭ সালে,0.954989,no,"[""নেতাজী সুভাষ চন্দ্র বসু আন্তর্জাতিক বিমানবন্দর ১৯৭১ সালে নির্মিত হয়েছিল।"", ""নেতাজী সুভাষ চন্দ্র বসু আন্তর্জাতিক বিমানবন্দর ১৯৯৮ সালে নির্মিত হয়েছিল।"", ""নেতাজী সুভাষ চন্দ্র বসু আন্তর্জাতিক বিমানবন্দর ১৯৭১ সালে নির্মিত হয়েছিল।"", ""নেতাজী সুভাষ চন্দ্র বসু আন্তর্জাতিক বিমানবন্দর ১৯৭৪ সালে নির্মিত হয়েছিল।"", ""নেতাজী সুভাষ চন্দ্র বসু আন্তর্জাতিক বিমানবন্দর ১৯৭১ সালে নির্মিত হয়েছিল।""]"
bengali-69291154486973838-0,"ঢাকা দক্ষিণ এশিয়ার রাষ্ট্র বাংলাদেশের রাজধানী ও বৃহত্তম শহর। প্রশাসনিকভাবে এটি দেশটির ঢাকা বিভাগের প্রধান শহর। ভৌগোলিকভাবে এটি বাংলাদেশের মধ্যভাগে বুড়িগঙ্গা নদীর উত্তর তীরে একটি সমতল এলাকাতে অবস্থিত। ঢাকা একটি অতিমহানগরী (মেগাশহর); ঢাকা মহানগরী এলাকার জনসংখ্যা প্রায় ১ কোটি ৫০ লক্ষ।[3] জনসংখ্যার বিচারে এটি দক্ষিণ এশিয়ার চতুর্থ বৃহত্তম শহর (দিল্লি, করাচি ও মুম্বইয়ের পরেই) এবং সমগ্র বিশ্বের নবম বৃহত্তম[4] শহর। জনঘনত্বের বিচারে ঢাকা বিশ্বের সবচেয়ে ঘনবসতিপূর্ণ মহানগরী; ১৩৪ বর্গমাইল আয়তনের এই শহরে প্রতি বর্গমাইল এলাকায় ১ লক্ষ ১৫ হাজার লোকের বাস।[5]",ঢাকার মোট আয়তন কত ?,১৩৪ বর্গমাইল,0.666402,yes,"[""ঢাকার মোট আঁটা ৪,৪৫৬.৩০ কিমি²।"", ""ঢাকার মোট আটান ৪ মিলিয়নের কাছাকাছি।"", ""ঢাকার মোট আয়তন 1,299.99 বর্গকিলোমিটার।"", ""ঢাকার মোট আট্টান ৪ কিলোমিটার বেরিয়ে যায়।"", ""ঢাকার মোট আট্যান ৪,৪৫৬ বর্গ কিলোমিটার।""]"
bengali-718364632586215903-3,"পশ্চিমবঙ্গের হুগলি জেলার আরামবাগ মহকুমায় অবস্থিত কামারপুকুর গ্রামে ১৮৩৬ সালে এক দরিদ্র ধর্মনিষ্ঠ রক্ষণশীল ব্রাহ্মণ পরিবারে রামকৃষ্ণ পরমহংসের জন্ম হয়। তিনি পিতা ক্ষুদিরাম চট্টোপাধ্যায় এবং মা চন্দ্রমণি দেবীর চতুর্থ ও শেষ সন্তান। কথিত আছে, শ্রীরামকৃষ্ণের জন্মের পূর্বে তাঁর পিতামাতার সম্মুখে বেশ কয়েকটি অলৌকিক ঘটনা ঘটেছিল। সন্তানসম্ভবা চন্দ্রমণি দেবী দেখেছিলেন শিবলিঙ্গ থেকে নির্গত একটি জ্যোতি তাঁর গর্ভে প্রবেশ করছে। তাঁর জন্মের অব্যবহিত পূর্বে গয়ায় তীর্থভ্রমণে গিয়ে ক্ষুদিরাম গদাধর বিষ্ণুকে স্বপ্নে দর্শন করেন। সেই কারণে তিনি নবজাতকের নাম রাখেন গদাধর।[14]",ঊনবিংশ শতাব্দীর বিশিষ্ট ভারতীয় হিন্দু ধর্মগুরু রামকৃষ্ণ পরমহংসের বাবার নাম কী ?,ক্ষুদিরাম চট্টোপাধ্যায়,0.867972,no,"[""রামকৃষ্ণ পরমহংসের বাবার নাম শিবাকৃষ্ণ দাশ।"", ""রামকৃষ্ণ পরমহংসের বাবার নাম শেখ মোহাম্মদ সাদিক।"", ""রামকৃষ্ণ পরমহংসের বাবার নাম হরিকৃষ্ণ শাস্ত্রী।"", ""রামকৃষ্ণ পরমহংসের বাবার নাম সুরকানাথ দাশ।"", ""রামকৃষ্ণ পরমহংসের বাবার নাম হোমী নাম্বের।""]"
bengali-5118137145175085108-0,"ভগিনী নিবেদিতা  (ইংরেজি: Sister Nivedita) (Bengali pronunciation:[sister niːbediːt̪aː] ) (জন্ম মার্গারেট এলিজাবেথ নোবেল' (ইংরেজি: Margaret Elizabeth Noble)[1]; ২৮ অক্টোবর, ১৮৬৭ – ১৩ অক্টোবর, ১৯১১)[2][3] ছিলেন একজন অ্যাংলো-আইরিশ বংশোদ্ভুত সমাজকর্মী, লেখিকা, শিক্ষিকা এবং স্বামী বিবেকানন্দের শিষ্যা।[4][5] ১৮৯৫ সালে লন্ডন শহরে তিনি স্বামী বিবেকানন্দের সাক্ষাৎ পান এবং ১৮৯৮ সালে ভারতে চলে আসেন। একই বছর ২৫ মার্চ তিনি ব্রহ্মচর্য গ্রহণ করলে স্বামী বিবেকানন্দ তাঁর নামকরণ করেন ""নিবেদিতা""।",ভগিনী নিবেদিতা কোন সালে প্রথম ভারতবর্ষে আসেন ?,১৮৯৮,0.947957,no,"[""নিবেদিতা ভগিনী ১৯৪৬ সালে ভারতবর্ষে আসেন।"", ""নিবেদিতা ভগিনী ১৯৯২ সালে ভারতবর্ষে আসেন।"", ""নিবেদিতা ভগিনী ১৯৪৬ সালে ভারতবর্ষে আসেন।"", ""নিবেদিতা ভগিনী ১৯৩৮ সালে ভারতবর্ষে আসেন।"", ""নিবেদিতা ভগিনী ১৯০১ সালে ভারতবর্ষে আসেন।""]"
bengali--1256061284728114612-1,১৮৫৮ সালের গ্রীষ্মে বাংলার ঢাকা জেলার বিক্রমপুর অঞ্চলের আড়িয়ল গ্রামের একটি বাঙালি হিন্দু পরিবারে জন্মগ্রহণ করেন শ্যামাকান্ত।[1] তার জন্মস্থান বর্তমানে বাংলাদেশের ঢাকা বিভাগের মুন্সিগঞ্জ জেলার অন্তর্গত। শ্যামাকান্তর পরিবারের আদি নিবাস নদীয়া জেলার ফুলিয়াতে। তারা ফুলিয়া মেলের বন্দ্যঘটি বংশীয় ও বিক্রমপুর সমাজের উচ্চ কুলীন বিষ্ণু ঠাকুরের পালটি বলে খ্যাত। শ্যামাকান্তর পিতা শশীভূষণ বন্দ্যোপাধ্যায় ত্রিপুরা জেলার মুরাদনগরে আদালতে সেরেস্তাদার ছিলেন। শ্যামাকান্তরা ছিলেন চার ভাই ও তিন বোন। চার ভাইয়ের মধ্যে তিনি ছিলেন জ্যেষ্ঠ। তার এক ভাই সূর্যকান্ত বন্দ্যোপাধ্যায় ঢাকায় ওকালতি করতেন।,ভারতীয় যোগী ও অদ্বৈত বেদান্তের গুরু সোহং স্বামীর বাবার নাম কী ?,শশীভূষণ বন্দ্যোপাধ্যায়,0.854817,no,"[""সোহং স্বামীর বাবার নাম শিবেন্দ্রনাথ দত্ত।"", ""সোহং স্বামীর বাবার নাম হৈমবতী সোহং।"", ""সোহং স্বামীর বাবার নাম শ্রী সর্দার সেন।"", ""সোহং স্বামীর বাবা নাম সরকার সোহং।"", ""সোহং স্বামীর বাবা হলেন সর্দার সিংহ।""]"
bengali--5760143195786173994-1,"দিল্লী দর্বার তৈরীর পূর্বে, গেটওয়ে অব ইন্ডিয়া ১৯১১ সালে  কিং জর্জ ফাইভ এবং কুনি মেরি মুম্বাই আগমনের স্মৃতি রক্ষার্থে নির্মাণ করা হয়েছিল।  কিন্তু তারা এই স্থাপত্যটির শুধু কার্ডবোর্ড মডেল দেখে যেতে পেরেছিলেন, কেননা নির্মাণকাজ ১৯১৫ সালের পরে শুরু হয়েছিল।[11] বোম্বের সরকার স্যার জর্জ সিডেনহাম ক্লার্ক ১৯১১ সালের ৩১শে মার্চ স্থাপত্যটির ভিত্তিপ্রস্তর স্থাপন করেন। চুড়ান্ত নকশা ১৯১৩ সালের ৩১শে মার্চ অনুমোদিত হয়। গেটওয়েটি হলুদ ব্যাসল্ট এবং কংক্রিট দিয়ে বানানো হয়েছিল।[12]  ফাউন্ডেশনের কাজ ১৯২০ সালে এবং পুরো কাজ শেহ হয়েছিল ১৯২৪ সালে। [13] ভাইসরয় দি আর্ল অব রিডিং ১৯২৪ সালের ৪ই ডিসেম্বর গেটওয়েটি উন্মুক্ত করেন।[6]",পশ্চিম ভারতের মহারাষ্ট্র রাজ্যের মুম্বাই শহরে নির্মিত গেটওয়ে অব ইন্ডিয়ার নির্মাণ কাজ কত সাল থেকে শুরু হয়েছিল ?,১৯১৫,0.581609,yes,"[""গেটওয়ে অব ইন"", ""গেটওয়ে অব ইন্ডিয়ার নির্মাণ কাজ মুম্বাই শহরে ২০০৪ সাল থেকে শুরু হয়েছিল।"", ""গেটওয়ে অব ইন্ডিয়ার নির্মাণ কাজ মুম্বাই শহরে ২০০৪ সাল থেকে শুরু হয়েছিল।"", ""গেটওয়ে অব ইন"", ""গেটওয়ে অব ইন""]"
bengali--3447038628370329440-0,"ঋতুপর্ণ ঘোষ (জন্ম:৩১শে অগস্ট, ১৯৬৩ - মৃত্যু:৩০শে মে, ২০১৩) ছিলেন একজন ভারতীয় বাঙালি চলচ্চিত্র পরিচালক।[1] অর্থনীতির ছাত্র ঋতুপর্ণ ঘোষের কর্মজীবন শুরু হয়েছিল একটি বিজ্ঞাপন সংস্থার ক্রিয়েটিভ আর্টিস্ট হিসেবে। ১৯৯২ সালে মুক্তি পায় তাঁর প্রথম ছবি হীরের আংটি। দ্বিতীয় ছবি উনিশে এপ্রিল মুক্তি পায় ১৯৯৪ সালে। এই ছবির জন্য তিনি শ্রেষ্ঠ কাহিনিচিত্র বিভাগে জাতীয় পুরস্কার পান।","দেবশ্রী রায় অভিনীত ""উনিশে এপ্রিল"" বাংলা চলচ্চিত্রটি কত সালে মুক্তি পায় ?",১৯৯৪,0.851239,no,"[""\""উনিশে এপ্রিল\"" চলচ্চিত্রটি ২০১৬ সালে মুক্তি পায়।"", ""\""উনিশে এপ্রিল\"" চলচ্চিত্রটি ২০১৯ সালে মুক্তি পায়।"", ""\""উনিশে এপ্রিল\"" বাংলা চলচ্চিত্রটি ২০১৭ সালে মুক্তি পায়।"", ""\""উনিশে এপ্রিল\"" বাংলা চলচ্চিত্রটি ২০১৬ সালে মুক্তি পায়।"", ""\""উনিশে এপ্রিল\"" চলচ্চিত্রটি ২০১৬ সালে মুক্তি পায়।""]"
bengali--1772416294222806218-6,১৯২৭-২৮ সালে ঢাকায় প্রথম চলচ্চিত্র নির্মিত হয়। নওয়াব পরিবারের কয়েকজন তরুণ সংস্কৃতিসেবী নির্মাণ করেন চলচ্চিত্র সুকুমারী। এর পরিচালক ছিলেন জগন্নাথ কলেজের তৎকালীন ক্রীড়াশিক্ষক অম্বুজপ্রসন্ন গুপ্ত। চলচ্চিত্রের নায়ক-নায়িকা ছিলেন খাজা নসরুল্লাহ ও সৈয়দ আবদুস সোবহান। উল্লেখ্য তখন নারীদের অভিনয়ের রেওয়াজ চালু হয়নি। নাট্যমঞ্চের নারীচরিত্রেও পুরুষেরাই অভিনয় করতেন।,স্বাধীন বাংলাদেশের প্রথম চলচ্চিত্রটির নাম কী ?,সুকুমারী,0.989441,no,"[""স্বাধীন বাংলাদেশের প্রথম চলচ্চিত্র 'হোম টু হোম'।"", ""স্বাধীন বাংলাদেশের প্রথম চলচ্চিত্র 'মুক্তিযুদ্ধ' নামক ছিল।"", ""স্বাধীন বাংলাদেশের প্রথম চলচ্চিত্র \""চিঠি\""।"", ""স্বাধীন বাংলাদেশের প্রথম চলচ্চিত্র 'মানুষ হিসেবে'।"", ""স্বাধীন বাংলাদেশের প্রথম চলচ্চিত্রটির নাম \""মুক্তিযুদ্ধ\""।""]"
bengali-4781769044090038527-8,"এলাহাবাদ থেকে পশ্চিমবঙ্গের মালদহ পর্যন্ত গঙ্গা বারাণসী, পাটনা, গাজীপুর, ভাগলপুর, মির্জাপুর, বালিয়া, বক্সার, সৈয়দপুর ও চুনার শহরের পাশ দিয়ে প্রবাহিত হয়েছে। ভাগলপুরে নদী দক্ষিণ-দক্ষিণপূর্ব দিকে বইতে শুরু করেছে। পাকুরের কাছে গঙ্গার ঘর্ষণক্ষয় শুরু হয়েছে। এরপর গঙ্গার প্রথম শাখানদী ভাগীরথী-হুগলির জন্ম, যেটি দক্ষিণবঙ্গে গিয়ে হয়েছে হুগলি নদী। বাংলাদেশ সীমান্ত পেরোনোর কিছু আগে হুগলি নদীতে গড়ে তোলা হয়েছে ফারাক্কা বাঁধ। এই বাঁধ ও ফিডার খালের মাধ্যমে জলপ্রবাহ নিয়ন্ত্রণ করে হুগলি নদীকে আপেক্ষিকভাবে পলিমুক্ত রাখা হয়। ভাগীরথী ও জলঙ্গী নদীর সঙ্গমের পর হুগলি নদীর উৎপত্তি। এই নদীর বহু উপনদী রয়েছে। তার মধ্যে সবচেয়ে বড় উপনদীটি হল দামোদর নদ (দৈর্ঘ্য্য  ; অববাহিকার আয়তন )।[20] হুগলি নদী সাগর দ্বীপের কাছে বঙ্গোপসাগরে মিশেছে।[21]",হুগলী নদীর উৎস স্থল কোথায় ?,জলঙ্গী নদীর সঙ্গমে,0.908957,no,"[""হুগলী নদীর উৎস স্থল মধ্যপ্রায় ভট্টালা শহরের কাছে অবস্থিত।"", ""হুগলী নদীর উৎস স্থল মধ্য প্রদেশের মেকন্দা জেলায় অবস্থিত।"", ""হুগলী নদীর উৎস স্থল মোহাল্লিয়ানগাঁয়ের কাছাকাছি শিবঘাটে।"", ""হুগলী নদীর উৎস স্থল মোহনগঞ্জ জেলার কাশ্মীর সাগর নামক ভূগর্ভে অবস্থিত।"", ""হুগলী নদীর উৎস স্থল মধ্য প্রদেশ রাজ্যের সুমারি জেলার কাছাকাছি।""]"
bengali-5229637452375837893-4,"১৯৪৭ সালের বাঙলা বিভক্তির পূর্বে,১৯০৫ সালে প্রশাসনিক কার্যক্রমকে সহজতর করার লক্ষ্যে পূর্ব এবং পশ্চিম বাংলায় বিভক্ত করা হয় যা বঙ্গ ভঙ্গ হিসেবে পরিচিত।[1] সে সময় পশ্চিমবাংলা ছিল হিন্দু অধ্যুসিত এবং মুসলিমরা সেখানে সংখ্যালঘু, অন্যদিকে পূর্ববাংলা ছিল মুসলিম অধ্যুসিত এবং হিন্দুরা ছিল সংখ্যালঘু। মুসলিম অধ্যুসিত পূর্ববাংলার মানুষ এই বঙ্গ ভঙ্গের প্রতি জোরালো সমর্থন জানিয়েছিল, কেননা তারা উপলব্ধি করেছিল যে এই বিভক্তির মাধ্যমে তারা তাদের নিজস্ব একটি প্রদেশ পেতে পারে। কিন্তু হিন্দুরা এই বিভক্তির বিপক্ষে শক্ত অবস্থান নেয়। এই বিতর্ক পরবর্তীকালে প্রতিবাদ এবং সন্ত্রাসের জন্ম দেয় এবং ১৯১১ সালে বঙ্গ ভঙ্গ রদের মাধ্যমে এর নিষ্পত্তি করা হয়।",অবিভক্ত বাংলা কত সালে বিভক্ত হয় ?,১৯০৫,0.529124,yes,"[""অবিভক্ত বাংলা 1956 সালে বিভক্ত হয়েছিল।"", ""বাংলা ভাষার স্বাধীনতার ঘোষণাপত্র বর্তমান হিসেবে ১৯৪৯ সালে বিভক্ত হয়।"", ""অবিভক্ত বাংলা বাংলাদেশের উপাদেয় রাষ্ট্র হিসাবে বিভক্ত হওয়ার পর 1971 সালে।"", ""অবিভক্ত বাংলা ১৯৫৬ সালে বিভক্ত হয়েছিল।"", ""অবিভক্ত বাংলা ১৯৫৬ সালে বিভক্ত হয়ে পড়েছিল।""]"
bengali-1771748160489305957-0,"ভাওয়াল সন্ন্যাসী মামলা বিংশ শতকের প্রথম ভাগের একটি বিখ্যাত মামলা। অবিভক্ত ভারতবর্ষের বাংলা প্রদেশের ভাওয়াল এস্টেটের (বর্তমানে বাংলাদেশের গাজীপুর জেলায় অবস্থিত) কর্তৃত্ব নিয়ে এই মামলার মূল প্রতিপাদ্য ছিলো, মামলার বাদীর পরিচয়।[1] বাদী নিজেকে ভাওয়ালের রাজকুমার রমেন্দ্রনারায়ণ রায় হিসাবে দাবী করেছিলেন, এক দশক আগে যাঁর মৃত্যু ঘটেছিলো বলে সবাই জানতো।[2]",অবিভক্ত ভারতবর্ষের বাংলা প্রদেশের ভাওয়াল এস্টেট বর্তমান বাংলাদেশের কোন জেলায় অবস্থিত ?,গাজীপুর,0.955202,no,"[""বাংলা প্রদেশের ভাওয়াল এস্টেট বর্তমান বাংলাদেশের বগুলী জেলায় অবস্থিত।"", ""বাংলা প্রদেশের ভাওয়াল এস্টেট বর্তমান বাংলাদেশের রাজshahi জেলায় অবস্থিত।"", ""ভাওয়াল এস্টেট বর্তমান বাংলাদেশের বুয়েট জেলায় অবস্থিত।"", ""বাংলা প্রদেশের ভাওয়াল এস্টেট বর্তমান বাংলাদেশের বগীচি জেলায় অবস্থিত।"", ""বাংলা প্রদেশের ভাওয়াল এস্টেট বর্তমানে বাংলাদেশের উত্তররাষ্ট্র জেলায় অবস্থিত।""]"
bengali--5918016160505759655-1,"সুই সম্রাট ওয়েন প্রতিষ্ঠিত সুই সাম্রাজ্যের রাজধানী ছিল চাং'আন, ৫৮১ থেকে ৬০৫ সাল পর্যন্ত তা ডাক্সিন নামে পরিচিত ছিল এবং পরে ৬০৫ থেকে ৬১৪ পর্যন্ত লুওইয়াং নামে পরিচিত ছিল। সম্রাট ওয়েন এবং ইয়াং বেশ কিছু সংস্কার কাজ করেন, যার মধ্যে অন্যতম হল কৃষিতে সমতা প্রদান, যাতে অর্থনৈতিক অসমতা হ্রাস পায় এবং কৃষিতে উৎপাদন বৃদ্ধি পায়; তিন বিভাগ ও ছয় মন্ত্রণালয় পদ্ধতি; এবং প্রাচীন চীনের মুদ্রা প্রচলন ব্যবস্থাকে নির্দিষ্ট মানদণ্ডে নিয়ে আসা ও পুনরায় একত্রিত করা। তারা বৌদ্ধ ধর্মের প্রচার করে এবং লোকজনকে এই ধর্ম গ্রহণে উতসাহিত করে। এই সাম্রাজ্যের মাঝামাঝিতে সম্রাট ওয়েনের সময়ে জনসংখ্যা বৃদ্ধি স্বত্তেও কৃষি উৎপাদনের উদ্বৃত্ত দেখা যায়। তাই এই সময়কে এই সাম্রজ্যের সোনালি যুগ বলে গণ্য করা হয়।",সুই সাম্রাজ্যের প্রতিষ্ঠাতা কে ছিলেন ?,ওয়েন,0.930189,no,"[""সুই সাম্রাজ্যের প্রতিষ্ঠাতা জেমস II ছিলেন।"", ""সুই সাম্রাজ্যের প্রতিষ্ঠাতা জেমস ক্যাথারিন্সন ছিলেন।"", ""সুই সাম্রাজ্যের প্রতিষ্ঠাতা জেমস II ছিলেন।"", ""সুই সাম্রাজ্যের প্রতিষ্ঠাতা জেমস II ছিলেন।"", ""সুই সাম্রাজ্যের প্রতিষ্ঠাতা জেমস II ছিলেন।""]"
bengali--666965897866853892-8,"৯ মে, ১৯৮৭ সালে চলচ্চিত্র অভিনেত্রী মিমি রজার্সকে বিয়ে করেন তিনি। পরবর্তীতে ৪ ফেব্রুয়ারি, ১৯৯০ সালে তাদের মধ্যে বিবাহ-বিচ্ছেদ ঘটে।[11] ডেজ অব থান্ডার চলচ্চিত্রের সেটে ক্রুজের সাথে নিকোল কিডম্যানের প্রথম দেখা হয়। তারা ১৯৯০ সালের ২৪ ডিসেম্বর বিয়ে করেন। এ সংসারে ইসাবেলা জেন (জন্মঃ ডিসেম্বর, ১৯৯২) এবং কনর এন্টনী (জন্মঃ জানুয়ারি, ১৯৯৫) নামের দুই সন্তান রয়েছে।[11]২০০১ সালে তাদের বিচ্ছেদ হয়ে যায়। ভ্যানিলা স্কাই চলচ্চিত্রে অভিনয়ের সময় অভিনেত্রী পেনেলোপি ক্রুজের সাথে প্রেমের সম্পর্কে আবদ্ধ হন। তিন বছরের সম্পর্কটি ২০০৪ সালে ভেঙ্গে যায়।[12]",টম ক্রুজের প্রথম স্ত্রীর নাম কী ?,মিমি রজার্স,0.874902,no,"[""টম ক্রুজের প্রথম স্ত্রীর নাম ক্যাথি হিটন।"", ""টম ক্রুজের প্রথম স্ত্রীর নাম ইন্নোভেন জেন।"", ""টম ক্রুজের প্রথম স্ত্রীর নাম ক্যাথরিন টটলিফের ছিল।"", ""টম ক্রুজের প্রথম স্ত্রীর নাম করিস্টান স্মিথ।"", ""টম ক্রুজের প্রথম স্ত্রীর নাম স্টেলা ব্রিজোলি।""]"
bengali-8671424860275717889-0,"উত্তর চব্বিশ পরগণা জেলা ভারত এর পূর্বাঞ্চলীয় রাজ্য পশ্চিমবঙ্গের কলকাতা শহরের উত্তরপূর্ব দিকের একটি জেলা। জেলাটি প্রেসিডেন্সি বিভাগের অন্তর্ভুক্ত। ১৯৮৩ সালে ডঃ অশোক মিত্রের প্রশাসনিক সংস্কার কমিটি এই জেলাকে বিভাজনের সুপারিশ করেন। ১৭ই ফাল্গুণ ১৩৯২ বঙ্গাব্দে (১৯৮৬ সালে ১লা মার্চ) ২৪ পরগণা জেলাটিকে দ্বিখণ্ডিত করে ওই জেলার উত্তরাংশ নিয়ে উত্তর ২৪ পরগণা জেলা স্থাপন করা হয়৷ এর প্রশাসনিক ভবন ও সদর দপ্তর বারাসাত শহরে অবস্থিত৷ বারাসাত, বারাকপুর, বনগাঁ, বসিরহাট, বিধাননগর এই পাঁচটি মহকুমা নিয়ে উত্তর ২৪ পরগণা জেলা গঠিত।",পশ্চিমবঙ্গের উত্তর চব্বিশ পরগনা জেলার সদর শহর কোনটি ?,বারাসাত,0.928653,no,"[""পশ্চিমবঙ্গের উত্তর চব্বিশ পরগনা জেলার সদর শহর হল কন্যাক্কন্ডা।"", ""পশ্চিমবঙ্গের উত্তর চব্বিশ পরগনা জেলার সদর শহর বাঁধাই হাট।"", ""পশ্চিমবঙ্গের উত্তর চব্বিশ পরগনা জেলার সদর শহর বাঁগালোর।"", ""পশ্চিমবঙ্গের উত্তর চব্বিশ পরগনা জেলার সদর শহর হলো ডাঙাইবাগ।"", ""পশ্চিমবঙ্গের উত্তর চব্বিশ পরগনা জেলার সদর শহর রাস্তাগাঁও।""]"
bengali--7543076726572461825-0,"আর্যভট্ট (দেবনগরী: आर्यभट) (৪৭৬ – ৫৫০)[1][2] প্রাচীন ভারতের সবচেয়ে বিখ্যাত গণিতবিদদের মধ্যে একজন। ভারতের প্রথম কৃত্রিম উপগ্রহের নাম তার নামে ""আর্যভট্ট"" রাখা হয়।",গণিতবিদ আর্যভট্ট কবে জন্মগ্রহণ করেন ?,৪৭৬,0.800704,no,"[""আর্যভট্ট 476 খ্রিস্টাব্দে জন্মগ্রহণ করেন।"", ""আর্যভট্ট অন্তত ৪৭৬ খ্রিস্টপূর্বাব্দে জন্মগ্রহণ করেছিলেন।"", ""আর্যভট্ট খ্রিস্টপূর্ব 476 সালে জন্মগ্রহণ করেন।"", ""আর্যভট্ট তাঁর জন্মগ্রহণ করেছিলেন ব্রহ্মাবতী, বাংলাদেশের আগামী পার্শ্বে বর্তমান যুগাঙ্কে অনুমান করা হয় 476 খ্রিষ্টাব্দে।"", ""আর্যভট্ট 476 খ্রিস্টাব্দে জন্মগ্রহণ করেন।""]"
bengali--9166124787929336642-2,বিধানচন্দ্রের লেখাপড়ার সূচনা হয়েছিল এক গ্রাম্য পাঠশালায়। পরে পাটনার টি. কে. ঘোষ ইনস্টিটিউশন এবং তারপর পাটনা কলেজিয়েট স্কুলে পড়াশোনা করেন। ১৮৯৭ সালে মাতৃবিয়োগের এক বছর পর প্রবেশিকা পরীক্ষায় উত্তীর্ণ হয়ে পাটনা কলেজে ভরতি হন। সেখান থেকে ১৮৯৭ সালে এফ.এ. এবং ১৯০১ সালে গণিতে সাম্মানিক সহ বি.এ. পরীক্ষায় উত্তীর্ণ হন তিনি। ১৯০১ সালে পাটনা কলেজ থেকে গণিতে অনার্স সহ বি.এ. পাশ করে তিনি কলকাতায় চলে আসেন। কলকাতা মেডিক্যাল কলেজ থেকে ১৯০৬ সালে এল এম এস এবং দু বছর পর মাত্র ছাব্বিশ বছর বয়সে এম ডি ডিগ্রি লাভ করেন। এরপর ইংল্যান্ড গিয়ে লন্ডনের বার্থেলেমিউ কেবল দু বছর সময়কালে একসাথে এম আর সি পি (লন্ডন)এবং এফ আর সি এস (ইংল্যান্ড) পরীক্ষায় সসম্মান উত্তীর্ণ হয়ে [1]।,ডাক্তার বিধান চন্দ্র রায় কোন কলেজ থেকে ডাক্তারি পড়েন ?,কলকাতা মেডিক্যাল কলেজ,0.66403,yes,"[""ডাক্তার বিধান চন্দ্র রায় কলকাতা বিশ্ববিদ্যালয় থেকে ডাক্তারি ডিগ্রি অর্জন করেন।"", ""ডাক্তার বিধান চন্দ্র রান্ন কলেজ থেকে ডাক্তারি ডিগ্রি অর্জন করেছিলেন।"", ""ডাক্তার বিধান চন্দ্র রাণী বেঙ্গালী মেডিক্যাল কলেজ থেকে ডাক্তারি ডিগ্রি অর্জন করেন।"", ""ডাক্তার বিধান চন্দ্র রাহুল কলেজ অফ মেড"", ""ডাক্তার বিধান চন্দ্র রাঘবেশ্বর মহা঵িদ্যালয় থেকে ডাক্তারি ডিগ্রি অর্জন করেন।""]"
bengali-5441977494276432977-0,সৈয়দ আলী হোসেনী খামেনেয়ী (Persian: سید علی حسینی خامنه‌ای‎; জন্ম: ১৭ জুলাই ১৯৩৯)[1] হলেন ইরানের বর্তমান (২য়) সর্বোচ্চ ধর্মীয় নেতা[2] এবং ইরানের ৮ কোটি শিয়া মুসলমানের আধ্যাত্মিক নেতা।[2][3] ১৩ অক্টোবর ১৯৮১ থেকে ৩ আগস্ট ১৯৮৯ পর্যন্ত তিনি ইরানের ৩য় রাষ্ট্রপতি হিসেবে দায়িত্ব পালন করেন। ফোর্বস সাময়িকী ২০১২ সালে তাকে পৃথিবীর সবচেয়ে প্রভাবশালী ২১ জনের মধ্যে স্থান দেয়। [4],সৈয়দ আলী হোসেনী খামেনেয়ী কবে জন্মগ্রহণ করেন ?,১৭ জুলাই ১৯৩৯,0.862052,no,"[""সৈয়দ আলী হোসেনী খামেনেয়ী ১৯৪২ সালে জন্মগ্রহণ করেন।"", ""সৈয়দ আলী হোসেনী খামেনেয়ী ۱۹۴۲ সালে জন্মগ্রহণ করেন।"", ""সৈয়দ আলী হোসেনী খামেনেয়ী ۱۹۴۲ সালে জন্মগ্রহণ করেন।"", ""সৈয়দ আলী হোসেনী খামেনেয়ী ১৯৪১ সালে জন্মগ্রহণ করেন।"", ""সৈয়দ আলী হোসেনী খামেনেয়ী ۱۹۴۲ সালে জন্মগ্রহণ করেন।""]"
bengali-8236827985141725370-9,প্রায় বিশ বছরের মধ্যে সুভাষ চন্দ্র মোট ১১ বার গ্রেফতার হয়েছিলেন। তাকে ভারত ও রেঙ্গুনের বিভিন্ন জায়গায় রাখা হয়েছিল। ১৯৩০ খ্রিস্টাব্দে তাঁকে ইউরোপে নির্বাসিত করা হয়। ১৯৩৪ খ্রিস্টাব্দে তিনি তাঁর প্রথম প্রেম এমিলি শেঙ্কল-এর সঙ্গে পরিচিত হন ভিয়েনাতে। ১৯৩৭ খ্রিস্টাব্দে তারা ব্যাড গ্যাস্টিনে বিয়ে করেন।,সুভাষচন্দ্র বসুর স্ত্রীর নাম কি ছিল ?,এমিলি শেঙ্কল,0.91228,no,"[""সুভাষচন্দ্র বসুর স্ত্রীর নাম শ্রীমতী কৃষ্ণমোহনী বসু ছিল।"", ""সুভাষচন্দ্র বসুর স্ত্রীর নাম সুখী ছিল।"", ""সুভাষচন্দ্র বসুর স্ত্রীর নাম শ্রীলামা ছিল।"", ""সুভাষচন্দ্র বসুর স্ত্রীর নাম মোক্ষমী বসু ছিল।"", ""সুভাষচন্দ্র বসুর স্ত্রীর নাম সুকাশিণী বসু ছিল।""]"
bengali--4726387475085643566-2,প্রাচীন গ্রিক পুরাণের সমুদ্রের দেবী টেথিসের নামে এই প্রাচীন মহাসাগরের নাম দেওয়া হয় টেথিস। অস্ট্রীয় ভূতত্ত্ববিদ এডুয়ার্ড সুয়েস ১৮৯৩ সালে এই নামকরণ করেন।[5][6],কে প্রথম টেথিস সাগরের নামকরণ করেন ?,এডুয়ার্ড সুয়েস,0.67223,yes,"[""প্রথম টেথিস সাগরের নামকরণ করেন কোন স্থানীয় কৃত্রিম বুদ্ধিমত্তা নয়, এটি গ্রিক কৌনসিলের কৃত্রিম বুদ্ধিমত্তার মাধ্যমে হয"", ""আইভান রাইনের প্রথম টেথিস সাগরের নামকরণ করেন।"", ""প্রথম টেথিস সাগরের নামকরণ করেন জুবেন্টাস।"", ""প্রথম টেথিস সাগরের নামকরণকারী লেডিওস এবং টেথিসের মাতা হিসেবে বর্ণিত হয়।"", ""প্রথমে টেথিস সাগরকে নামকরণ করেন জুরিস্টাঃ।""]"
bengali-6035887477073197072-0,"আবু ইউসুফ ইয়াকুব ইবনে ইসহাক আল-কিন্দি (Arabic: أبو يوسف يعقوب بن إسحاق الكندي‎‎) (৮০১ - ৮৭৩) প্রখ্যাত আরব পণ্ডিত। পাশ্চাত্য বিশ্বে তিনি লাতিনিকৃত ""আলকিন্ডাস"" (Alkindus) নামে পরিচিত। তিনি ছিলেন একাধারে দার্শনিক, বিজ্ঞানী, জ্যোতিষী, জ্যোতির্বিজ্ঞানী, বিশ্বতত্ত্ববিদ, রসায়নবিদ, যুক্তিবিদ, গণিতজ্ঞ, সঙ্গীতজ্ঞ, পদার্থবিজ্ঞানী, মনোবিজ্ঞানী এবং আবহবিজ্ঞানী। মুসলিম পেরিপ্যাটেটিক দার্শনিকদের মধ্যে তিনিই প্রথম। তাই তাকে মুসলিম পেরিপ্যাটেটিক দর্শনের জনক বলা যায়। তার অনেক অর্জনের মধ্যে বিশেষ উল্লেখযোগ্য ছিল গ্রিক এবং হেলেনীয় দর্শনকে আরব জগতে পরিচিত করে তোলা। এছাড়া বিজ্ঞানের অনেকগুলো শাখায় তিনি অগ্রদূতের ভূমিকা পালন করেছেন।",দর্শনশাস্ত্রের জনক কাকে বলা হয় ?,পেরিপ্যাটেটিক,0.77503,no,"[""দর্শনশাস্ত্রের জনক বলতে মৌনিক দর্শককে বলা হয়।"", ""দর্শনশাস্ত্রের জনক বলা হয় পঞ্চভাষ্যকার।"", ""দর্শনশাস্ত্রের জনক বলা হয় পণ্ডিত আর্যাবর্ত।"", ""দর্শনশাস্ত্রের জনক বলা হয় পরমাণু বিজ্ঞান।"", ""দর্শনশাস্ত্রের জনক বলতে গৌতম বৌদ্ধকে বলা হয়।""]"
bengali-6829546307096440382-14,"আন্তর্জাতিক অলিম্পিক কমিটির তত্ত্বাবধানে প্রথম অলিম্পিক গেমস অনুষ্ঠিত হয় ১৮৯৬ সালে এথেন্সের প্যানাথেনেইক স্টেডিয়ামে। এই ক্রিড়াযজ্ঞে ৪৩ টি প্রতিযোগীতায় ১৪ টি দেশের প্রায় ২৪১ জন ক্রীড়াবিদ জড়ো হয়েছিলেন।[25] ইভাঞ্জেলোস জ্যাপ্পাস ও তাঁর তুতো ভাই কনস্ট্যান্টিনোস জ্যাপ্পাস গ্রিক সরকারের কাছে ভবিষ্যতে অনুষ্ঠিতব্য অলিম্পিক গেমসের জন্য একটি তহবিল রেখে যান, ট্রাস্টের সেই তহবিল থেকেই ১৮৯৬ সালের অলিম্পিক গেমস অনুষ্ঠিত হয়।[26][27][28] জর্জ এভেরফ, এক গ্রিক ব্যবসায়ী উদারমনে অলিম্পিক গেমসের প্রস্তুতির জন্য স্টেডিয়াম সংস্কারের অর্থ দান করেন।[29] এছাড়াও গ্রিক সরকার অলিম্পিক গেমসের জন্য অর্থের যোগান দিয়েছিলো যা গেমসের টিকিট এবং ডাকটিকিট বিক্রয়ের মাধ্যমে উঠে আসে।[29]",সর্বপ্রথম মোট কতগুলো দেশ আন্তর্জাতিক অলিম্পিকে অংশগ্রহণ করেছিল ?,৪৩,0.969876,no,"[""সর্বপ্রথম ২৯টি দেশ অংশগ্রহণ করেছিল।"", ""সর্বপ্রথম ৪৪টি দেশ অংশগ্রহণ করেছিল।"", ""সর্বপ্রথম ৪৪টি দেশ অংশগ্রহণ করেছিল।"", ""সর্বপ্রথম ৪৩টি দেশ অংশগ্রহণ করেছিল।"", ""সর্বপ্রথম ৪৪টি দেশ অংশগ্রহণ করেছিল।""]"
bengali-4452568128027547833-6,"কাতারের রাজনীতি একটি পরম রাজতন্ত্র কাঠামোয় সংঘটিত হয়। কাতারের আমীর হলেন একাধারে রাষ্ট্রের প্রধান ও সরকার প্রধান তামিম বিন হামাদ আল থানি ২০১৩ সালে তার পিতা হামাদ বিন খলিফা আল থানির হাত থেকে ক্ষমতা গ্রহণ করেন। ১৯৯৫ সাল থেকে দেশটির আমীর ছিলেন হামাদ বিন খলিফা আল থানি। আব্দুল্লাহ বিন নাসের বিন খলিফা আল থানি ২০১৩ সাল থেকে দেশটির প্রধানমন্ত্রী। কাতারের মোট জনসংখ্যা ১.৮ মিলিয়ন। কাতার বিশ্বের অন্যতম সর্বোচ্চ মাথাপিছু আয়ের রাষ্ট্র। সৌদি আরব, ওমান এর পর কাতার অন্যতম রক্ষণশীল রাষ্ট্র। কাতারের নাগরিক সুযোগ সুবিধার মান খুবই উন্নত।",কাতারের বর্তমান (২০১৯) জনসংখ্যা কত ?,১.৮ মিলিয়ন,0.840568,no,"[""কাতারের বর্তমান (২০১৯) জনসংখ্যা প্রায় ২৭ লাখ।"", ""কাতারের বর্তমান (২০১৯) জনসংখ্যা প্রায় ২৭৮,৪০০।"", ""কাতারের বর্তমান (২০১৯) জনসংখ্যা প্রায় ২.৭ মিলিয়ন।"", ""কাতারের ২০১৯ সালের বর্তমান জনসংখ্যা প্রায় ১৭৯,৪৮৩।"", ""কাতারের বর্তমান (২০১৯) জনসংখ্যা অর্ধেক মিলিয়নের কাছাকাছি।""]"
bengali--1274352881715039218-11,স্বাধীন বাংলাদেশের প্রথম গ্রন্থ হিসেবে মুক্তধারা থেকে প্রকাশ পায় ছফার প্রবন্ধগ্রন্থ জাগ্রত বাংলাদেশ।[43] প্রকাশকাল- শ্রাবণ ১৩৭৮ বা জুলাই ১৯৭১ খ্রিস্টাব্দ।[44] ১৯৭২-এ প্রকাশ পায় বুদ্ধিবৃত্তির নতুন বিন্যাস। ১৯৭৯ খ্রিস্টাব্দে সিপাহী বিদ্রোহের ইতিহাস  এবং ১৯৮১-এ বাঙালি মুসলমানের মন গ্রন্থ প্রকাশ পায়।,'বাঙালি মুসলমানের মন' গ্রন্থটি কবে প্রথম প্রকাশিত হয় ?,১৯৮১,0.952373,no,"[""'বাঙালি মুসলমানের মন' গ্রন্থটি ১৯০১ সালে প্রথম প্রকাশিত হয়েছিল।"", ""'বাঙালি মুসলমানের মন' গ্রন্থটি ১৯৩৯ সালে প্রথম প্রকাশিত হয়।"", ""'বাঙালি মুসলমানের মন' গ্রন্থটি ১৯৩৯ সালে প্রথম প্রকাশিত হয়েছিল।"", ""'বাঙালি মুসলমানের মন' গ্রন্থটি ১৯৩৮ সালে প্রথম প্রকাশিত হয়েছিল।"", ""'বাঙালি মুসলমানের মন' গ্রন্থটি ১৯৩৮ সালে প্রথম প্রকাশিত হয়েছিল।""]"
bengali-2586602312486395780-1,"ব্রিটিশ আমল থেকেই ঢাকার বিভিন্ন হোটেল ও নবাব পরিবারের আমন্ত্রণে ব্রিটিশ ব্যান্ড ও সঙ্গীত তারকাদের ঢাকায় গান পরিবেশনের খবর পাওয়া যায়। পাক-ভারত বিভক্তির পরে ১৯৬৩ সালের ১৮ মার্চ ঢাকার সেন্ট গ্রেগরিজ স্কুলের এক সাংস্কৃতিক অনুষ্ঠানে প্রথম ব্যান্ড ধাঁচের গানের খবর পাওয়া যায়।  সেই অনুষ্ঠানে ১৭ বছর বয়সী কিশোর টেলফার জনসন গিটার বাজার আর ক্লিফ রিচার্ডের গান পরিবেশন করেন। একই স্কুলের নবম শ্রেণীতে পড়ূয়া ফজলে রব, আলমগীর [পরবর্তীকালে বাংলাদেশ ও পাকিস্তানের জনপ্রিয় গায়ক], রফিক ও সাব্বির ব্যান্ড দল গঠন করেন। বলা হয়, তাদের হাতেই জন্ম নেয় বাংলাদেশের প্রথম ব্যান্ড আইওলাইটস। হোটেল শাহবাগ ও ঢাকা ক্লাবে নিয়মিত পারফর্ম করে ব্যান্ড দলটি। ১৯৬৫ সালে প্রথম ব্যান্ড হিসেবে টিভিতেও পারফর্ম করে ব্যান্ডটি। আইওলাইটসের সমকালীন আরেকটি ব্যান্ডের জন্ম চট্টগ্রামে। নাম জিংগা শিল্পগোষ্ঠী। সঙ্গীতবোদ্ধা ও ইতিহাস রচয়িতাদের মতে 'জিংগা' একটি পারিবারিক ঘরানার ব্যান্ড। কারও কারও মতে, এটি বাংলাদেশের প্রথম ব্যান্ড। এমনকি ইন্টারনেট ও কোনো কোনো ইতিহাস রচয়িতাও জিংগাকে এ দেশের প্রথম ব্যান্ড বলে থাকেন। তবে জিংগাকে দেশের প্রথম ব্যান্ড বলার বিশেষ কোনো তথ্য-প্রমাণ মেলে না। এ দলের গায়ক ওমর খালেদ রুমী পরবর্তীকালে আরেকটি ব্যান্ডের হয়ে বাংলায় গান করা শুরু করেন। সে বিচারে বলা যায়, তিনিই প্রথম বাংলা গানের ব্যান্ডশিল্পী। জিংগার পর চট্টগ্রামে জন্ম নেয় আরেক ব্যান্ড লাইটনিংস। ১৯৬৭ সালে ফরিদ রশীদ, নিওম্যান্ডেজ, নোয়েল ও শাকিল গড়ে তোলেন লাইটনিংস ব্যান্ডটি। তাদের সঙ্গে পাল্লা দিয়ে মাহমুদ, তোতা, চিত্রনায়ক জাফর ইকবাল ও ফারুক মিলে ব্যান্ড গঠন করেন র‌্যাম্বলিং স্টেনস। দুটি ব্যান্ডই তৎকালীন পূর্ব পাকিস্তানে বিপুল জনপ্রিয়তা পায়। একই বছরে গঠিত হয় উইন্ডি সাইট অব কেয়ার ব্যান্ড। ১৯৬৮ সালে হোটেল ইন্টার কন্টিনেন্টালে আইওলাইটস, উইন্ডিসাইট অব কেয়ার, র‌্যাম্বলিং স্টোনস ও লাইটনিংস একটি প্রতিযোগিতায় অংশ নেয়। প্রতিযোগিতায় শ্রেষ্ঠ ব্যান্ড নির্বাচিত হয় উইন্ডি সাইট অব কেয়ার। এ ব্যান্ডগুলোর পাশাপাশি ১৯৬৬ সালে নারায়ণগঞ্জে জন্ম নেওয়া 'বকলম' ব্যান্ডটি বেশ জনপ্রিয়তা পায়। ১৯৬৯ সালে প্রতিষ্ঠা পায় ফায়ার অ্যান্ড আইস ব্যান্ডটি। ১৯৬৯ সালে প্রথম ভাঙনের কবলে পড়ে র‌্যাম্বলিং স্টোনস। এ ব্যান্ডের সদস্যরা আলাদা হয়ে গিয়ে তৈরি করে নতুন ব্যান্ড 'টাইম গো মোশন'। এরপরই দেশের প্রথম ব্যান্ড আইওলাইটসের ভাঙন ধরে। ড্রামার সাব্বির এবং রিদম গিটারিস্ট রফিক ব্যান্ড ছেড়ে দেওয়ায় এটি ভেঙে যায়।",বাংলাদেশের প্রথম ব্যান্ডের নাম কী ?,আইওলাইটস,0.974099,no,"[""বাংলাদেশের প্রথম ব্যান্ডের নাম হল রাজা হোসেন ব্যান্ড।"", ""বাংলাদেশের প্রথম ব্যান্ডের নাম ইমাম হুসাইন বিশ্ববিদ্যালয় ব্যান্ড।"", ""বাংলাদেশের প্রথম ব্যান্ডের নাম গণমাধ্যম ব্যান্ড।"", ""বাংলাদেশের প্রথম ব্যান্ডের নাম হলো 'অ্যাম্বাসডার'।"", ""বাংলাদেশের প্রথম ব্যান্ডের নাম ডির্লিং ডিজাইন্স।""]"
bengali-4639806270038311148-2,মুজাহিদ ১৯৪৮ সালে ফরিদপুর জেলায় জন্মগ্রহণ করেন। ১৯৭১ সালে মুক্তিযুদ্ধের সময় তার পিতা মওলানা মোহাম্মদ আলী শান্তি কমিটির সদস্য ছিলেন। শান্তি কমিটিও মানবতাবিরোধী অপরাধে অভিযুক্ত। স্বাধীনতার পর স্থানীয় আওয়ামী লীগ নেতাদের অণুরোধে তিনি শেখ মুজিবর রহমান কর্তৃক বিচারের হাত থেকে রক্ষা পান।[18] ফরিদপুর শহর থেকে প্রাথমিক শিক্ষাজীবন শেষ করে ১৯৭০ সালে তিনি উচ্চ শিক্ষার জন্য ঢাকা বিশ্ববিদ্যালয়ে ভর্তি হন।[19],আলী আহসান মুহাম্মদ মুজাহিদ কবে জন্মগ্রহণ করেন ?,১৯৪৮ সালে,0.956864,no,"[""আলী আহসান মুহাম্মদ মুজাহিদ ১৯৫৪ সালে জন্মগ্রহণ করেন।"", ""আলী আহসান মুহাম্মদ মুজাহিদ ১৯৬৩ সালে জাতীয় জাহাঙ্গীরনগরে জন্মগ্রহণ করেন।"", ""আলী আহসান মুহাম্মদ মুজাহিদ ১৯৫৪ সালে জন্মগ্রহণ করেন।"", ""আলী আহসান মুহাম্মদ মুজাহিদ ১৯৪৩ সালে জন্মগ্রহণ করেন।"", ""আলী আহসান মুহাম্মদ মুজাহিদ ১৯৪৩ সালে জন্মগ্রহণ করেন।""]"
bengali-91483490703308038-4,"আগুন জ্বালানোর জন্য তিনটি উপাদানের প্রয়োজন পড়ে - অক্সিজেন, জ্বালানী এবং তাপ। জ্বালানী হিসেবে কাঠ, কয়লা, তৈল এবং অন্যান্য দাহ্য পদার্থ পরিবেশের সর্বত্র রয়েছে। একবার আগুন জ্বলতে শুরু করলে পরবর্তীতে এটি নিজেই তাপ উৎপাদনে সক্ষম। কখনো কখনো এটি নিজেই স্বয়ংক্রিয়ভাবে তাপ উৎপাদনের মাধ্যমে জ্বলতে শুরু করে।",আগুন জ্বালানোর জন্য কোন গ্যাসের প্রয়োজন হয় ?,অক্সিজেন,0.563531,yes,"[""প্রায়ই পাইড্রাফট ব্যবহার করা হয়।"", ""পাই গ্যাসের প্রসংগ হয়।"", ""নাকোমেট্রিক বা মিষ্টি গ্যাস।"", ""পাইপলাইন থেকে প্রাপ্ত ন্যাক্সিড গ্যাস।"", ""পুরোনো বাস্তুগন্ধি গ্যাস ব্যবহার করা হত, কিন্তু আধুনিকভাবে মিট্রাসিডেন গ্যাস ব্যবহার করা হয়।""]"
bengali-8297674774981441429-0,"মহীনের ঘোড়াগুলি ১৯৭৬ সালে কলকাতায় প্রতিষ্ঠিত বাংলা স্বাধীন রক সঙ্গীত ব্যান্ড।[1] এটি ভারতের প্রথম রক ব্যান্ড যা ১৯৭০-এর দশকের মাঝ পর্বে কলকাতায় যাত্রা শুরু করে।[2][3] গৌতম চট্টোপাধ্যায়, বিশ্বনাথ চট্টোপাধ্যায়, প্রদীপ চট্টোপাধ্যায়, রঞ্জন ঘোষাল, এব্রাহাম মজুমদার, তাপস দাস ও তপেশ বন্দ্যোপাধ্যায়, এই সাত জন ক্ষ্যাপা সঙ্গীতশিল্পী সহকারে নব্বই দশকের পর তারা ব্যাপকভাবে ভারতীয় রক যুগের কিংবদন্তী, দূরদৃষ্টিসম্পন্ন এবং সর্বাধিক প্রভাবশালী আভা-গার্ড সঙ্গীতদল হিসেবে প্রতিষ্ঠিত হয়ে ওঠে।[4][5] আমেরিকান, লাতিন, রক, জ্যাজ, লোক, বাউল বিভিন্ন সঙ্গীত ধারায় নিরীক্ষামূলক কাজ এবং এসবের প্রভাবের মিশ্রণ থাকায় এই সঙ্গীত দলকে যে কোনো একটি সঙ্গীত শৈলী অনুসারে শ্রেণীভুক্ত বা আলাদা করা কঠিন হবে।[5] তবে বাউল সঙ্গীত এবং বাংলা রক ধারায় লোক ঐতিহ্যের স্বাধীনচর্চার পাশাপাশি প্রায়ই উদ্ভাবনী উপায়ে শাস্ত্রীয় উপাদান একত্রিত করার কারণে মহীনের ঘোড়াগুলিকে লোক-রক সঙ্গীত ব্যান্ড বলা যেতে পারে। ""পৃথিবীটা নাকি ছোট হতে হতে, স্যাটেলাইট আর কেবলের হাতে ড্রইংরুমে রাখা বোকা বাক্সতে বন্দি"" এমন কালজয়ি গানের সৃষ্টি করেছে এই ব্যান্ডটি। সত্তরের দশকে দলটি গড়ে উঠলেও প্রাথমিকভাবে জনপ্রিয়তা অর্জন করতে ব্যর্থ হয়। সে সময়ে গৌতম চট্টোপাধ্যায়ের গানে আমূল নতুনত্ব থাকলেও চলচ্চিত্রের গান বাণিজ্যিকভাবে প্রভাববিস্তার করায় বাংলা সঙ্গীত জগতে একধরণের স্থবিরতা বিরাজ করছিলো। ষাটের দশকের বব ডিলনের মতো তাদের সঙ্গীতেও শহুরে লোক আন্দোলনের একধরণের ব্যক্তিগত আকূতি বা সামাজিক প্রকৃতির ছাপ রয়েছে। ১৯৭৭ থেকে ১৯৭৯ সাল পর্যন্ত সংবিগ্ন পাখিকূল ও কলকাতা বিষয়ক (১৯৭৭), অজানা উড়ন্ত বস্তু বা অ-উ-ব (১৯৭৮) এবং দৃশ্যমান মহীনের ঘোড়াগুলি (১৯৭৯); এই তিনটি অ্যালবাম প্রকাশিত হয়। যদিও সে সময়ে তারা প্রায় অপরিচিত ছিল বলা যায়। নব্বইয়ের দশকের বছরগুলোতে তারা দ্য ভেলভেট আন্ডারগ্রাউন্ড ব্যান্ডের মতোন পুনরায় সমালোচনামূলক মূল্যায়ন পেয়েছে। ১৯৯৫ সালে সমসাময়িক বিভিন্ন শিল্পীদের সমন্নয়ে গৌতম চট্টোপাধ্যায় আবার বছর কুড়ি পরে শিরোনামে মহীনের ঘোড়াগুলির একটি কভার সংকলন প্রকাশ করে। জীবনমুখী গান এবং নৈতিক সঙ্গীতদর্শনের কারণে বর্তমানে তাদেরকে বাংলা গানের প্রথিকৃত বিবেচনা করা হয়ে থাকে। গানরচনার শৈলী অনুযায়ী সমালোচনামূলকভাবে বলা যায় তারা জোরালোভাবে বাংলা লোক এবং আমেরিকান শহুরে লোক ধারা কর্তৃক প্রভাবিত।",প্রথম ভারতীয় রক সঙ্গীত ব্যান্ডের নাম কী ?,মহীনের ঘোড়াগুলি,0.791507,no,"[""প্রথম ভারতীয় রক সঙ্গীত ব্যান্ডের নাম \""মিউজিক ম্যানিয়া\"" ছিল।"", ""প্রথম ভারতীয় রক সঙ্গীত ব্যান্ডের নাম মিউজিক ডেডলিট লাইটস।"", ""প্রথম ভারতীয় রক সঙ্গীত ব্যান্ডের নাম 'ফ্রিস্টাইল ব্যান্ড'।"", ""প্রথম ভারতীয় রক সঙ্গীত ব্যান্ডের নাম 'লাইফ স্টাইল ব্যান্ড'।"", ""প্রথম ভারতীয় রক সঙ্গীত ব্যান্ডের নাম \""লাইটনাইট রাইডারz\""।""]"
bengali-8835875250524667479-0,"রিচার্ড উইড উইডমার্ক (ডিসেম্বর ২৬, ১৯১৪-মার্চ ২৪, ২০০৮) একজন মার্কিন চলচ্চিত্র, মঞ্চ, এবং টেলিভিশন অভিনেতা ও প্রযোজক।   তিনি তাঁর সর্বপ্রথম অভিনীত চলচ্চিত্র “কিস অফ ডেথ” – এ টমি উডো নামে একজন খলনায়কের ভূমিকায় অভিনয়ের জন্য অস্কার মনোনয়ন পেয়েছিলেন। তিনি গোল্ডেন গ্লোব জয়ী হন সবচেয়ে উজ্জ্বল নবাগত হিসেবে। অভিনয় জীবনের শুরুর দিকে তিনি নোয়া চলচ্চিত্রে খলনায়কের ভূমিকায় বেশী অভিনয় করেন, তবে পরে তিনি নায়কের চরিত্রে অভিনয় করেন ওয়েস্টার্ন, নাট্য এবং ভয়ের চলচ্চিত্রে। চলচ্চিত্র জগতে অবদানের জন্য হলিউড ওয়াক অফ ফেইম-এ উইডমার্কের একটি তারকা আছে।","মার্কিন চলচ্চিত্র, মঞ্চ, এবং টেলিভিশন অভিনেতা ও প্রযোজক রিচার্ড উইড উইডমার্কের অভিনীত প্রথম চলচ্চিত্রের নাম কী ?",কিস অফ ডেথ,0.251928,yes,"[""রিচার্ড উইড উইডমার্কের অভিনীত প্রথম চলচ্চিত্র \""Racing Stripes\""।"", ""রিচার্ড উইড উইডমার্কের অভিনীত প্রথম চলচ্চিত্র 'Bosom Buddies' (১৯৮২)।"", ""রিচার্ড উইড উইডমার্কের অভিনীত প্রথম চলচ্চিত্র \""দ্য স্লাউস্টাইল অফ লুভিং\""।"", ""রিচার্ড উইড উইডমার্কের অভিনীত প্রথম চলচ্চিত্র \""শ্রাদ্ধের গান\"" (Song of My Heart)।"", ""রিচার্ড উইড উইডমার্কের অভিনীত প্রথম চলচ্চিত্র \""দ্য লাস্ট ডেট\"" (The Last Date)।""]"
bengali-1787623261283241578-0,"সাইয়েদ কুতুব (/ˈkuːtəb/[1]/ˈkʌtəb/; Egyptian Arabic pronunciation:[ˈsæjjed ˈʔotˤb], Arabic:[ˈsæjjɪd ˈqʊtˤb]; Arabic: سيد قطب‎  (১৯০৬ - ২৫ আগস্ট ১৯৬৬) হলেন একজন মিশরীয় ইসলামী চিন্তাবিদ এবং বিপ্লবী রাজনৈতিক সংগঠক। তিনি মিশরের ইসলামী আন্দোলনের প্রধান সংগঠন ইখওয়ানুল মুসলিমিন দলের মুখপত্র ইখওয়ানুল মুসলিমিন'এর সম্পাদক ছিলেন। তাকে তৎকালীন সরকার ফাঁসির আদেশ দেয় এবং এভাবেই তাকে মৃত্যুবরণ করতে হয়।",সাইয়েদ কুতুব মিশরের কোন রাজনৈতিক দলের সাথে যুক্ত ছিলেন ?,ইখওয়ানুল মুসলিমিন,0.901173,no,"[""সাইয়েদ কুতুব মিশরের 'জাহান ইসলামী' দলের সাথে যুক্ত ছিলেন।"", ""সাইয়েদ কুতুব মিশরের ইসলামি দল \""জেনাত আলি কুদ্বীর\"" এর সাথে যুক্ত ছিলেন।"", ""সাইয়েদ কুতুব মিশরের 'ইসলামিক আমাল' দলের সাথে যুক্ত ছিলেন।"", ""সাইয়েদ কুতুব মিশরের ইসলামি রাজনৈতিক দল হিজーレ তাহীদের সাথে যুক্ত ছিলেন।"", ""সাইয়েদ কুতুব মিশরের 'ইসলামিক জেনারেল জাহান' দলের সাথে যুক্ত ছিলেন।""]"
bengali--5394904407063095222-2,"শেখ মোহাম্মদ সুলতান আগস্ট ১০, ১৯২৩ সালে তৎকালীন পূর্ব বাংলা, ব্রিটিশ ভারত (বর্তমান বাংলাদেশ) নড়াইলের মাসিমদিয়া গ্রামে জন্মগ্রহণ করেন।[4][5] তার জন্ম হয়েছিল দরিদ্র কৃষক-পরিবারে।তার মায়ের নাম মোছাম্মদ মেহেরুননেসা।  তার বাবা শেখ মোহাম্মদ মেসের আলী পেশায় ছিলেন রাজমিস্ত্রী।[2][4] তবে কৃষিকাজই ছিল তার বাবার মূল পেশা, পাশাপাশি বাড়তি আয়ের জন্য ঘরামির কাজ করতেন। সুলতান ছিলেন পরিবারের একমাত্র সন্তান।[5] শৈশবে পরিবারের সবাই তাকে লাল মিয়া বলে ডাকতো। বিদ্যালয়ে পড়ানোর মতো সামর্থ্য তার পরিবারের না থাকলেও ১৯২৮ সালে নড়াইলের ভিক্টোরিয়া কলেজিয়েট স্কুলে তাকে ভর্তি করানো হয়। তবে মাত্র পাঁচ বছর অধ্যয়নের পর তিনি সেই বিদ্যালয়ে ছেড়ে বাড়ি ফিরে বাবার সহোযোগী হিসেবে রাজমিস্ত্রীর কাজ শুরু করেন। এ সময় বারার ইমারত তৈরির কাজ সুলতানকে প্রভাবিত করে এবং তিনি রাজমিস্ত্রীর কাজের ফাঁকে আঁকা-আঁকি শুরু করেন। সুলতানের বাল্যবয়সের চরিত্র-গঠন সম্পর্কে আহমদ ছফা লিখেছেন:[5]",শেখ মোহাম্মদ সুলতানের মায়ের নাম কি ছিল ?,মোছাম্মদ মেহেরুননেসা,0.838005,no,"[""শেখ মোহাম্মদ সুলতানের মা শাহজ"", ""শেখ মোহাম্মদ সুলতানের মা এসম"", ""শেখ মোহাম্মদ সুলতানের মা তারিফ করা হয় নি এবং তার নাম পাওয়া যায় না।"", ""শেখ মোহাম্মদ সুলতানের মায়ের নাম শাহজাদা সুন্দরবন তাহিতী।"", ""শেখ মোহাম্মদ সুলতানের মায়ের নাম সুমানি হান""]"
bengali--8651108802342100600-1,কক্সবাজার জেলার মোট আয়তন ২৪৯১.৮৬ বর্গ কিলোমিটার।[1],বাংলাদেশের কক্সবাজার জেলার মোট আয়তন কত ?,২৪৯১.৮৬ বর্গ কিলোমিটার,0.50697,yes,"[""বাংলাদেশের কক্সবাজার জেলার মোট আটাহাতি হাজার বার্ষিক প্রাপ্ত প্রায় 13.5 লক্ষ নাগরিক।"", ""কক্সবাজার জেলার মোট আয়তন 2,324.61 বর্গ কিলোমিটার।"", ""কক্সবাজার জেলার মোট আয়তন 1,869.43 বর্গকিলোমিটার।"", ""কক্সবাজার জেলার মোট আয় ১৭,১৩৯ কি.মি.২।"", ""বাংলাদেশের কক্সবাজার জেলার মোট আয়তন 2,648.82 বর্গকিলোমিটার।""]"
bengali--989226231475750748-0,খাদিজা বিনতে খুওয়াইলিদ (Arabic: خديجة بنت خويلد‎) হলেন ইসলাম গ্রহণকারী প্রথম ব্যক্তি এবং এই মহাবিশ্বের সর্বশেষ নবী মুহাম্মদ (স.) এর প্রথম স্ত্রী।[1] তার কুনিয়া উম্মু হিন্দ এবং উপাধি তাহিরা। ইসলামের গ্রহণের আগেই পবিত্র চরিত্রের জন্য তাহিরা উপাধি লাভ করেন; যার অর্থ পবিত্র।[2],নবী মুহাম্মদের প্রথম স্ত্রীর নাম কী ?,খাদিজা বিনতে খুওয়াইলিদ,0.949416,no,"[""নবী মুহাম্মদের প্রথম স্ত্রীর নাম কিতাব।"", ""নবী মুহাম্মদের প্রথম স্ত্রীর নাম কতাব।"", ""নবী মুহাম্মদের প্রথম স্ত্রীর নাম কইশা।"", ""নবী মুহাম্মদের প্রথম স্ত্রীর নাম হানাফা।"", ""নবী মুহাম্মদের প্রথম স্ত্রীর নাম কাতিবাহ বা কাতবীয়া।""]"
bengali-6101468669223503112-13,নাতিদীর্ঘ আঠারো পংক্তির নিরেট স্থাপত্যের এই গীতিকবিতায় রয়েছে ছয় পংক্তির তিনটি স্তবক। প্রথম স্তবকে কবি মূলত নিজের কথা বলেছেন; দ্বিতীয় স্তবকে বলেছেন এক ঝলক দেখা প্রিয় মুখের কথা এবং তৃতীয় স্তবকে বলেছেন একটি স্বপ্নের কথা। কবিতাটি জীবনানন্দ দাশের প্রিয় ছন্দ অক্ষরবৃত্ত বা পয়ারে রচিত। তবে পর্ব বিন্যাসে সমতা রক্ষা করা হয় নি।,বনলতা সেন কবিতাটিতে মোট কতগুলি পংক্তি আছে ?,আঠারো,0.908331,no,"[""বনলতা সেনের \""বনলতা\"" কবিতাটিতে মোট 14 পংক্তি আছে।"", ""বনলতা সেনের কবিতাটিতে মোট 14 পংক্তি আছে।"", ""বনলতা সেন কবিতাটিতে মোট 14 টি পংক্তি আছে।"", ""বনলতা সেন কবিতাটিতে ১৪ টি পংক্তি আছে।"", ""বনলতা সেনের কবিতাটিতে মোট 14 পংক্তি আছে।""]"
bengali-802268299326091752-3,"জাবির ইবন হাইয়ান ৭২২ খ্রিস্টাব্দে তুস, পারস্যে জন্ম গ্রহণ করেন।[4] ধ্রুপদী সূত্র অনিয়ায়ী জাবির ভিন্নভাবে আল-আযদি বা আল-বারিজি বা আল-কুফি বা আল-তুসি বা আল-সুফী হিসেবে অধিকারী হয়েছেন।[8] তার জন্ম স্থান নিয়ে মত পার্থক্য রয়েছে, কারো মতে তিনি ছিলেন একজন খোরাসান, পারস্য যিনি পরে কুফাতে যান, অন্যদের মতে তিনি ছিলেন সিরিয়া আদিবাসি পরে তিনি পারস্য ও ইরাকে বসবাস করেন।[8] তার পূর্বপুরুষগনের পটভূমি স্পষ্ট নয়, কিন্তু অধিকাংশ সূত্র তাকে একজন ফার্সি হিসেবে উল্লেখ করে।[3] কিছু সূত্রে জানা যায় যে, তার পিতা ছিলেন হাইয়ান আল-আযদি। তিনি ছিলেন আরব আযদ উপজাতির একজন ফার্মাসিস্ট যিনি উমাইয়া খিলাফতের সময় ইয়েমেন থেকে কুফাতে প্রবসিত হন।[9][10]",আবু মুসা জাবির ইবন হাইয়ান কোন দেশের নাগরিক ছিলেন ?,পারস্যে,0.99557,no,"[""আবু মুসা জাবির ইবন হাইয়ান ইরানের নাগরিক ছিলেন।"", ""আবু মুসা জাবির ইবন হাইয়ান ইরানের নাগরিক ছিলেন।"", ""আবু মুসা জাবির ইবন হাইয়ান ইরানের নাগরিক ছিলেন।"", ""আবু মুসা জাবির ইবন হাইয়ান ইরানের নাগরিক ছিলেন।"", ""আবু মুসা জাবির ইবন হাইয়ান ইরানি নাগরিক ছিলেন।""]"
bengali--699522616384955754-0,"টোকিও বা তৌকিঔ[টীকা 1] (জাপানি ভাষায়: 東京 তৌক্যৌ) পূর্ব এশিয়ার প্রশান্ত মহাসাগরীয় দ্বীপরাষ্ট্র জাপানের বৃহত্তম শহর ও রাজধানী। সরকারীভাবে এটি তৌকিঔ-তো (東京都) অর্থাৎ টোকিও মহানগরী নামে পরিচিত। এটিকে জাপানের ৪৭টি জেলার একটি হিসেবে গণ্য করা হয়।[1][2] টোকিও বিশ্বের সবচেয়ে ঘনবসতিপূর্ণ শহরগুলির একটি। এর আয়তন প্রায় ২৪০ বর্গকিলোমিটার। মূল শহরে প্রায় ৯০ লক্ষ লোকের বাস। বৃহত্তর টোকিও মহানগর এলাকাতে প্রায় ১ কোটি ৩০ লক্ষ লোকের বাস, যা জাপানের মোট জনসংখ্যার এক দশমাংশ; এটি বিশ্বের সবচেয়ে জনবহুল বৃহত্তর মহানগর এলাকা।[3] টোকিও থেকে বন্দরনগরী ইয়োকোহামা পর্যন্ত অঞ্চলটি অবিচ্ছিন্নভাবে জন-অধ্যুষিত বলে কিছু বিশেষজ্ঞ টোকিও-ইয়োকোহামাকে একটিমাত্র মহানগর এলাকা হিসেবে গণ্য করেন, যার জনসংখ্যা প্রায় ৩ কোটি ৮০ লক্ষ।",টোকিও শহরের বর্তমান জনসংখ্যা কত ?,৩ কোটি ৮০ লক্ষ,0.954748,no,"[""টোকিওর বর্তমান জনসংখ্যা প্রায় 13.5 মিলিয়ন।"", ""টোকিওর বর্তমান জনসংখ্যা প্রায় 13.5 মিলিয়ন।"", ""টোকিও শহরের বর্তমান জনসংখ্যা কাছাকাছি 13.5 মিলিয়ন।"", ""টোকিও শহরের বর্তমান জনসংখ্যা প্রায় 13.5 মিলিয়ন।"", ""টোকিওর বর্তমান জনসংখ্যা প্রায় 13.5 মিলিয়ন।""]"
bengali-1638855418388935684-0,"স্টিভ জবস (পুরোনাম: স্টিভেন পল জবস) (English: Steven Paul ""Steve"" Jobs) (জন্ম ফেব্রুয়ারি ২৪, ১৯৫৫, মৃত্যু ৫ অক্টোবর ২০১১)[10][11] যুক্তরাষ্ট্রের একজন উদ্যোক্তা ও প্রযুক্তি উদ্ভাবক। তাকে পার্সোনাল কম্পিউটার বিপ্লবের পথিকৃৎ বলা হয়। তিনি স্টিভ ওজনিয়াক এবং রোনাল্ড ওয়েন -এর সাথে ১৯৭৬ খ্রিস্টাব্দে ""অ্যাপল কম্পিউটার"" প্রতিষ্ঠা করেন। তিনি অ্যাপল ইনকর্পোরেশনের প্রতিষ্ঠাতাদের অন্যতম ও সাবেক প্রধান নির্বাহী কর্মকর্তা। তিনি ""পিক্সার এ্যানিমেশন স্টুডিওস""-এরও প্রতিষ্ঠাতাদের অন্যতম ও সাবেক প্রধান নির্বাহী কর্মকর্তা। ১৯৮৫ সালে অ্যাপল ইনকর্পোরেশনের ""বোর্ড অব ডিরেক্টর্সের"" সদস্যদের সাথে বিরোধে জড়িয়ে তিনি অ্যাপল ইনকর্পোরেশনের থেকে পদত্যাগ করেন এবং নেক্সট কম্পিউটার প্রতিষ্ঠা করেন। ১৯৯৬ সালে অ্যাপল কম্পিউটার নেক্সট কম্পিউটারকে কিনে নিলে তিনি অ্যাপলে ফিরে আসেন। তিনি ১৯৯৫ সালে টয় স্টোরি নামের অ্যানিমেটেড চলচ্চিত্র প্রযোজনা করেন।",অ্যাপল ইনকর্পোরেটেডের প্রতিষ্ঠাতা কে ?,স্টিভ ওজনিয়াক এবং রোনাল্ড ওয়েন,0.818257,no,"[""অ্যাপল ইনকর্পোরেটেডের প্রতিষ্ঠাতা জোনাথান জাকস এবং রিচার্ড সোমারজি।"", ""অ্যাপল ইনকর্পোরেটেডের প্রতিষ্ঠাতা জন সিট্টান ও রবার্ট ই. সেম্পারেজ।"", ""অ্যাপল ইনকর্পোরেটেডের প্রতিষ্ঠাতা টিউইলি জে. সিকস্কি, জেমস ডি জোবস, এবং রোবার্ট"", ""অ্যাপল ইনকর্পোরেটেডের প্রতিষ্ঠাতা জোনাথান জি. সিমসন ও স্টিফেন জ. জেমস।"", ""অ্যাপল ইনকর্পোরেটেডের প্রতিষ্ঠাতা জেমস জোবস এবং রিচার্ড স্টোম্ফস।""]"
