id,source_id,pattern,context,question,right_answer,hallucinated_answer,consistency_score,selfcheck_label,samples_json
bengali-5447758927889596593-4::factualness,bengali-5447758927889596593-4,factualness,"আয়তন ৪৪৪.০৫ বর্গ কিলোমিটার। এটি ১টি থানা, ১টি পৌরসভা, ৯টি ওয়ার্ড, ১৩টি মহল্লা, ১১টি ইউনিয়ন, ৮৭টি মৌজা, ১১০টি গ্রাম নিয়ে গঠিত।",ভালুকা উপজেলা মোট কয়টি গ্রাম নিয়ে গঠিত ?,১১০,ভালুকা উপজেলা মোট ১০১টি গ্রাম নিয়ে গঠিত।,0.785308,no,"[""ভালুকা উপজেলায় মোট ১৯ টি গ্রাম নির্দেশিত।"", ""ভালুকা উপজেলায় ১৫২ টি গ্রাম নিবন্ধিত আছে।"", ""ভালুকা উপজেলায় ১৭টি গ্রাম নির্দিষ্ট করে গঠিত।"", ""ভালুকা উপজেলায় মোট 74 টি গ্রাম নির্ধারিত আছে।"", ""ভালুকা উপজেলায় মোট ১৫৩ টি গ্রাম নির্দিষ্ট করে উল্লেখ আছে।""]"
bengali-5447758927889596593-4::comprehension,bengali-5447758927889596593-4,comprehension,"আয়তন ৪৪৪.০৫ বর্গ কিলোমিটার। এটি ১টি থানা, ১টি পৌরসভা, ৯টি ওয়ার্ড, ১৩টি মহল্লা, ১১টি ইউনিয়ন, ৮৭টি মৌজা, ১১০টি গ্রাম নিয়ে গঠিত।",ভালুকা উপজেলা মোট কয়টি গ্রাম নিয়ে গঠিত ?,১১০,ভালুকা উপজেলায় মোট ৮৭টি গ্রাম রয়েছে।,0.797975,no,"[""ভালুকা উপজেলায় মোট ১১৭টি গ্রাম নির্নয় করা হয়েছে।"", ""ভালুকা উপজেলায় ১৬ টি গ্রাম নিয়ে গঠিত।"", ""ভালুকা উপজেলায় মোট ১৪৪ গ্রাম নির্ধারিত।"", ""ভালুকা উপজেলায় ১১৪টি গ্রাম নির্নয় করা হয়েছে।"", ""ভালুকা উপজেলায় মোট 142 টি গ্রাম নির্ধারিত আছে।""]"
bengali-5447758927889596593-4::specificity,bengali-5447758927889596593-4,specificity,"আয়তন ৪৪৪.০৫ বর্গ কিলোমিটার। এটি ১টি থানা, ১টি পৌরসভা, ৯টি ওয়ার্ড, ১৩টি মহল্লা, ১১টি ইউনিয়ন, ৮৭টি মৌজা, ১১০টি গ্রাম নিয়ে গঠিত।",ভালুকা উপজেলা মোট কয়টি গ্রাম নিয়ে গঠিত ?,১১০,ভালুকা উপজেলা মোট প্রায় ১০০টি গ্রাম নিয়ে গঠিত।,0.710831,yes,"[""ভালুকা উপজেলাতে মোট ১৮ টি গ্রাম নিবন্ধিত আছে।"", ""ভালুকা উপজেলায় 19 টি গ্রাম নির্দিষ্ট করে উল্লেখ করা হয়।"", ""ভালুকা উপজেলায় মোট 112 টি গ্রাম নির্নেয় হল।"", ""ভালুকা উপজেলায় 154 টি গ্রাম নির্দেশিত রয়েছে।"", ""ভালুকা উপজেলায় মোট ১৪৫ টি গ্রাম নিয়ে গঠিত।""]"
bengali-5447758927889596593-4::inference,bengali-5447758927889596593-4,inference,"আয়তন ৪৪৪.০৫ বর্গ কিলোমিটার। এটি ১টি থানা, ১টি পৌরসভা, ৯টি ওয়ার্ড, ১৩টি মহল্লা, ১১টি ইউনিয়ন, ৮৭টি মৌজা, ১১০টি গ্রাম নিয়ে গঠিত।",ভালুকা উপজেলা মোট কয়টি গ্রাম নিয়ে গঠিত ?,১১০,ভালুকা উপজেলা মোট ৮৭টি গ্রাম নিয়ে গঠিত।,0.796936,no,"[""ভালুকা উপজেলায় মোট ১৪৭ টি গ্রাম নির্দিষ্ট করা আছে।"", ""ভালুকা উপজেলায় ১৯৯টি গ্রাম নির্দেশিত।"", ""ভালুকা উপজেলায় ১১১ টি গ্রাম নির্দেশিত আছে।"", ""ভালুকা উপজেলায় ১৫০ টি গ্রাম নির্ধারিত।"", ""ভালুকা উপজেলায় 153 টি গ্রাম নির্ণেয়।""]"
bengali-9078535216838685259-0::factualness,bengali-9078535216838685259-0,factualness,ঢাকা বিশ্ববিদ্যালয় বাংলাদেশের সবচেয়ে পুরানো বিশ্ববিদ্যালয়। এই বিশ্ববিদ্যালয় ১৯২১ সালে প্রতিষ্ঠিত হয়। বাংলাদেশের মোট উচ্চ শিক্ষিত জনগোষ্ঠির প্রায় ৭০%-ই এই বিশ্ববিদ্যালয়ের ছাত্র-ছাত্রী। প্রতিষ্ঠার পর থেকে এ যাবৎ ২৬ জন বিশিষ্ট শিক্ষাবিদ ঢাকা বিশ্ববিদ্যালয়ের উপাচার্যের দায়িত্ব পালন করেছেন। এই বিশ্ববিদ্যালয়ের বর্তমান উপাচার্য মো. আখতারুজ্জামান।,ঢাকা বিশ্ববিদ্যালয়ের বর্তমান (২০১৯) উপাচার্যের নাম কী ?,মো. আখতারুজ্জামান,ড. মো. আখতারুজ্জামাল,0.856373,no,"[""ঢাকা বিশ্ববিদ্যালয়ের বর্তমান উপাচার্য আবদুল কাদেম সাদার।"", ""ঢাকা বিশ্ববিদ্যালয়ের বর্তমান (২০১৯) উপাচার্য জাহান্নাম মোহিমী হ'লেন।"", ""ঢাকা বিশ্ববিদ্যালয়ের বর্তমান (২০১৯) উপাচার্য আবুল হাসান মোনু।"", ""ঢাকা বিশ্ববিদ্যালয়ের বর্তমান (২০১৯) উপাচার্যের নাম আলীমুল্লাহ আব্দুল হোকেম। (প্রতিশোধ করা হয়েছে যে এই তথ্যটি ২০১"", ""ঢাকা বিশ্ববিদ্যালয়ের বর্তমান (২০১৯) উপাচার্যের নাম আবদুল কাদেম হাসান।""]"
bengali-9078535216838685259-0::comprehension,bengali-9078535216838685259-0,comprehension,ঢাকা বিশ্ববিদ্যালয় বাংলাদেশের সবচেয়ে পুরানো বিশ্ববিদ্যালয়। এই বিশ্ববিদ্যালয় ১৯২১ সালে প্রতিষ্ঠিত হয়। বাংলাদেশের মোট উচ্চ শিক্ষিত জনগোষ্ঠির প্রায় ৭০%-ই এই বিশ্ববিদ্যালয়ের ছাত্র-ছাত্রী। প্রতিষ্ঠার পর থেকে এ যাবৎ ২৬ জন বিশিষ্ট শিক্ষাবিদ ঢাকা বিশ্ববিদ্যালয়ের উপাচার্যের দায়িত্ব পালন করেছেন। এই বিশ্ববিদ্যালয়ের বর্তমান উপাচার্য মো. আখতারুজ্জামান।,ঢাকা বিশ্ববিদ্যালয়ের বর্তমান (২০১৯) উপাচার্যের নাম কী ?,মো. আখতারুজ্জামান,অধ্যাপক আ আ ম স আরেফিন সিদ্দিক,0.759339,no,"[""ক্ষমা করুন, আমি ঢাকা বিশ্ববিদ্যালয়ের বর্তমান উপাচার্যের নাম জানি নে। একটি যুক্তিগত উত্তর দিতে আসলে একটি অধ্যাপক বা প্রধান ব"", ""ঢাকা বিশ্ববিদ্যালয়ের বর্তমান উপাচার্যের নাম এবংরোহী মোঘাল।"", ""বাংলাদেশ ইngineering বিশ্ববিদ্যালয়ের বর্তমান উপাচার্যের নাম হল আলীমুল্লাহ মোদীবুল হাসান।"", ""ঢাকা বিশ্ববিদ্যালয়ের বর্তমান উপাচার্য এমন তথ্য আমার তালিকাভুক্ত নেই, কারণ এটি সময়বন্ধিত তথ্য। আপনি এর জন্য অনলাইনে তথ্য খ"", ""ঢাকা বিশ্ববিদ্যালয়ের বর্তমান উপাচার্য জুনাইদ সোহলুঁ। (নাম অবশ্যই সর্বশেষ তথ্যে পরে পরে পরিবর্তিত হতে পারে)""]"
bengali-9078535216838685259-0::specificity,bengali-9078535216838685259-0,specificity,ঢাকা বিশ্ববিদ্যালয় বাংলাদেশের সবচেয়ে পুরানো বিশ্ববিদ্যালয়। এই বিশ্ববিদ্যালয় ১৯২১ সালে প্রতিষ্ঠিত হয়। বাংলাদেশের মোট উচ্চ শিক্ষিত জনগোষ্ঠির প্রায় ৭০%-ই এই বিশ্ববিদ্যালয়ের ছাত্র-ছাত্রী। প্রতিষ্ঠার পর থেকে এ যাবৎ ২৬ জন বিশিষ্ট শিক্ষাবিদ ঢাকা বিশ্ববিদ্যালয়ের উপাচার্যের দায়িত্ব পালন করেছেন। এই বিশ্ববিদ্যালয়ের বর্তমান উপাচার্য মো. আখতারুজ্জামান।,ঢাকা বিশ্ববিদ্যালয়ের বর্তমান (২০১৯) উপাচার্যের নাম কী ?,মো. আখতারুজ্জামান,বর্তমান (২০১৯) উপাচার্যের পদে একজন বিশিষ্ট শিক্ষাবিদ দায়িত্ব পালন করছেন।,0.807946,no,"[""ঢাকা বিশ্ববিদ্যালয়ের বর্তমান উপাচার্যের নাম আবদুল কাদার জাহান। (লখনো এই তথ্যটি উঠানোর জন্য সরাসরি তথ্যসূত্র দেওয়ার পরিম"", ""ঢাকা বিশ্ববিদ্যালয়ের বর্তমান উপাচার্য হলেন আবদুল কাদির মোহাম্মদ সেংসার। (এই উত্তরটি ২০১৯ সালের সত্যতা দেখলে হবে, তারিখ"", ""২০১৯ সালে ঢাকা বিশ্ববিদ্যালয়ের উপাচার্য পদে কেশী মনু ঘোষ ছিলেন।"", ""ঢাকা বিশ্ববিদ্যালয়ের বর্তমান উপাচার্য আহমদ আবদুল হাসান।"", ""ঢাকা বিশ্ববিদ্যালয়ের বর্তমান (২০১৯) উপাচার্য আবুল কাসেম নামে পরিচিত।""]"
bengali-9078535216838685259-0::inference,bengali-9078535216838685259-0,inference,ঢাকা বিশ্ববিদ্যালয় বাংলাদেশের সবচেয়ে পুরানো বিশ্ববিদ্যালয়। এই বিশ্ববিদ্যালয় ১৯২১ সালে প্রতিষ্ঠিত হয়। বাংলাদেশের মোট উচ্চ শিক্ষিত জনগোষ্ঠির প্রায় ৭০%-ই এই বিশ্ববিদ্যালয়ের ছাত্র-ছাত্রী। প্রতিষ্ঠার পর থেকে এ যাবৎ ২৬ জন বিশিষ্ট শিক্ষাবিদ ঢাকা বিশ্ববিদ্যালয়ের উপাচার্যের দায়িত্ব পালন করেছেন। এই বিশ্ববিদ্যালয়ের বর্তমান উপাচার্য মো. আখতারুজ্জামান।,ঢাকা বিশ্ববিদ্যালয়ের বর্তমান (২০১৯) উপাচার্যের নাম কী ?,মো. আখতারুজ্জামান,বর্তমান (২০১৯) উপাচার্যের নাম অধ্যাপক আবদুল মান্নান।,0.830503,no,"[""ঢাকা বিশ্ববিদ্যালয়ের বর্তমান (২০১৯) উপাচার্যের নাম ছিল আবদুল ক্যামাল সাদী। (প্রায়শই এমনভাবে উত্তর দেওয়া হয় যে নামটি"", ""ঢাকা বিশ্ববিদ্যালয়ের বর্তমান (২০১৯) উপাচার্যের নাম জৈনেশীয় সুরেন্দ্রনাথ শাস্ত্রী। (তথ্যটি সঠিক হলে কৃত্রিম বুদ্ধিম"", ""ঢাকা বিশ্ববিদ্যালয়ের বর্তমান (২০১৯) উপাচার্য আতাউল খালিল।"", ""ঢাকা বিশ্ববিদ্যালয়ের বর্তমান (২০১৯) উপাচার্য নাম আবুল হাওয়ালা মোনিতোর ছিল। (এটি একটি অবৈতনিক উত্তর, সত্যিকারে উপাচার"", ""ব্যাখ্যা দেওয়া উচিত কিন্তু অবশ্যই উপাচার্য মহাশয়ের নাম আলোক দাশ।""]"
bengali-5846157904123319216-6::factualness,bengali-5846157904123319216-6,factualness,"আঠারো শতাব্দীতে ইন্সতিতুসিওন লিব্রে দে এন্সেনিয়াঞ্জার শিক্ষাবিদ এবং শিক্ষার্থী, কেমব্রিজ বিশ্ববিদ্যালয় এবং অক্সফোর্ড বিশ্ববিদ্যালয়ের স্নাতকদের দ্বারা মাদ্রিদে ফুটবল খেলা প্রচারের মাধ্যমে রিয়াল মাদ্রিদ প্রতিষ্ঠার ভিত্তি গড়ে উঠে। ১৮৯৭ সালে, তারা (সোসিয়েদাদ) স্কাই ফুটবল নামে একটি সংঘ প্রতিষ্ঠিত করেন, যেটি লা সোসিয়েদাদ (সমাজ) নামেই অধিক পরিচিত। এটি সেসময়ের মাদ্রিদভিত্তিক খেলাধুলার একমাত্র সংঘ ছিল, যেটি প্রতি রবিবার সকালে মনক্লোয়া</i>য় খেলত। ১৯০০ সালে, এই সংঘের কয়েকজনের মধ্যে দ্বন্দ্বের সৃষ্টি হওয়ার ফলে তারা স্কাই ফুটবল হতে বিভক্ত হয়ে গিয়ে নুয়েভা সোসিয়েদাদ দে ফুটবল (ফুটবলের নতুন সমাজ) নামে নতুন একটি ক্লাব গঠন করে। বিভক্ত হয়ে যাওয়া ব্যক্তিদের মধ্যে একজন ছিলেন হুলিয়ান পালাকিওস, যিনি রিয়াল মাদ্রিদের প্রথম সভাপতির দায়িত্ব পালন করেছেন। এছাড়াও বিভক্ত হয়ে যাওয়া ব্যক্তিদের মধ্যে ছিলেন দুই ভাই হুয়ান পাদ্রোস এবং কার্লোস পাদ্রোস, যারা পরবর্তীতে রিয়াল মাদ্রিদের সভাপতিত্বের দায়িত্ব পালন করেছেন। ১৯০১ সালে, এই নতুন ক্লাবের নাম পরিবর্তন করে মাদ্রিদ ফুটবল ক্লাব রাখা হয়। পরবর্তীতে, ১৯০২ সালে পুনর্গঠনের পর স্কাই ফুটবল সংঘটি নাম পরিবর্তন করে নিউ ফুট-বল ক্লাব রাখে।[24][25][26] ১৯০৬ সালের ৬ই মার্চ তারিখে, হুয়ান পাদ্রোসের সভাপতিত্বে একটি নতুন বোর্ড নির্বাচিত হওয়ার পর, মাদ্রিদ ফুটবল ক্লাব আনুষ্ঠানিকভাবে প্রতিষ্ঠা লাভ করে।[3]",রিয়াল মাদ্রিদ ফুটবল ক্লাবটির সর্বপ্রথম সভাপতি কে ছিলেন ?,হুলিয়ান পালাকিওস,কার্লোস পাদ্রোস ছিলেন রিয়াল মাদ্রিদের সর্বপ্রথম সভাপতি।,0.744217,yes,"[""রিয়াল মাদ্রিদ ফুটবল ক্লাবটির সর্বপ্রথম সভাপতি মিশেল ডিওমেন্ট্রাকা ছিলেন।"", ""রিয়াল মাদ্রিদ ফুটবল ক্লাবটির সর্বপ্রথম সভাপতি হেন"", ""রিয়াল মাদ্রিদ ফুটবল ক্লাবের সর্বপ্রথম সভাপতি হোয়ান ফ্রানশিসকো দে লালো ছিলেন।"", ""রিয়াল মাদ্রিদ ফুটবল ক্লাবের সর্বপ্রথম সভাপতি এমিляনো ডিয়েগো ছিলেন।"", ""রিয়াল মাদ্রিদ ফুটবল ক্লাবটির সর্বপ্রথম সভাপতি এমিলিয়ো ক্রুসেজো ছিলেন।""]"
bengali-5846157904123319216-6::comprehension,bengali-5846157904123319216-6,comprehension,"আঠারো শতাব্দীতে ইন্সতিতুসিওন লিব্রে দে এন্সেনিয়াঞ্জার শিক্ষাবিদ এবং শিক্ষার্থী, কেমব্রিজ বিশ্ববিদ্যালয় এবং অক্সফোর্ড বিশ্ববিদ্যালয়ের স্নাতকদের দ্বারা মাদ্রিদে ফুটবল খেলা প্রচারের মাধ্যমে রিয়াল মাদ্রিদ প্রতিষ্ঠার ভিত্তি গড়ে উঠে। ১৮৯৭ সালে, তারা (সোসিয়েদাদ) স্কাই ফুটবল নামে একটি সংঘ প্রতিষ্ঠিত করেন, যেটি লা সোসিয়েদাদ (সমাজ) নামেই অধিক পরিচিত। এটি সেসময়ের মাদ্রিদভিত্তিক খেলাধুলার একমাত্র সংঘ ছিল, যেটি প্রতি রবিবার সকালে মনক্লোয়া</i>য় খেলত। ১৯০০ সালে, এই সংঘের কয়েকজনের মধ্যে দ্বন্দ্বের সৃষ্টি হওয়ার ফলে তারা স্কাই ফুটবল হতে বিভক্ত হয়ে গিয়ে নুয়েভা সোসিয়েদাদ দে ফুটবল (ফুটবলের নতুন সমাজ) নামে নতুন একটি ক্লাব গঠন করে। বিভক্ত হয়ে যাওয়া ব্যক্তিদের মধ্যে একজন ছিলেন হুলিয়ান পালাকিওস, যিনি রিয়াল মাদ্রিদের প্রথম সভাপতির দায়িত্ব পালন করেছেন। এছাড়াও বিভক্ত হয়ে যাওয়া ব্যক্তিদের মধ্যে ছিলেন দুই ভাই হুয়ান পাদ্রোস এবং কার্লোস পাদ্রোস, যারা পরবর্তীতে রিয়াল মাদ্রিদের সভাপতিত্বের দায়িত্ব পালন করেছেন। ১৯০১ সালে, এই নতুন ক্লাবের নাম পরিবর্তন করে মাদ্রিদ ফুটবল ক্লাব রাখা হয়। পরবর্তীতে, ১৯০২ সালে পুনর্গঠনের পর স্কাই ফুটবল সংঘটি নাম পরিবর্তন করে নিউ ফুট-বল ক্লাব রাখে।[24][25][26] ১৯০৬ সালের ৬ই মার্চ তারিখে, হুয়ান পাদ্রোসের সভাপতিত্বে একটি নতুন বোর্ড নির্বাচিত হওয়ার পর, মাদ্রিদ ফুটবল ক্লাব আনুষ্ঠানিকভাবে প্রতিষ্ঠা লাভ করে।[3]",রিয়াল মাদ্রিদ ফুটবল ক্লাবটির সর্বপ্রথম সভাপতি কে ছিলেন ?,হুলিয়ান পালাকিওস,হুয়ান পাদ্রোস,0.85291,no,"[""রিয়াল মাদ্রিদ ফুটবল ক্লাবটির সর্বপ্রথম সভাপতি মারিয়ানো মানসেরিয়ানো ছিলেন।"", ""রিয়াল মাদ্রিদ ফুটবল ক্লাবটির সর্বপ্রথম সভাপতি মার্কিন হয়ে ফ্রান্সীয় ফুটবলার ইভান অ্যান্ড্রেউ ছিলেন।"", ""রিয়াল মাদ্রিদ ফুটবল ক্লাবটির সর্বপ্রথম সভাপতি হেমিটোন ডোনার্সিয়ান ছিলেন।"", ""রিয়াল মাদ্রিদ ফুটবল ক্লাবের সর্বপ্রথম সভাপতি হিড়োর জোসেপ আলাফা লার্তস ছিলেন।"", ""রিয়াল মাদ্রিদ ফুটবল ক্লাবটির সর্বপ্রথম সভাপতি হরিয়েন্টা লোপের জোসে ইসাবেল রিয়াল ছিলেন।""]"
bengali-5846157904123319216-6::specificity,bengali-5846157904123319216-6,specificity,"আঠারো শতাব্দীতে ইন্সতিতুসিওন লিব্রে দে এন্সেনিয়াঞ্জার শিক্ষাবিদ এবং শিক্ষার্থী, কেমব্রিজ বিশ্ববিদ্যালয় এবং অক্সফোর্ড বিশ্ববিদ্যালয়ের স্নাতকদের দ্বারা মাদ্রিদে ফুটবল খেলা প্রচারের মাধ্যমে রিয়াল মাদ্রিদ প্রতিষ্ঠার ভিত্তি গড়ে উঠে। ১৮৯৭ সালে, তারা (সোসিয়েদাদ) স্কাই ফুটবল নামে একটি সংঘ প্রতিষ্ঠিত করেন, যেটি লা সোসিয়েদাদ (সমাজ) নামেই অধিক পরিচিত। এটি সেসময়ের মাদ্রিদভিত্তিক খেলাধুলার একমাত্র সংঘ ছিল, যেটি প্রতি রবিবার সকালে মনক্লোয়া</i>য় খেলত। ১৯০০ সালে, এই সংঘের কয়েকজনের মধ্যে দ্বন্দ্বের সৃষ্টি হওয়ার ফলে তারা স্কাই ফুটবল হতে বিভক্ত হয়ে গিয়ে নুয়েভা সোসিয়েদাদ দে ফুটবল (ফুটবলের নতুন সমাজ) নামে নতুন একটি ক্লাব গঠন করে। বিভক্ত হয়ে যাওয়া ব্যক্তিদের মধ্যে একজন ছিলেন হুলিয়ান পালাকিওস, যিনি রিয়াল মাদ্রিদের প্রথম সভাপতির দায়িত্ব পালন করেছেন। এছাড়াও বিভক্ত হয়ে যাওয়া ব্যক্তিদের মধ্যে ছিলেন দুই ভাই হুয়ান পাদ্রোস এবং কার্লোস পাদ্রোস, যারা পরবর্তীতে রিয়াল মাদ্রিদের সভাপতিত্বের দায়িত্ব পালন করেছেন। ১৯০১ সালে, এই নতুন ক্লাবের নাম পরিবর্তন করে মাদ্রিদ ফুটবল ক্লাব রাখা হয়। পরবর্তীতে, ১৯০২ সালে পুনর্গঠনের পর স্কাই ফুটবল সংঘটি নাম পরিবর্তন করে নিউ ফুট-বল ক্লাব রাখে।[24][25][26] ১৯০৬ সালের ৬ই মার্চ তারিখে, হুয়ান পাদ্রোসের সভাপতিত্বে একটি নতুন বোর্ড নির্বাচিত হওয়ার পর, মাদ্রিদ ফুটবল ক্লাব আনুষ্ঠানিকভাবে প্রতিষ্ঠা লাভ করে।[3]",রিয়াল মাদ্রিদ ফুটবল ক্লাবটির সর্বপ্রথম সভাপতি কে ছিলেন ?,হুলিয়ান পালাকিওস,কার্লোস পাদ্রোস ছিলেন রিয়াল মাদ্রিদের প্রথম সভাপতি।,0.77661,no,"[""রিয়াল মাদ্রিদ ফুটবল ক্লাবটির সর্বপ্রথম সভাপতি আন্দ্রেস মেরিনেজো ছিলেন।"", ""রিয়াল মাদ্রিদ ফুটবল ক্লাবের সর্বপ্রথম সভাপতি জোসে এবের্ত্সেন ছিলেন।"", ""রিয়াল মাদ্রিদের প্রতিষ্ঠান সভাপতিত্ব করা শুরুর দিকে ডোমিনিক ইন্টিয়াস ছিলেন।"", ""রিয়াল মাদ্রিদ ফুটবল ক্লাবের সর্বপ্রথম সভাপতি হেমিগ্যান্স ডি ফ্রান্সিসকো ছিলেন।"", ""রিয়াল মাদ্রিদ ফুটবল ক্লাবটির সর্বপ্রথম সভাপতি আলাফ্রান্স দে লোভেস্কি ছিলেন।""]"
bengali-5846157904123319216-6::inference,bengali-5846157904123319216-6,inference,"আঠারো শতাব্দীতে ইন্সতিতুসিওন লিব্রে দে এন্সেনিয়াঞ্জার শিক্ষাবিদ এবং শিক্ষার্থী, কেমব্রিজ বিশ্ববিদ্যালয় এবং অক্সফোর্ড বিশ্ববিদ্যালয়ের স্নাতকদের দ্বারা মাদ্রিদে ফুটবল খেলা প্রচারের মাধ্যমে রিয়াল মাদ্রিদ প্রতিষ্ঠার ভিত্তি গড়ে উঠে। ১৮৯৭ সালে, তারা (সোসিয়েদাদ) স্কাই ফুটবল নামে একটি সংঘ প্রতিষ্ঠিত করেন, যেটি লা সোসিয়েদাদ (সমাজ) নামেই অধিক পরিচিত। এটি সেসময়ের মাদ্রিদভিত্তিক খেলাধুলার একমাত্র সংঘ ছিল, যেটি প্রতি রবিবার সকালে মনক্লোয়া</i>য় খেলত। ১৯০০ সালে, এই সংঘের কয়েকজনের মধ্যে দ্বন্দ্বের সৃষ্টি হওয়ার ফলে তারা স্কাই ফুটবল হতে বিভক্ত হয়ে গিয়ে নুয়েভা সোসিয়েদাদ দে ফুটবল (ফুটবলের নতুন সমাজ) নামে নতুন একটি ক্লাব গঠন করে। বিভক্ত হয়ে যাওয়া ব্যক্তিদের মধ্যে একজন ছিলেন হুলিয়ান পালাকিওস, যিনি রিয়াল মাদ্রিদের প্রথম সভাপতির দায়িত্ব পালন করেছেন। এছাড়াও বিভক্ত হয়ে যাওয়া ব্যক্তিদের মধ্যে ছিলেন দুই ভাই হুয়ান পাদ্রোস এবং কার্লোস পাদ্রোস, যারা পরবর্তীতে রিয়াল মাদ্রিদের সভাপতিত্বের দায়িত্ব পালন করেছেন। ১৯০১ সালে, এই নতুন ক্লাবের নাম পরিবর্তন করে মাদ্রিদ ফুটবল ক্লাব রাখা হয়। পরবর্তীতে, ১৯০২ সালে পুনর্গঠনের পর স্কাই ফুটবল সংঘটি নাম পরিবর্তন করে নিউ ফুট-বল ক্লাব রাখে।[24][25][26] ১৯০৬ সালের ৬ই মার্চ তারিখে, হুয়ান পাদ্রোসের সভাপতিত্বে একটি নতুন বোর্ড নির্বাচিত হওয়ার পর, মাদ্রিদ ফুটবল ক্লাব আনুষ্ঠানিকভাবে প্রতিষ্ঠা লাভ করে।[3]",রিয়াল মাদ্রিদ ফুটবল ক্লাবটির সর্বপ্রথম সভাপতি কে ছিলেন ?,হুলিয়ান পালাকিওস,রিয়াল মাদ্রিদ ফুটবল ক্লাবটির সর্বপ্রথম সভাপতি ছিলেন হুয়ান পাদ্রোস।,0.777327,no,"[""রিয়াল মাদ্রিদ ফুটবল ক্লাবটির সর্বপ্রথম সভাপতি এম্যারিন দে লা ম্যান্ডেরো ছিলেন।"", ""রিয়াল মাদ্রিদ ফুটবল ক্লাবটির সর্বপ্রথম সভাপতি হেমান্টান্না ডোনাংেরা ছিলেন।"", ""রিয়াল মাদ্রিদ ফুটবল ক্লাবটির সর্বপ্রথম সভাপতি হোম্যান দে লোহার ছিলেন।"", ""রিয়াল মাদ্রিদ ফুটবল ক্লাবটির সর্বপ্রথম সভাপতি হোসে ডোমিঙগো সান"", ""রিয়াল মাদ্রিদ ফুটবল ক্লাবটির সর্বপ্রথম সভাপতি জোসে ইভান্তিনো ছিলেন।""]"
bengali--8629802684896762580-0::factualness,bengali--8629802684896762580-0,factualness,"উইলিয়াম আব্রাহাম সাইমন ঔডারল্যান্ড (Dutch: Wiliam Ouderland) (জন্ম: ৬ ডিসেম্বর, ১৯১৭ — মৃত্যু: ১৮ই মে, ২০০১) ছিলেন একজন ওলন্দাজ-অস্ট্রেলীয় সামরিক কমান্ডো অফিসার। তিনি দ্বিতীয় বিশ্বযুদ্ধে সক্রিয়ভাবে অংশগ্রহণ করেন। বাংলাদেশের মুক্তিযুদ্ধে প্রত্যক্ষ অবদানের জন্য বাংলাদেশ সরকার তাঁকে বাংলাদেশের চতুর্থ সর্বোচ্চ সামরিক খেতাব বীর প্রতীক প্রদান করে। তিনিই একমাত্র বিদেশী যিনি এই রাষ্ট্রীয় খেতাবে ভূষিত হয়েছেন।[1][2][3] বাংলাদেশের প্রতি অপরিমেয় ভালবাসার জন্য বাঙ্গালী জাতির কাছে তিনি বিশেষভাবে সম্মানিত ও স্মরণীয় ব্যক্তিত্ব।[4] তাঁর স্মৃতির প্রতি শ্রদ্ধার নিদর্শনস্বরূপ বাংলাদেশের রাজধানী ঢাকার গুলশানের একটি রাস্তার নামকরণ করা হয়েছে।",ওলন্দাজ-অস্ট্রেলীয় সামরিক কমান্ডো অফিসার উইলিয়াম আব্রাহাম সাইমন ঔডারল্যান্ড কবে জন্মগ্রহণ করেন ?,"৬ ডিসেম্বর, ১৯১৭","৬ নভেম্বর, ১৯১৬ সালে জন্মগ্রহণ করেন।",0.772158,no,"[""উইলিয়াম আব্রাহাম সাইমন ঔডারল্যান্ড ১৮৯৭ সালে জার্মানির কিল্লিনে জন্মগ্রহণ করেন।"", ""ওলন্দাজ-অস্ট্রেলীয় সামরিক কমান্ডো অফিসার উইলিয়াম আব্রাহাম সাইমন ঔডারল্যান্ড ১৯১৪ সালে জার্মানির কেনিংহাইম শহরে জন্মগ্র"", ""ওলন্দাজ-অস্ট্রেলীয় সামরিক কমান্ডো অফিসার উইলিয়াম আব্রাহাম সাইমন ঔডারল্যান্ড ১৯১৪ সালে জন্মগ্রহণ করেন।"", ""ওলন্দাজ-অস্ট্রেলীয় সামরিক কমান্ডো অফিসার উইলিয়াম আব্রাহাম সাইমন ঔডারল্যান্ড ১৯১৪ সালে জন্মগ্রহণ করেন।"", ""ওলন্দাজ-অস্ট্রেলীয় সামরিক কমান্ডো অফিসার উইলিয়াম আব্রাহাম সাইমন ঔডারল্যান্ড ১৯১৪ সালে জন্মগ্রহণ করেন।""]"
bengali--8629802684896762580-0::comprehension,bengali--8629802684896762580-0,comprehension,"উইলিয়াম আব্রাহাম সাইমন ঔডারল্যান্ড (Dutch: Wiliam Ouderland) (জন্ম: ৬ ডিসেম্বর, ১৯১৭ — মৃত্যু: ১৮ই মে, ২০০১) ছিলেন একজন ওলন্দাজ-অস্ট্রেলীয় সামরিক কমান্ডো অফিসার। তিনি দ্বিতীয় বিশ্বযুদ্ধে সক্রিয়ভাবে অংশগ্রহণ করেন। বাংলাদেশের মুক্তিযুদ্ধে প্রত্যক্ষ অবদানের জন্য বাংলাদেশ সরকার তাঁকে বাংলাদেশের চতুর্থ সর্বোচ্চ সামরিক খেতাব বীর প্রতীক প্রদান করে। তিনিই একমাত্র বিদেশী যিনি এই রাষ্ট্রীয় খেতাবে ভূষিত হয়েছেন।[1][2][3] বাংলাদেশের প্রতি অপরিমেয় ভালবাসার জন্য বাঙ্গালী জাতির কাছে তিনি বিশেষভাবে সম্মানিত ও স্মরণীয় ব্যক্তিত্ব।[4] তাঁর স্মৃতির প্রতি শ্রদ্ধার নিদর্শনস্বরূপ বাংলাদেশের রাজধানী ঢাকার গুলশানের একটি রাস্তার নামকরণ করা হয়েছে।",ওলন্দাজ-অস্ট্রেলীয় সামরিক কমান্ডো অফিসার উইলিয়াম আব্রাহাম সাইমন ঔডারল্যান্ড কবে জন্মগ্রহণ করেন ?,"৬ ডিসেম্বর, ১৯১৭","৬ জানুয়ারি, ১৯১৮",0.743407,yes,"[""অৱলীয় আব্রাহাম সাইমন ঔডারল্যান্ড ১৮৯৭ সালে জার্মানিতে জন্মগ্রহণ করেন।"", ""ওলন্দাজ-অস্ট্রেলীয় সামরিক কমান্ডো অফিসার উইলিয়াম আব্রাহাম সাইমন ঔডারল্যান্ড ১৮৯৭ সালে জার্মানির কেন্টন জার্ডানফের শহরে"", ""ওলন্দাজ-অস্ট্রেলীয় সামরিক কমান্ডো অফিসার উইলিয়াম আব্রাহাম সাইমন ঔডারল্যান্ড ১৯১৪ সালে জন্মগ্রহণ করেন।"", ""ওলন্দাজ-অস্ট্রেলীয় সামরিক কমান্ডো অফিসার উইলিয়াম আব্রাহাম সাইমন ঔডারল্যান্ড ১৯১৪ সালে জন্মগ্রহণ করেন।"", ""ওলন্দাজ-অস্ট্রেলীয় সামরিক কমান্ডো অফিসার উইলিয়াম আব্রাহাম সাইমন ঔডারল্যান্ড ১৮৯৭ সালে জন্মগ্রহণ করেন।""]"
bengali--8629802684896762580-0::specificity,bengali--8629802684896762580-0,specificity,"উইলিয়াম আব্রাহাম সাইমন ঔডারল্যান্ড (Dutch: Wiliam Ouderland) (জন্ম: ৬ ডিসেম্বর, ১৯১৭ — মৃত্যু: ১৮ই মে, ২০০১) ছিলেন একজন ওলন্দাজ-অস্ট্রেলীয় সামরিক কমান্ডো অফিসার। তিনি দ্বিতীয় বিশ্বযুদ্ধে সক্রিয়ভাবে অংশগ্রহণ করেন। বাংলাদেশের মুক্তিযুদ্ধে প্রত্যক্ষ অবদানের জন্য বাংলাদেশ সরকার তাঁকে বাংলাদেশের চতুর্থ সর্বোচ্চ সামরিক খেতাব বীর প্রতীক প্রদান করে। তিনিই একমাত্র বিদেশী যিনি এই রাষ্ট্রীয় খেতাবে ভূষিত হয়েছেন।[1][2][3] বাংলাদেশের প্রতি অপরিমেয় ভালবাসার জন্য বাঙ্গালী জাতির কাছে তিনি বিশেষভাবে সম্মানিত ও স্মরণীয় ব্যক্তিত্ব।[4] তাঁর স্মৃতির প্রতি শ্রদ্ধার নিদর্শনস্বরূপ বাংলাদেশের রাজধানী ঢাকার গুলশানের একটি রাস্তার নামকরণ করা হয়েছে।",ওলন্দাজ-অস্ট্রেলীয় সামরিক কমান্ডো অফিসার উইলিয়াম আব্রাহাম সাইমন ঔডারল্যান্ড কবে জন্মগ্রহণ করেন ?,"৬ ডিসেম্বর, ১৯১৭","৮ ডিসেম্বর, ১৯১৮",0.841394,no,"[""ওলন্দাজ-অস্ট্রেলীয় সামরিক কমান্ডো অফিসার উইলিয়াম আব্রাহাম সাইমন ঔডারল্যান্ড ১৮৯৭ সালে জন্মগ্রহণ করেন।"", ""ওলন্দাজ-অস্ট্রেলীয় সামরিক কমান্ডো অফিসার উইলিয়াম আব্রাহাম সাইমন ঔডারল্যান্ড ১৯১৪ সালে জন্মগ্রহণ করেন।"", ""ওলন্দাজ-অস্ট্রেলীয় সামরিক কমান্ডো অফিসার উইলিয়াম আব্রাহাম সাইমন ঔডারল্যান্ড ১৯১৪ সালে জন্মগ্রহণ করেন।"", ""অৱলিয়াম আব্রাহাম সাইমন উইলিয়াম আব্রাহাম সাইমন ঔডারল্যান্ড ১৮৮৫ সালে জন্মগ্রহণ করেন।"", ""উইলিয়াম আব্রাহাম সাইমন আৱাৰ্ডল্যান্ড অলন্দাজ হৈতিত ১৮৯৭ সালে জন্মগ্রহণ করেন।""]"
bengali--8629802684896762580-0::inference,bengali--8629802684896762580-0,inference,"উইলিয়াম আব্রাহাম সাইমন ঔডারল্যান্ড (Dutch: Wiliam Ouderland) (জন্ম: ৬ ডিসেম্বর, ১৯১৭ — মৃত্যু: ১৮ই মে, ২০০১) ছিলেন একজন ওলন্দাজ-অস্ট্রেলীয় সামরিক কমান্ডো অফিসার। তিনি দ্বিতীয় বিশ্বযুদ্ধে সক্রিয়ভাবে অংশগ্রহণ করেন। বাংলাদেশের মুক্তিযুদ্ধে প্রত্যক্ষ অবদানের জন্য বাংলাদেশ সরকার তাঁকে বাংলাদেশের চতুর্থ সর্বোচ্চ সামরিক খেতাব বীর প্রতীক প্রদান করে। তিনিই একমাত্র বিদেশী যিনি এই রাষ্ট্রীয় খেতাবে ভূষিত হয়েছেন।[1][2][3] বাংলাদেশের প্রতি অপরিমেয় ভালবাসার জন্য বাঙ্গালী জাতির কাছে তিনি বিশেষভাবে সম্মানিত ও স্মরণীয় ব্যক্তিত্ব।[4] তাঁর স্মৃতির প্রতি শ্রদ্ধার নিদর্শনস্বরূপ বাংলাদেশের রাজধানী ঢাকার গুলশানের একটি রাস্তার নামকরণ করা হয়েছে।",ওলন্দাজ-অস্ট্রেলীয় সামরিক কমান্ডো অফিসার উইলিয়াম আব্রাহাম সাইমন ঔডারল্যান্ড কবে জন্মগ্রহণ করেন ?,"৬ ডিসেম্বর, ১৯১৭","৭ ডিসেম্বর, ১৯১৭ সালে জন্মগ্রহণ করেন।",0.971881,no,"[""ওলন্দাজ-অস্ট্রেলীয় সামরিক কমান্ডো অফিসার উইলিয়াম আব্রাহাম সাইমন ঔডারল্যান্ড ১৯১৪ সালে জন্মগ্রহণ করেন।"", ""ওলন্দাজ-অস্ট্রেলীয় সামরিক কমান্ডো অফিসার উইলিয়াম আব্রাহাম সাইমন ঔডারল্যান্ড ১৮৯৭ সালে জন্মগ্রহণ করেন।"", ""ওলন্দাজ-অস্ট্রেলীয় সামরিক কমান্ডো অফিসার উইলিয়াম আব্রাহাম সাইমন আৰ্ডারল্যান্ড ১৮৯৫ সালে জন্মগ্রহণ করেন।"", ""ওলন্দাজ-অস্ট্রেলীয় সামরিক কমান্ডো অফিসার উইলিয়াম আব্রাহাম সাইমন ঔডারল্যান্ড ১৮৯৭ সালে জন্মগ্রহণ করেন।"", ""ওলন্দাজ-অস্ট্রেলীয় সামরিক কমান্ডো অফিসার উইলিয়াম আব্রাহাম সাইমন ঔডারল্যান্ড ১৮৯৫ সালে জন্মগ্রহণ করেন।""]"
bengali-7598272783189345090-0::factualness,bengali-7598272783189345090-0,factualness,ডাব্লিউডাব্লিউই ওয়ার্ল্ড চ্যাম্পিয়নশিপ হল পেশাদার কুস্তি প্রতিযোগীতার একটি চ্যাম্পিয়নশিপ। এটি তৈরি ও প্রবর্তন করেছে আমেরিকান পেশাদার কুস্তি প্রমোশন ডাব্লিউডাব্লিউই। ১৯৬৩ সালের ২৫ এপ্রিল মাসে তৎকালীন ওয়ার্ল্ড ওয়াইড রেসলিং ফেডারেশন (বর্তমানে ডাব্লিউডাব্লিউই) ডাব্লিউডাব্লিউডাব্লিউএফ ওয়ার্ল্ড হেভিওয়েট চ্যাম্পিয়নশিপ হিসেবে প্রতিষ্ঠা করে। প্রাক্তন  চ্যাম্পিয়ন সেথ রলিন্স প্রথম ব্যক্তি যিনি মানি ইন দ্য ব্যাংক চুক্তি ক্যাশ ইন করে  রেসেলম্যানিয়া ৩১ এ চ্যাম্পিয়ন হয়।,ডাব্লিউডাব্লিউই কত সালে প্রতিষ্ঠিত হয় ?,১৯৬৩ সালের ২৫ এপ্রিল,১৯৬২ সালের ২৫ এপ্রিলে প্রতিষ্ঠিত হয়।,0.676248,yes,"[""ডাব্লিউডাব্লিউই প্রতিষ্ঠানের প্রতিষ্ঠাতা সালে ১৯৪৮ সালে প্রতিষ্ঠিত হয়েছিল।"", ""ডাব্লিউডাব্লিউই ১৯৪৭ সালে প্রতিষ্ঠিত হয়েছে।"", ""ডাব্লিউডাব্লিউই ১৯৪৭ সালে প্রতিষ্ঠিত হয়েছে।"", ""ডাব্লিউডাব্লিউই (WWE) ১৯৮২ সালে প্রতিষ্ঠিত হয়েছিল।"", ""ডাব্লিউডাব্লিউই অ্যাক্টিভেটেড ওইলস কোম্পানি, যা পরবর্তীতে ডাব্লিউডাব্লিউই হয়ে পরিণত, ১৯৮৩ সালে প্রতিষ্ঠিত হয়।""]"
bengali-7598272783189345090-0::comprehension,bengali-7598272783189345090-0,comprehension,ডাব্লিউডাব্লিউই ওয়ার্ল্ড চ্যাম্পিয়নশিপ হল পেশাদার কুস্তি প্রতিযোগীতার একটি চ্যাম্পিয়নশিপ। এটি তৈরি ও প্রবর্তন করেছে আমেরিকান পেশাদার কুস্তি প্রমোশন ডাব্লিউডাব্লিউই। ১৯৬৩ সালের ২৫ এপ্রিল মাসে তৎকালীন ওয়ার্ল্ড ওয়াইড রেসলিং ফেডারেশন (বর্তমানে ডাব্লিউডাব্লিউই) ডাব্লিউডাব্লিউডাব্লিউএফ ওয়ার্ল্ড হেভিওয়েট চ্যাম্পিয়নশিপ হিসেবে প্রতিষ্ঠা করে। প্রাক্তন  চ্যাম্পিয়ন সেথ রলিন্স প্রথম ব্যক্তি যিনি মানি ইন দ্য ব্যাংক চুক্তি ক্যাশ ইন করে  রেসেলম্যানিয়া ৩১ এ চ্যাম্পিয়ন হয়।,ডাব্লিউডাব্লিউই কত সালে প্রতিষ্ঠিত হয় ?,১৯৬৩ সালের ২৫ এপ্রিল,১৯৫২ সালের ১৪ জুন,0.567474,yes,"[""ডাব্লিউডাব্লিউই অ্যানোইক (WAN) 1973 সালে প্রতিষ্ঠিত হয়েছিল।"", ""ডাব্লিউডাব্লিউই প্রতিষ্ঠার সাল হচ্ছে 1919।"", ""ডাব্লিউডাব্লিউই ১৯৪৭ সালে প্রতিষ্ঠিত হয়েছিল।"", ""ডাব্লিউডাব্লিউই ১৯৪৮ সালে প্রতিষ্ঠিত হয়েছিল।"", ""ডাব্লিউডাব্লিউই স্থাপন ১৯৪৭ সালে হয়েছিল।""]"
bengali-7598272783189345090-0::specificity,bengali-7598272783189345090-0,specificity,ডাব্লিউডাব্লিউই ওয়ার্ল্ড চ্যাম্পিয়নশিপ হল পেশাদার কুস্তি প্রতিযোগীতার একটি চ্যাম্পিয়নশিপ। এটি তৈরি ও প্রবর্তন করেছে আমেরিকান পেশাদার কুস্তি প্রমোশন ডাব্লিউডাব্লিউই। ১৯৬৩ সালের ২৫ এপ্রিল মাসে তৎকালীন ওয়ার্ল্ড ওয়াইড রেসলিং ফেডারেশন (বর্তমানে ডাব্লিউডাব্লিউই) ডাব্লিউডাব্লিউডাব্লিউএফ ওয়ার্ল্ড হেভিওয়েট চ্যাম্পিয়নশিপ হিসেবে প্রতিষ্ঠা করে। প্রাক্তন  চ্যাম্পিয়ন সেথ রলিন্স প্রথম ব্যক্তি যিনি মানি ইন দ্য ব্যাংক চুক্তি ক্যাশ ইন করে  রেসেলম্যানিয়া ৩১ এ চ্যাম্পিয়ন হয়।,ডাব্লিউডাব্লিউই কত সালে প্রতিষ্ঠিত হয় ?,১৯৬৩ সালের ২৫ এপ্রিল,ডাব্লিউডাব্লিউই ১৯৬৩ সালে আনুষ্ঠানিকভাবে বিশ্ব চ্যাম্পিয়নশিপ চালু করে।,0.872191,no,"[""ডাব্লিউডাব্লিউই ১৯৪৭ সালে প্রতিষ্ঠিত হয়েছিল।"", ""ডাব্লিউডাব্লিউই ১৯৪৭ সালে প্রতিষ্ঠিত হয়েছিল।"", ""ডাব্লিউডাব্লিউই অফিসিয়ালভাবে ১৯৯৯ সালে প্রতিষ্ঠিত হয়েছিল।"", ""ডাব্লিউডাব্লিউই ১৯৪৭ সালে প্রতিষ্ঠিত হয়েছিল।"", ""ডাব্লিউডাব্লিউই ১৹৪৮ সালে প্রতিষ্ঠিত হয়েছিল।""]"
bengali-7598272783189345090-0::inference,bengali-7598272783189345090-0,inference,ডাব্লিউডাব্লিউই ওয়ার্ল্ড চ্যাম্পিয়নশিপ হল পেশাদার কুস্তি প্রতিযোগীতার একটি চ্যাম্পিয়নশিপ। এটি তৈরি ও প্রবর্তন করেছে আমেরিকান পেশাদার কুস্তি প্রমোশন ডাব্লিউডাব্লিউই। ১৯৬৩ সালের ২৫ এপ্রিল মাসে তৎকালীন ওয়ার্ল্ড ওয়াইড রেসলিং ফেডারেশন (বর্তমানে ডাব্লিউডাব্লিউই) ডাব্লিউডাব্লিউডাব্লিউএফ ওয়ার্ল্ড হেভিওয়েট চ্যাম্পিয়নশিপ হিসেবে প্রতিষ্ঠা করে। প্রাক্তন  চ্যাম্পিয়ন সেথ রলিন্স প্রথম ব্যক্তি যিনি মানি ইন দ্য ব্যাংক চুক্তি ক্যাশ ইন করে  রেসেলম্যানিয়া ৩১ এ চ্যাম্পিয়ন হয়।,ডাব্লিউডাব্লিউই কত সালে প্রতিষ্ঠিত হয় ?,১৯৬৩ সালের ২৫ এপ্রিল,১৯৬৩ সালে রেসেলম্যানিয়া ৩১-এ প্রতিষ্ঠিত হয়।,0.621066,yes,"[""ডাব্লিউডাব্লিউই (WWD) 1909 সালে প্রতিষ্ঠিত হয়েছিল।"", ""ডাব্লিউডাব্লিউই প্রতিষ্ঠানটি ১৯৪৭ সালে প্রতিষ্ঠিত হয়েছিল।"", ""ডাব্লিউডাব্লিউই স্থাপন ১৯৪৭ সালে হয়েছে।"", ""ডাব্লিউডাব্লিউই প্রতিষ্ঠার তারিখ ১৯১১ সাল।"", ""ডাব্লিউডাব্লিউই ১৹৪৮ সালে প্রতিষ্ঠিত হয়েছিল।""]"
bengali--602111576961978859-5::factualness,bengali--602111576961978859-5,factualness,"ভাওয়াল এস্টেটের সর্বশেষ ক্ষমতাবান জমিদার ছিলেন রাজা রাজেন্দ্রনারায়ণ রায়চৌধুরী। কালীপ্রসন্ন ঘোষ ছিলেন তাঁর দীউয়ান। উল্লেখ্য যে, কালীপ্রসন্ন ঘোষ ঊনবিংশ শতাব্দীর একজন খ্যাতিমান লেখক ছিলেন। রাজেন্দ্রনারায়ণ রায়চৌধুরীর ছিল তিন পুত্রসন্তান। তাঁরা হলেন রণেন্দ্রনারায়ণ রায়চৌধুরী, রমেন্দ্রনারায়ণ রায়চৌধুরী এবং রবীন্দ্রনারায়ণ রায়চৌধুরী। ১৯০১ সালে রাজেন্দ্রনারায়ণের মৃত্যু হয়। এই সময় তাঁর তিনপুত্র সন্তানই ছিলেন নাবালক। সে কারণে জমিদারিটি একবার ১৯০১ সালে এবং আর একবার ১৯০৪ সালে কোর্ট অব ওয়ার্ডসের অধীনে চলে যায়। রাজেন্দ্রনারায়ণের তিন পুত্র সন্তানকেই একজন ইউরোপীয় গৃহ-শিক্ষক লেখাপড়া শেখাতেন। তাঁর বক্তব্য অনুযায়ী, তিন পুত্রই ছিলেন অজ্ঞ ও ইন্দ্রিয়পরায়ণ, লেখাপড়া ও নৈতিক শিক্ষার প্রতি অত্যন্ত অমনোযোগী। একবার দ্বিতীয় পুত্র রমেন্দ্রনারায়ণ চিকিৎসার জন্য দার্জিলিং গমন করেন। সেখানে তাঁকে মৃত বলে ঘোষণা করা হয় এবং যথারীতি দাহ করা হয় বলেও দাবী করা হয়। অপর দুই পুত্রও খুব অল্প সময়ের মধ্যেই মৃত্যুবরণ করেন এবং পরিবারটি পুত্র সন্তানবিহীন অবস্থায় নিঃশেষ হয়ে যাওয়ার উপক্রম হয়। কিন্তু প্রকৃতপক্ষে দ্বিতীয় পুত্র সন্তানটি নিখোঁজ হয়ে গিয়েছিলেন এবং তিনি বহুদিন যাবৎ সন্ন্যাসী হিসেবে জীবন যাপন করেন। পরিশেষে ১৯২০ সালের শেষের দিকে তিনি নাটকীয়ভাবে দারুণ সাড়া জাগিয়ে প্রায় ১২ বছর পর ঢাকায় এসে উপস্থিত হন এবং তার জমিদারি দাবি করেন। এভাবেই ১৯৩৫ সালে শুরু হয় বিখ্যাত ভাওয়াল সন্ন্যাসী মামলা, যা সমগ্র বাংলায়, এমনকি বাংলার বাইরেও প্রায় এক যুগ ধরে খবরের কাগজে সংবাদ এবং নানা ধরনের গল্প গুজবের প্রধান উপাদান হয়ে থাকে। এমনকি ঘটনাটি সারা ভারতবর্ষে বিভিন্ন ভাষায় সাহিত্য, নাটক এবং সিনেমারও বিষয়বস্তু হয়। ভাওয়াল সন্ন্যাসী মামলার পরে জমিদারির উত্তরাধিকারের বিষয়টি শেষ পর্যন্ত জটিল হয়ে পড়ে এবং ফলে এর ব্যবস্থাপনা ১৯৫১ সালে জমিদারি প্রথা বাতিল না হওয়া পর্যন্ত কোর্ট অব ওয়ার্ডসের অধীনেই থেকে যায়। যেহেতু উত্তরাধিকারী নিয়ে বহু জটিলতা ছিল এবং জমিদারি সংক্রান্ত বহু মামলাও অমীমাংসিত ছিল, সে কারণে জমিদারি প্রথা বিলুপ্ত ঘোষণার পরেও এর বিষয়-সম্পত্তি বা দায়-দায়িত্ব যথাযথভাবে বণ্টন করা সম্ভব হয় নি। ফলে পাকিস্তান আমলেও জমিদারিটি কোর্ট অব ওয়ার্ডসের অধীনেই থাকে। বর্তমানে ভাওয়াল এস্টেটের কর্মকাণ্ড গণপ্রজাতন্ত্রী বাংলাদেশ সরকারের ভূমি সংস্কার বোর্ড পরিচালনা করে।",ভাওয়াল সন্ন্যাসী মামলা কবে শেষ হয় ?,১৯৫১ সালে,ভাওয়াল সন্ন্যাসী মামলা শেষ হয় ১৯৪৯ সালে।,0.905944,no,"[""ভাওয়াল সন্ন্যাসী মামলা ২০২০ সালের এপ্রিল মাসে শেষ হয়েছিল।"", ""ভাওয়াল সন্ন্যাসী মামলাটি ২০২০ সালের মার্চ মাসে শেষ হয়ে যায়।"", ""ভাওয়াল সন্ন্যাসী মামলাটি ২০১৮ সালে শেষ হয়েছিল।"", ""ভাওয়াল সন্ন্যাসী মামলাটি ২০২০ সালে শেষ হয়েছিল।"", ""ভাওয়াল সন্ন্যাসী মামলাটি ২০২০ সালে শেষ হয়েছিল।""]"
bengali--602111576961978859-5::comprehension,bengali--602111576961978859-5,comprehension,"ভাওয়াল এস্টেটের সর্বশেষ ক্ষমতাবান জমিদার ছিলেন রাজা রাজেন্দ্রনারায়ণ রায়চৌধুরী। কালীপ্রসন্ন ঘোষ ছিলেন তাঁর দীউয়ান। উল্লেখ্য যে, কালীপ্রসন্ন ঘোষ ঊনবিংশ শতাব্দীর একজন খ্যাতিমান লেখক ছিলেন। রাজেন্দ্রনারায়ণ রায়চৌধুরীর ছিল তিন পুত্রসন্তান। তাঁরা হলেন রণেন্দ্রনারায়ণ রায়চৌধুরী, রমেন্দ্রনারায়ণ রায়চৌধুরী এবং রবীন্দ্রনারায়ণ রায়চৌধুরী। ১৯০১ সালে রাজেন্দ্রনারায়ণের মৃত্যু হয়। এই সময় তাঁর তিনপুত্র সন্তানই ছিলেন নাবালক। সে কারণে জমিদারিটি একবার ১৯০১ সালে এবং আর একবার ১৯০৪ সালে কোর্ট অব ওয়ার্ডসের অধীনে চলে যায়। রাজেন্দ্রনারায়ণের তিন পুত্র সন্তানকেই একজন ইউরোপীয় গৃহ-শিক্ষক লেখাপড়া শেখাতেন। তাঁর বক্তব্য অনুযায়ী, তিন পুত্রই ছিলেন অজ্ঞ ও ইন্দ্রিয়পরায়ণ, লেখাপড়া ও নৈতিক শিক্ষার প্রতি অত্যন্ত অমনোযোগী। একবার দ্বিতীয় পুত্র রমেন্দ্রনারায়ণ চিকিৎসার জন্য দার্জিলিং গমন করেন। সেখানে তাঁকে মৃত বলে ঘোষণা করা হয় এবং যথারীতি দাহ করা হয় বলেও দাবী করা হয়। অপর দুই পুত্রও খুব অল্প সময়ের মধ্যেই মৃত্যুবরণ করেন এবং পরিবারটি পুত্র সন্তানবিহীন অবস্থায় নিঃশেষ হয়ে যাওয়ার উপক্রম হয়। কিন্তু প্রকৃতপক্ষে দ্বিতীয় পুত্র সন্তানটি নিখোঁজ হয়ে গিয়েছিলেন এবং তিনি বহুদিন যাবৎ সন্ন্যাসী হিসেবে জীবন যাপন করেন। পরিশেষে ১৯২০ সালের শেষের দিকে তিনি নাটকীয়ভাবে দারুণ সাড়া জাগিয়ে প্রায় ১২ বছর পর ঢাকায় এসে উপস্থিত হন এবং তার জমিদারি দাবি করেন। এভাবেই ১৯৩৫ সালে শুরু হয় বিখ্যাত ভাওয়াল সন্ন্যাসী মামলা, যা সমগ্র বাংলায়, এমনকি বাংলার বাইরেও প্রায় এক যুগ ধরে খবরের কাগজে সংবাদ এবং নানা ধরনের গল্প গুজবের প্রধান উপাদান হয়ে থাকে। এমনকি ঘটনাটি সারা ভারতবর্ষে বিভিন্ন ভাষায় সাহিত্য, নাটক এবং সিনেমারও বিষয়বস্তু হয়। ভাওয়াল সন্ন্যাসী মামলার পরে জমিদারির উত্তরাধিকারের বিষয়টি শেষ পর্যন্ত জটিল হয়ে পড়ে এবং ফলে এর ব্যবস্থাপনা ১৯৫১ সালে জমিদারি প্রথা বাতিল না হওয়া পর্যন্ত কোর্ট অব ওয়ার্ডসের অধীনেই থেকে যায়। যেহেতু উত্তরাধিকারী নিয়ে বহু জটিলতা ছিল এবং জমিদারি সংক্রান্ত বহু মামলাও অমীমাংসিত ছিল, সে কারণে জমিদারি প্রথা বিলুপ্ত ঘোষণার পরেও এর বিষয়-সম্পত্তি বা দায়-দায়িত্ব যথাযথভাবে বণ্টন করা সম্ভব হয় নি। ফলে পাকিস্তান আমলেও জমিদারিটি কোর্ট অব ওয়ার্ডসের অধীনেই থাকে। বর্তমানে ভাওয়াল এস্টেটের কর্মকাণ্ড গণপ্রজাতন্ত্রী বাংলাদেশ সরকারের ভূমি সংস্কার বোর্ড পরিচালনা করে।",ভাওয়াল সন্ন্যাসী মামলা কবে শেষ হয় ?,১৯৫১ সালে,১৯৩৫ সালে শেষ হয়।,0.898866,no,"[""ভাওয়াল সন্ন্যাসী মামলাটি ২০১৭ সালে শেষ হয়েছিল।"", ""ভাওয়াল সন্ন্যাসী মামলা ২০১৬ সালে শেষ হয়ে গেছে।"", ""ভাওয়াল সন্ন্যাসীর মামলা ২০২০ সালে শেষ হয়েছিল।"", ""ভাওয়াল সন্ন্যাসী মামলা ২০২০ সালে শেষ হয়েছিল।"", ""ভাওয়াল সন্ন্যাসী মামলাটি ২০২০ সালে শেষ হয়েছিল।""]"
bengali--602111576961978859-5::specificity,bengali--602111576961978859-5,specificity,"ভাওয়াল এস্টেটের সর্বশেষ ক্ষমতাবান জমিদার ছিলেন রাজা রাজেন্দ্রনারায়ণ রায়চৌধুরী। কালীপ্রসন্ন ঘোষ ছিলেন তাঁর দীউয়ান। উল্লেখ্য যে, কালীপ্রসন্ন ঘোষ ঊনবিংশ শতাব্দীর একজন খ্যাতিমান লেখক ছিলেন। রাজেন্দ্রনারায়ণ রায়চৌধুরীর ছিল তিন পুত্রসন্তান। তাঁরা হলেন রণেন্দ্রনারায়ণ রায়চৌধুরী, রমেন্দ্রনারায়ণ রায়চৌধুরী এবং রবীন্দ্রনারায়ণ রায়চৌধুরী। ১৯০১ সালে রাজেন্দ্রনারায়ণের মৃত্যু হয়। এই সময় তাঁর তিনপুত্র সন্তানই ছিলেন নাবালক। সে কারণে জমিদারিটি একবার ১৯০১ সালে এবং আর একবার ১৯০৪ সালে কোর্ট অব ওয়ার্ডসের অধীনে চলে যায়। রাজেন্দ্রনারায়ণের তিন পুত্র সন্তানকেই একজন ইউরোপীয় গৃহ-শিক্ষক লেখাপড়া শেখাতেন। তাঁর বক্তব্য অনুযায়ী, তিন পুত্রই ছিলেন অজ্ঞ ও ইন্দ্রিয়পরায়ণ, লেখাপড়া ও নৈতিক শিক্ষার প্রতি অত্যন্ত অমনোযোগী। একবার দ্বিতীয় পুত্র রমেন্দ্রনারায়ণ চিকিৎসার জন্য দার্জিলিং গমন করেন। সেখানে তাঁকে মৃত বলে ঘোষণা করা হয় এবং যথারীতি দাহ করা হয় বলেও দাবী করা হয়। অপর দুই পুত্রও খুব অল্প সময়ের মধ্যেই মৃত্যুবরণ করেন এবং পরিবারটি পুত্র সন্তানবিহীন অবস্থায় নিঃশেষ হয়ে যাওয়ার উপক্রম হয়। কিন্তু প্রকৃতপক্ষে দ্বিতীয় পুত্র সন্তানটি নিখোঁজ হয়ে গিয়েছিলেন এবং তিনি বহুদিন যাবৎ সন্ন্যাসী হিসেবে জীবন যাপন করেন। পরিশেষে ১৯২০ সালের শেষের দিকে তিনি নাটকীয়ভাবে দারুণ সাড়া জাগিয়ে প্রায় ১২ বছর পর ঢাকায় এসে উপস্থিত হন এবং তার জমিদারি দাবি করেন। এভাবেই ১৯৩৫ সালে শুরু হয় বিখ্যাত ভাওয়াল সন্ন্যাসী মামলা, যা সমগ্র বাংলায়, এমনকি বাংলার বাইরেও প্রায় এক যুগ ধরে খবরের কাগজে সংবাদ এবং নানা ধরনের গল্প গুজবের প্রধান উপাদান হয়ে থাকে। এমনকি ঘটনাটি সারা ভারতবর্ষে বিভিন্ন ভাষায় সাহিত্য, নাটক এবং সিনেমারও বিষয়বস্তু হয়। ভাওয়াল সন্ন্যাসী মামলার পরে জমিদারির উত্তরাধিকারের বিষয়টি শেষ পর্যন্ত জটিল হয়ে পড়ে এবং ফলে এর ব্যবস্থাপনা ১৯৫১ সালে জমিদারি প্রথা বাতিল না হওয়া পর্যন্ত কোর্ট অব ওয়ার্ডসের অধীনেই থেকে যায়। যেহেতু উত্তরাধিকারী নিয়ে বহু জটিলতা ছিল এবং জমিদারি সংক্রান্ত বহু মামলাও অমীমাংসিত ছিল, সে কারণে জমিদারি প্রথা বিলুপ্ত ঘোষণার পরেও এর বিষয়-সম্পত্তি বা দায়-দায়িত্ব যথাযথভাবে বণ্টন করা সম্ভব হয় নি। ফলে পাকিস্তান আমলেও জমিদারিটি কোর্ট অব ওয়ার্ডসের অধীনেই থাকে। বর্তমানে ভাওয়াল এস্টেটের কর্মকাণ্ড গণপ্রজাতন্ত্রী বাংলাদেশ সরকারের ভূমি সংস্কার বোর্ড পরিচালনা করে।",ভাওয়াল সন্ন্যাসী মামলা কবে শেষ হয় ?,১৯৫১ সালে,ভাওয়াল সন্ন্যাসী মামলা মূলত ১৯৩৫ সালেই শেষ হয়।,0.852966,no,"[""ভাওয়াল সন্ন্যাসী মামলা ২০২০ সালে শেষ হয়েছিল।"", ""ভাওয়াল সন্ন্যাসী মামলাটি ২০১৮ সালে শেষ হয়েছিল।"", ""ভাওয়াল সন্ন্যাসীর মামলা ২০১৯ সালে শেষ হয়েছিল।"", ""ভাওয়াল সন্ন্যাসীর মামলা ২০১৯ সালে শেষ হয়েছিল।"", ""ভাওয়াল সন্ন্যাসী মামলা ২০২০ সালের মার্চ মাসে শেষ হয়ে যায়।""]"
bengali--602111576961978859-5::inference,bengali--602111576961978859-5,inference,"ভাওয়াল এস্টেটের সর্বশেষ ক্ষমতাবান জমিদার ছিলেন রাজা রাজেন্দ্রনারায়ণ রায়চৌধুরী। কালীপ্রসন্ন ঘোষ ছিলেন তাঁর দীউয়ান। উল্লেখ্য যে, কালীপ্রসন্ন ঘোষ ঊনবিংশ শতাব্দীর একজন খ্যাতিমান লেখক ছিলেন। রাজেন্দ্রনারায়ণ রায়চৌধুরীর ছিল তিন পুত্রসন্তান। তাঁরা হলেন রণেন্দ্রনারায়ণ রায়চৌধুরী, রমেন্দ্রনারায়ণ রায়চৌধুরী এবং রবীন্দ্রনারায়ণ রায়চৌধুরী। ১৯০১ সালে রাজেন্দ্রনারায়ণের মৃত্যু হয়। এই সময় তাঁর তিনপুত্র সন্তানই ছিলেন নাবালক। সে কারণে জমিদারিটি একবার ১৯০১ সালে এবং আর একবার ১৯০৪ সালে কোর্ট অব ওয়ার্ডসের অধীনে চলে যায়। রাজেন্দ্রনারায়ণের তিন পুত্র সন্তানকেই একজন ইউরোপীয় গৃহ-শিক্ষক লেখাপড়া শেখাতেন। তাঁর বক্তব্য অনুযায়ী, তিন পুত্রই ছিলেন অজ্ঞ ও ইন্দ্রিয়পরায়ণ, লেখাপড়া ও নৈতিক শিক্ষার প্রতি অত্যন্ত অমনোযোগী। একবার দ্বিতীয় পুত্র রমেন্দ্রনারায়ণ চিকিৎসার জন্য দার্জিলিং গমন করেন। সেখানে তাঁকে মৃত বলে ঘোষণা করা হয় এবং যথারীতি দাহ করা হয় বলেও দাবী করা হয়। অপর দুই পুত্রও খুব অল্প সময়ের মধ্যেই মৃত্যুবরণ করেন এবং পরিবারটি পুত্র সন্তানবিহীন অবস্থায় নিঃশেষ হয়ে যাওয়ার উপক্রম হয়। কিন্তু প্রকৃতপক্ষে দ্বিতীয় পুত্র সন্তানটি নিখোঁজ হয়ে গিয়েছিলেন এবং তিনি বহুদিন যাবৎ সন্ন্যাসী হিসেবে জীবন যাপন করেন। পরিশেষে ১৯২০ সালের শেষের দিকে তিনি নাটকীয়ভাবে দারুণ সাড়া জাগিয়ে প্রায় ১২ বছর পর ঢাকায় এসে উপস্থিত হন এবং তার জমিদারি দাবি করেন। এভাবেই ১৯৩৫ সালে শুরু হয় বিখ্যাত ভাওয়াল সন্ন্যাসী মামলা, যা সমগ্র বাংলায়, এমনকি বাংলার বাইরেও প্রায় এক যুগ ধরে খবরের কাগজে সংবাদ এবং নানা ধরনের গল্প গুজবের প্রধান উপাদান হয়ে থাকে। এমনকি ঘটনাটি সারা ভারতবর্ষে বিভিন্ন ভাষায় সাহিত্য, নাটক এবং সিনেমারও বিষয়বস্তু হয়। ভাওয়াল সন্ন্যাসী মামলার পরে জমিদারির উত্তরাধিকারের বিষয়টি শেষ পর্যন্ত জটিল হয়ে পড়ে এবং ফলে এর ব্যবস্থাপনা ১৯৫১ সালে জমিদারি প্রথা বাতিল না হওয়া পর্যন্ত কোর্ট অব ওয়ার্ডসের অধীনেই থেকে যায়। যেহেতু উত্তরাধিকারী নিয়ে বহু জটিলতা ছিল এবং জমিদারি সংক্রান্ত বহু মামলাও অমীমাংসিত ছিল, সে কারণে জমিদারি প্রথা বিলুপ্ত ঘোষণার পরেও এর বিষয়-সম্পত্তি বা দায়-দায়িত্ব যথাযথভাবে বণ্টন করা সম্ভব হয় নি। ফলে পাকিস্তান আমলেও জমিদারিটি কোর্ট অব ওয়ার্ডসের অধীনেই থাকে। বর্তমানে ভাওয়াল এস্টেটের কর্মকাণ্ড গণপ্রজাতন্ত্রী বাংলাদেশ সরকারের ভূমি সংস্কার বোর্ড পরিচালনা করে।",ভাওয়াল সন্ন্যাসী মামলা কবে শেষ হয় ?,১৯৫১ সালে,ভাওয়াল সন্ন্যাসী মামলা সম্ভবত ১৯৩৫ সালে শেষ হয়।,0.936787,no,"[""ভাওয়াল সন্ন্যাসী মামলা ২০২০ সালে শেষ হয়েছিল।"", ""ভাওয়াল সন্ন্যাসীর মামলাটি ২০২১ সালে শেষ হয়েছিল।"", ""ভাওয়াল সন্ন্যাসী মামলাটি ২০১৭ সালে শেষ হয়েছিল।"", ""ভাওয়াল সন্ন্যাসী মামলাটি ২০২০ সালে শেষ হয়েছিল।"", ""ভাওয়াল সন্ন্যাসী মামলাটি ২০১৬ সালে শেষ হয়েছিল।""]"
bengali-2219441392212686141-0::factualness,bengali-2219441392212686141-0,factualness,"ভুবন চিল, বাদামি চিল, গোদা চিল, ডোম চিল (বৈজ্ঞানিক নাম: Milvus migrans) (English: Black Kite) বা কেবলই চিল Accipitridae (অ্যাক্সিপিট্রিডি) গোত্র বা পরিবারের অন্তর্গত Milvus (মিলভাস) গণের এক প্রজাতির মাঝারি আকারের সুলভ শিকারী পাখি।[1][2] ভুবন চিলের বৈজ্ঞানিক নামের অর্থ পরিযায়ী চিল (গ্রিক Milvus = চিল, migrans = পরিযায়ন)।[2] সাঁওতালি ভাষায় ভুবন চিলের নাম কুরিত, সিংহলিতে রাজালিয়া, অসমিয়ায় চিলানা ও মুগাচারানি; সিন্ধিতে নাম সিরিউন।[3]",ভুবন চিলের বৈজ্ঞানিক নাম কী ?,Milvus migrans,ভুবন চিলের বৈজ্ঞানিক নাম **Milvus milvus**।,0.501938,yes,"[""ভুবন চিলের বৈজ্ঞানিক নাম Sicalis philipensis."", ""ভুবন চিলের বৈজ্ঞানিক নাম Strychinas draco।"", ""ভুবন চিলের বৈজ্ঞানিক নাম Scaurus bubo."", ""ভুবন চিলের বৈজ্ঞানিক নাম Sicalis philippensis."", ""ভুবন চিলের বৈজ্ঞানিক নাম \""Corymbia macrans\""।""]"
bengali-2219441392212686141-0::comprehension,bengali-2219441392212686141-0,comprehension,"ভুবন চিল, বাদামি চিল, গোদা চিল, ডোম চিল (বৈজ্ঞানিক নাম: Milvus migrans) (English: Black Kite) বা কেবলই চিল Accipitridae (অ্যাক্সিপিট্রিডি) গোত্র বা পরিবারের অন্তর্গত Milvus (মিলভাস) গণের এক প্রজাতির মাঝারি আকারের সুলভ শিকারী পাখি।[1][2] ভুবন চিলের বৈজ্ঞানিক নামের অর্থ পরিযায়ী চিল (গ্রিক Milvus = চিল, migrans = পরিযায়ন)।[2] সাঁওতালি ভাষায় ভুবন চিলের নাম কুরিত, সিংহলিতে রাজালিয়া, অসমিয়ায় চিলানা ও মুগাচারানি; সিন্ধিতে নাম সিরিউন।[3]",ভুবন চিলের বৈজ্ঞানিক নাম কী ?,Milvus migrans,Milvus মিলভাস,0.538926,yes,"[""ভুবন চিলের বৈজ্ঞানিক নাম Sclerocarya birrea।"", ""ভুবন চিলের বৈজ্ঞানিক নাম Sturnus vulgaris."", ""ভুবন চিলের বৈজ্ঞানিক নাম Sturnus vulgaris."", ""ভুবন চিলের বৈজ্ঞানিক নাম Syzygium cuminii।"", ""ভুবন চিলের বৈজ্ঞানিক নাম Erythrina indica।""]"
bengali-2219441392212686141-0::specificity,bengali-2219441392212686141-0,specificity,"ভুবন চিল, বাদামি চিল, গোদা চিল, ডোম চিল (বৈজ্ঞানিক নাম: Milvus migrans) (English: Black Kite) বা কেবলই চিল Accipitridae (অ্যাক্সিপিট্রিডি) গোত্র বা পরিবারের অন্তর্গত Milvus (মিলভাস) গণের এক প্রজাতির মাঝারি আকারের সুলভ শিকারী পাখি।[1][2] ভুবন চিলের বৈজ্ঞানিক নামের অর্থ পরিযায়ী চিল (গ্রিক Milvus = চিল, migrans = পরিযায়ন)।[2] সাঁওতালি ভাষায় ভুবন চিলের নাম কুরিত, সিংহলিতে রাজালিয়া, অসমিয়ায় চিলানা ও মুগাচারানি; সিন্ধিতে নাম সিরিউন।[3]",ভুবন চিলের বৈজ্ঞানিক নাম কী ?,Milvus migrans,ভুবন চিলের বৈজ্ঞানিক নাম সাধারণত মিলভাস গণের একটি চিল হিসেবে উল্লেখ করা হয়।,0.660324,yes,"[""ভুবন চিলের বৈজ্ঞানিক নাম Columba livia।"", ""ভুবন চিলের বৈজ্ঞানিক নাম Columba livia।"", ""ভুবন চিলের বৈজ্ঞানিক নাম Camptotheca acuminata."", ""ভুবন চিলের বৈজ্ঞানিক নাম Columba livia।"", ""ভুবন চিলের বৈজ্ঞানিক নাম Sturnus vulgaris.""]"
bengali-2219441392212686141-0::inference,bengali-2219441392212686141-0,inference,"ভুবন চিল, বাদামি চিল, গোদা চিল, ডোম চিল (বৈজ্ঞানিক নাম: Milvus migrans) (English: Black Kite) বা কেবলই চিল Accipitridae (অ্যাক্সিপিট্রিডি) গোত্র বা পরিবারের অন্তর্গত Milvus (মিলভাস) গণের এক প্রজাতির মাঝারি আকারের সুলভ শিকারী পাখি।[1][2] ভুবন চিলের বৈজ্ঞানিক নামের অর্থ পরিযায়ী চিল (গ্রিক Milvus = চিল, migrans = পরিযায়ন)।[2] সাঁওতালি ভাষায় ভুবন চিলের নাম কুরিত, সিংহলিতে রাজালিয়া, অসমিয়ায় চিলানা ও মুগাচারানি; সিন্ধিতে নাম সিরিউন।[3]",ভুবন চিলের বৈজ্ঞানিক নাম কী ?,Milvus migrans,ভুবন চিলের বৈজ্ঞানিক নাম সম্ভবত **Accipitridae milvus**।,0.538093,yes,"[""ভুবন চিলের বৈজ্ঞানিক নাম Sycanus murguilda।"", ""ভুবন চিলের বৈজ্ঞানিক নাম Columba livia।"", ""ভুবন চিলের বৈজ্ঞানিক নাম Sycamore হিসাবে পরিচিত।"", ""ভুবন চিলের বৈজ্ঞানিক নাম Spheniscus mendiculus।"", ""ভুবন চিলের বৈজ্ঞানিক নাম Sycamore পাস্তা।""]"
bengali-2401284065373388325-2::factualness,bengali-2401284065373388325-2,factualness,"প্রাগৈতিহাসিক যুগে গণনার যন্ত্র উদ্ভাবিত বিভিন্ন প্রচেষ্টাকে কম্পিউটার ইতিহাস হিসেবে ধরা হয়। প্রাচীন কালে মানুষ একসময় সংখ্যা বুঝানোর জন্য ঝিনুক, নুড়ি, দড়ির গিট ইত্যাদি ব্যবহার করত। পরবর্তীতে গণনার কাজে বিভিন্ন কৌশল ও যন্ত্র ব্যবহার করে থাকলেও অ্যাবাকাস (Abacus) নামক একটি প্রাচীন গণনা যন্ত্রকেই কম্পিউটারের ইতিহাসে প্রথম যন্ত্র হিসেবে ধরা হয়। এটি আবিষ্কৃত হয় খ্রিষ্টপূর্ব ২৪০০ সালে ব্যাবিলনে। অ্যাবাকাস ফ্রেমে সাজানো গুটির স্থান পরিবর্তন করে গননা করার যন্ত্র। খ্রিস্টপূর্ব ৪৫০/৫০০ অব্দে মিশরে বা চীনে গননা যন্ত্র হিসেবে অ্যাবাকাস তৈরি হয়।",বিশ্বের প্রথম কম্পিউটারের নাম কী ছিল ?,অ্যাবাকাস,বিশ্বের প্রথম কম্পিউটারের নাম ছিল এনিয়াক।,0.749471,yes,"[""বিশ্বের প্রথম কম্পিউটারের নাম ENIAC।"", ""বিশ্বের প্রথম কম্পিউটারের নাম ব্রেন্টল (Eniac) ছিল।"", ""বিশ্বের প্রথম কম্পিউটারের নাম ENIAC ছিল।"", ""বিশ্বের প্রথম কম্পিউটারের নাম আনোলন ছিল।"", ""বিশ্বের প্রথম কম্পিউটারের নাম এনেক্স-১ (ENIAC)।""]"
bengali-2401284065373388325-2::comprehension,bengali-2401284065373388325-2,comprehension,"প্রাগৈতিহাসিক যুগে গণনার যন্ত্র উদ্ভাবিত বিভিন্ন প্রচেষ্টাকে কম্পিউটার ইতিহাস হিসেবে ধরা হয়। প্রাচীন কালে মানুষ একসময় সংখ্যা বুঝানোর জন্য ঝিনুক, নুড়ি, দড়ির গিট ইত্যাদি ব্যবহার করত। পরবর্তীতে গণনার কাজে বিভিন্ন কৌশল ও যন্ত্র ব্যবহার করে থাকলেও অ্যাবাকাস (Abacus) নামক একটি প্রাচীন গণনা যন্ত্রকেই কম্পিউটারের ইতিহাসে প্রথম যন্ত্র হিসেবে ধরা হয়। এটি আবিষ্কৃত হয় খ্রিষ্টপূর্ব ২৪০০ সালে ব্যাবিলনে। অ্যাবাকাস ফ্রেমে সাজানো গুটির স্থান পরিবর্তন করে গননা করার যন্ত্র। খ্রিস্টপূর্ব ৪৫০/৫০০ অব্দে মিশরে বা চীনে গননা যন্ত্র হিসেবে অ্যাবাকাস তৈরি হয়।",বিশ্বের প্রথম কম্পিউটারের নাম কী ছিল ?,অ্যাবাকাস,এনিয়াক ছিল বিশ্বের প্রথম কম্পিউটার।,0.755545,no,"[""বিশ্বের প্রথম কম্পিউটারের নাম এনিক্স (ENIAC) ছিল।"", ""বিশ্বের প্রথম কম্পিউটারের নাম ENIAC।"", ""বিশ্বের প্রথম কম্পিউটারের নাম ENIAC ছিল।"", ""বিশ্বের প্রথম কম্পিউটারের নাম উইন্টম 1 ছিল।"", ""বিশ্বের প্রথম কম্পিউটারের নাম এনিলগ মাক্সিমান (ENIAC)।""]"
bengali-2401284065373388325-2::specificity,bengali-2401284065373388325-2,specificity,"প্রাগৈতিহাসিক যুগে গণনার যন্ত্র উদ্ভাবিত বিভিন্ন প্রচেষ্টাকে কম্পিউটার ইতিহাস হিসেবে ধরা হয়। প্রাচীন কালে মানুষ একসময় সংখ্যা বুঝানোর জন্য ঝিনুক, নুড়ি, দড়ির গিট ইত্যাদি ব্যবহার করত। পরবর্তীতে গণনার কাজে বিভিন্ন কৌশল ও যন্ত্র ব্যবহার করে থাকলেও অ্যাবাকাস (Abacus) নামক একটি প্রাচীন গণনা যন্ত্রকেই কম্পিউটারের ইতিহাসে প্রথম যন্ত্র হিসেবে ধরা হয়। এটি আবিষ্কৃত হয় খ্রিষ্টপূর্ব ২৪০০ সালে ব্যাবিলনে। অ্যাবাকাস ফ্রেমে সাজানো গুটির স্থান পরিবর্তন করে গননা করার যন্ত্র। খ্রিস্টপূর্ব ৪৫০/৫০০ অব্দে মিশরে বা চীনে গননা যন্ত্র হিসেবে অ্যাবাকাস তৈরি হয়।",বিশ্বের প্রথম কম্পিউটারের নাম কী ছিল ?,অ্যাবাকাস,বিশ্বের প্রথম কম্পিউটারের নাম ছিল সম্ভবত ব্যাবিলনীয় গণনা ফ্রেম।,0.740654,yes,"[""বিশ্বের প্রথম কম্পিউটারের নাম ভাইকি বা ENIAC ছিল।"", ""বিশ্বের প্রথম কম্পিউটারের নাম জেনারেল কম্পিউটার অ্যারেন্স (BINAC)."", ""বিশ্বের প্রথম কম্পিউটারের নাম অনবেরোড (ENIAC)।"", ""বিশ্বের প্রথম কম্পিউটারের নাম এনিয়াম্যান হোল্যান্ডিক লেভেল্স (ENIAC)।"", ""বিশ্বের প্রথম কম্পিউটারের নাম জেনারেল কার্যক্ষমতাচরিত্র (ENIAC) ছিল।""]"
bengali-2401284065373388325-2::inference,bengali-2401284065373388325-2,inference,"প্রাগৈতিহাসিক যুগে গণনার যন্ত্র উদ্ভাবিত বিভিন্ন প্রচেষ্টাকে কম্পিউটার ইতিহাস হিসেবে ধরা হয়। প্রাচীন কালে মানুষ একসময় সংখ্যা বুঝানোর জন্য ঝিনুক, নুড়ি, দড়ির গিট ইত্যাদি ব্যবহার করত। পরবর্তীতে গণনার কাজে বিভিন্ন কৌশল ও যন্ত্র ব্যবহার করে থাকলেও অ্যাবাকাস (Abacus) নামক একটি প্রাচীন গণনা যন্ত্রকেই কম্পিউটারের ইতিহাসে প্রথম যন্ত্র হিসেবে ধরা হয়। এটি আবিষ্কৃত হয় খ্রিষ্টপূর্ব ২৪০০ সালে ব্যাবিলনে। অ্যাবাকাস ফ্রেমে সাজানো গুটির স্থান পরিবর্তন করে গননা করার যন্ত্র। খ্রিস্টপূর্ব ৪৫০/৫০০ অব্দে মিশরে বা চীনে গননা যন্ত্র হিসেবে অ্যাবাকাস তৈরি হয়।",বিশ্বের প্রথম কম্পিউটারের নাম কী ছিল ?,অ্যাবাকাস,বিশ্বের প্রথম কম্পিউটারের নাম ছিল **ব্যাবিলন গণনা ফ্রেম**।,0.492306,yes,"[""বিশ্বের প্রথম কম্পিউটারের নাম এনিউজিএন-1 (ENIAC)।"", ""বিশ্বের প্রথম কম্পিউটারের নাম 'এনেক্সা প্রো' ছিল।"", ""বিশ্বের প্রথম কম্পিউটারের নাম উইন্সটন ছিল।"", ""বিশ্বের প্রথম কম্পিউটারের নাম ENIAC ছিল।"", ""বিশ্বের প্রথম কম্পিউটারের নাম জেনারেল""]"
bengali--8333329746315209159-0::factualness,bengali--8333329746315209159-0,factualness,"খুলনা প্রকৌশল ও প্রযুক্তি বিশ্ববিদ্যালয় (কুয়েট) বাংলাদেশের একটি অন্যতম সরকারি প্রকৌশল বিশ্ববিদ্যালয়। এটি বাংলাদেশের দক্ষিণাঞ্চলের খুলনা বিভাগের খুলনা জেলায় অবস্থিত। পূর্বে এর নাম ছিল বাংলাদেশ ইন্সটিটিউট অফ টেকনোলজি, খুলনা ও তারও আগে, খুলনা প্রকৌশল মহাবিদ্যালয়। এটি বাংলাদেশের শ্রেষ্ঠ বিশ্ববিদ্যালয়গুলোর অন্যতম। এখানে প্রায় ৬ হাজার জন ছাত্রছাত্রী স্নাতক ও স্নাতকোত্তর প্রকৌশল ও বিজ্ঞান নিয়ে পড়াশোনা করছে। এখানকার শিক্ষক সংখ্যা ৩২০-এরও অধিক। এছাড়া ১৩২ জন কর্মকর্তা ও ২৯২ জন কর্মচারী আছে। বিশ্ববিদ্যালয়টির অঙ্গন সম্প্রসারণে নতুন কিছু ভবন তৈরি করা হয়েছে যেমন- একাডেমিক ভবন, অডিটোরিয়াম কমপ্লেক্স, ছাত্রাবাস, গ্রন্থাগার, শিক্ষক ডরমিটরি ভবন ইত্যাদি এবং আরও কিছু ভবনের নির্মাণ কাজ চলছে। বিশ্ববিদ্যালয়ের ক্যাম্পাস খুলনা শহর থেকে ১৪ কি.মি. উত্তরে, যশোর-খুলনা মহাসড়কের পাশে ফুলবাড়ীগেটে অবস্থিত।",বর্তমানে খুলনা প্রকৌশল ও প্রযুক্তি বিশ্ববিদ্যালয়ের মোট ছাত্রছাত্রীর সংখ্যা কত ?,প্রায় ৬ হাজার,প্রায় ৭ হাজারের বেশি,0.595407,yes,"[""খুলনা প্রকৌশল ও প্রযুক্তি বিশ্ববিদ্যালয়ের বর্তমান ছাত্রছাত্রীর সংখ্যা প্রায় ১৫,০০০।"", ""খুলনা প্রকৌশল ও প্রযুক্তি বিশ্ববিদ্যালয়ের বর্তমান ছাত্র-ছাত্রী সংখ্যা আproximately 20,000।"", ""খুলনা প্রকৌশল ও প্রযুক্তি বিশ্ববিদ্যালয়ের বর্তমান ছাত্রছাত্রী সংখ্যা প্রায় ১৪,০০০।"", ""খুলনা প্রকৌশল ও প্রযুক্তি বিশ্ববিদ্যালয়ের বর্তমান ছাত্রছাত্রীর সংখ্যা প্রায় ১৪,০০০।"", ""খুলনা প্রকৌশল ও প্রযুক্তি বিশ্ববিদ্যালয়ের বর্তমান ছাত্রছাত্রীর সংখ্যা কেন্দ্রীয় শিক্ষাবোর্ডের অ hostel data portal থেকে প্রাপ্ত মেয়""]"
bengali--8333329746315209159-0::comprehension,bengali--8333329746315209159-0,comprehension,"খুলনা প্রকৌশল ও প্রযুক্তি বিশ্ববিদ্যালয় (কুয়েট) বাংলাদেশের একটি অন্যতম সরকারি প্রকৌশল বিশ্ববিদ্যালয়। এটি বাংলাদেশের দক্ষিণাঞ্চলের খুলনা বিভাগের খুলনা জেলায় অবস্থিত। পূর্বে এর নাম ছিল বাংলাদেশ ইন্সটিটিউট অফ টেকনোলজি, খুলনা ও তারও আগে, খুলনা প্রকৌশল মহাবিদ্যালয়। এটি বাংলাদেশের শ্রেষ্ঠ বিশ্ববিদ্যালয়গুলোর অন্যতম। এখানে প্রায় ৬ হাজার জন ছাত্রছাত্রী স্নাতক ও স্নাতকোত্তর প্রকৌশল ও বিজ্ঞান নিয়ে পড়াশোনা করছে। এখানকার শিক্ষক সংখ্যা ৩২০-এরও অধিক। এছাড়া ১৩২ জন কর্মকর্তা ও ২৯২ জন কর্মচারী আছে। বিশ্ববিদ্যালয়টির অঙ্গন সম্প্রসারণে নতুন কিছু ভবন তৈরি করা হয়েছে যেমন- একাডেমিক ভবন, অডিটোরিয়াম কমপ্লেক্স, ছাত্রাবাস, গ্রন্থাগার, শিক্ষক ডরমিটরি ভবন ইত্যাদি এবং আরও কিছু ভবনের নির্মাণ কাজ চলছে। বিশ্ববিদ্যালয়ের ক্যাম্পাস খুলনা শহর থেকে ১৪ কি.মি. উত্তরে, যশোর-খুলনা মহাসড়কের পাশে ফুলবাড়ীগেটে অবস্থিত।",বর্তমানে খুলনা প্রকৌশল ও প্রযুক্তি বিশ্ববিদ্যালয়ের মোট ছাত্রছাত্রীর সংখ্যা কত ?,প্রায় ৬ হাজার,বর্তমানে খুলনা প্রকৌশল ও প্রযুক্তি বিশ্ববিদ্যালয়ের মোট ছাত্রছাত্রীর সংখ্যা প্রায় ৩২০ জন।,0.537648,yes,"[""খুলনা প্রকৌশল ও প্রযুক্তি বিশ্ববিদ্যালয়ের বর্তমান ছাত্রছাত্রী সংখ্যা প্রায় ১৭,০০০।"", ""খুলনা প্রকৌশল ও প্রযুক্তি বিশ্ববিদ্যালয়ের বর্তমান ছাত্রছাত্রী সংখ্যা আনুমানিক 10,000 এর কিছু বেশি।"", ""খুলনা প্রকৌশল ও প্রযুক্তি বিশ্ববিদ্যালয়ের বর্তমান ছাত্রছাত্রীর সংখ্যা আসন্ন 12,000।"", ""খুলনা প্রকৌশল ও প্রযুক্তি বিশ্ববিদ্যালয়ের বর্তমান ছাত্রছাত্রীর সংখ্যা প্রায় ১২,০০০ জন।"", ""খুলনা প্রকৌশল ও প্রযুক্তি বিশ্ববিদ্যালয়ের বর্তমান ছাত্রছাত্রীর সংখ্যা আধুনিক তথ্য নেই, কিন্তু এটি সাধারণত ১৫-২০ হাজ""]"
bengali--8333329746315209159-0::specificity,bengali--8333329746315209159-0,specificity,"খুলনা প্রকৌশল ও প্রযুক্তি বিশ্ববিদ্যালয় (কুয়েট) বাংলাদেশের একটি অন্যতম সরকারি প্রকৌশল বিশ্ববিদ্যালয়। এটি বাংলাদেশের দক্ষিণাঞ্চলের খুলনা বিভাগের খুলনা জেলায় অবস্থিত। পূর্বে এর নাম ছিল বাংলাদেশ ইন্সটিটিউট অফ টেকনোলজি, খুলনা ও তারও আগে, খুলনা প্রকৌশল মহাবিদ্যালয়। এটি বাংলাদেশের শ্রেষ্ঠ বিশ্ববিদ্যালয়গুলোর অন্যতম। এখানে প্রায় ৬ হাজার জন ছাত্রছাত্রী স্নাতক ও স্নাতকোত্তর প্রকৌশল ও বিজ্ঞান নিয়ে পড়াশোনা করছে। এখানকার শিক্ষক সংখ্যা ৩২০-এরও অধিক। এছাড়া ১৩২ জন কর্মকর্তা ও ২৯২ জন কর্মচারী আছে। বিশ্ববিদ্যালয়টির অঙ্গন সম্প্রসারণে নতুন কিছু ভবন তৈরি করা হয়েছে যেমন- একাডেমিক ভবন, অডিটোরিয়াম কমপ্লেক্স, ছাত্রাবাস, গ্রন্থাগার, শিক্ষক ডরমিটরি ভবন ইত্যাদি এবং আরও কিছু ভবনের নির্মাণ কাজ চলছে। বিশ্ববিদ্যালয়ের ক্যাম্পাস খুলনা শহর থেকে ১৪ কি.মি. উত্তরে, যশোর-খুলনা মহাসড়কের পাশে ফুলবাড়ীগেটে অবস্থিত।",বর্তমানে খুলনা প্রকৌশল ও প্রযুক্তি বিশ্ববিদ্যালয়ের মোট ছাত্রছাত্রীর সংখ্যা কত ?,প্রায় ৬ হাজার,বর্তমানে কুয়েটে মোট ছাত্রছাত্রীর সংখ্যা ১০ হাজারেরও বেশি।,0.823992,no,"[""খুলনা প্রকৌশল ও প্রযুক্তি বিশ্ববিদ্যালয়ের বর্তমান ছাত্রছাত্রীর সংখ্যা আসলে ১৪,৫৩৪ (২০২১-এর মৌসুমে)।"", ""খুলনা প্রকৌশল ও প্রযুক্তি বিশ্ববিদ্যালয়ের বর্তমান ছাত্রছাত্রীর সংখ্যা প্রায় ১২,০০০ জন।"", ""খুলনা প্রকৌশল ও প্রযুক্তি বিশ্ববিদ্যালয়ের বর্তমান ছাত্রছাত্রীর সংখ্যা কাছাকাছি ১৭,০০০ জন।"", ""খুলনা প্রকৌশল ও প্রযুক্তি বিশ্ববিদ্যালয়ের বর্তমান ছাত্রছাত্রীর সংখ্যা প্রায় ১২,০০০।"", ""খুলনা প্রকৌশল ও প্রযুক্তি বিশ্ববিদ্যালয়ের বর্তমান ছাত্রছাত্রী সংখ্যা প্রায় ১৭,০০০।""]"
bengali--8333329746315209159-0::inference,bengali--8333329746315209159-0,inference,"খুলনা প্রকৌশল ও প্রযুক্তি বিশ্ববিদ্যালয় (কুয়েট) বাংলাদেশের একটি অন্যতম সরকারি প্রকৌশল বিশ্ববিদ্যালয়। এটি বাংলাদেশের দক্ষিণাঞ্চলের খুলনা বিভাগের খুলনা জেলায় অবস্থিত। পূর্বে এর নাম ছিল বাংলাদেশ ইন্সটিটিউট অফ টেকনোলজি, খুলনা ও তারও আগে, খুলনা প্রকৌশল মহাবিদ্যালয়। এটি বাংলাদেশের শ্রেষ্ঠ বিশ্ববিদ্যালয়গুলোর অন্যতম। এখানে প্রায় ৬ হাজার জন ছাত্রছাত্রী স্নাতক ও স্নাতকোত্তর প্রকৌশল ও বিজ্ঞান নিয়ে পড়াশোনা করছে। এখানকার শিক্ষক সংখ্যা ৩২০-এরও অধিক। এছাড়া ১৩২ জন কর্মকর্তা ও ২৯২ জন কর্মচারী আছে। বিশ্ববিদ্যালয়টির অঙ্গন সম্প্রসারণে নতুন কিছু ভবন তৈরি করা হয়েছে যেমন- একাডেমিক ভবন, অডিটোরিয়াম কমপ্লেক্স, ছাত্রাবাস, গ্রন্থাগার, শিক্ষক ডরমিটরি ভবন ইত্যাদি এবং আরও কিছু ভবনের নির্মাণ কাজ চলছে। বিশ্ববিদ্যালয়ের ক্যাম্পাস খুলনা শহর থেকে ১৪ কি.মি. উত্তরে, যশোর-খুলনা মহাসড়কের পাশে ফুলবাড়ীগেটে অবস্থিত।",বর্তমানে খুলনা প্রকৌশল ও প্রযুক্তি বিশ্ববিদ্যালয়ের মোট ছাত্রছাত্রীর সংখ্যা কত ?,প্রায় ৬ হাজার,বর্তমানে খুলনা প্রকৌশল ও প্রযুক্তি বিশ্ববিদ্যালয়ের মোট ছাত্রছাত্রীর সংখ্যা প্রায় ৩২০ জন।,0.717125,yes,"[""খুলনা প্রকৌশল ও প্রযুক্তি বিশ্ববিদ্যালয়ের বর্তমান ছাত্র-ছাত্রীর সংখ্যা প্রায় ১ৰ্ব্ব ৬,০০০।"", ""খুলনা প্রকৌশল ও প্রযুক্তি বিশ্ববিদ্যালয়ের বর্তমান ছাত্রছাত্রীর সংখ্যা প্রায় ১১,০০০।"", ""খুলনা প্রকৌশল ও প্রযুক্তি বিশ্ববিদ্যালয়ের বর্তমান ছাত্রছাত্রী সংখ্যা প্রায় ১৭,৫০০।"", ""খুলনা প্রকৌশল ও প্রযুক্তি বিশ্ববিদ্যালয়ের বর্তমান ছাত্রছাত্রী সংখ্যা দুই হাজারের কাছাকাছি।"", ""খুলনা প্রকৌশল ও প্রযুক্তি বিশ্ববিদ্যালয়ের বর্তমান ছাত্রছাত্রীর সংখ্যা প্রায় 10,500।""]"
bengali-4749857637773712091-5::factualness,bengali-4749857637773712091-5,factualness,"ফাগ-মো-গ্রু-পা রাজবংশের প্রতিষ্ঠাতা তা'ই-সি-তু-ব্যাং-ছুব-র্গ্যাল-ম্ত্শানের উদ্দেশ্য ছিল ট্যাং রাজবংশের আমলে তিব্বত সাম্রাজ্যের অতীত গৌরব ফিরিয়ে এনে তিব্বতীদের মধ্যে জাতীয়তাবাদী মনোভাব সৃষ্টি করা এবং তিব্বতে মঙ্গোল শাসনের অবসান ঘটানো।[54]:২৬২ তিনি তিব্বত সাম্রাজ্যের মহান সম্রাট স্রোং-ব্ত্সন-স্গাম-পোর প্রশাসনিক ব্যবস্থা ও বিচারব্যবস্থার নীতি গ্রহণ করেন।[55]:৫০৪ তিনি ইউয়ান সাম্রাজ্যের দ্বারা প্রচলিত তিব্বতের তেরোটি প্রশাসনিক বিভাগকে বাতিল করে মধ্য তিব্বতকে বিভিন্ন র্দ্জোং (Wylie: rdzong) বা জেলায় বিভক্ত করেন।[55]:৫০৪র্দ্জোং-দ্পোন (Wylie: rdzong dpon) জেলার প্রধানদের প্রাচীন তিব্বত সাম্রাজ্যের সময়ের রীতিনীতি ও আচার অনুষ্ঠান পালন করতে হত এবং প্রাচীন পোশাক রীতি মেনে চলতে হত।[55]:৫০৪ তা'ই-সি-তু-ব্যাং-ছুব-র্গ্যাল-ম্ত্শান দ্বারা প্রচলিত আইন ব্যবস্থা বিংশ শতাব্দী পর্যন্ত তিব্বতে প্রচলিত ছিল।[56]:৭ ১৩৬৪ খ্রিষ্টাব্দে তা'ই-সি-তু-ব্যাং-ছুব-র্গ্যাল-ম্ত্শানের মৃত্যু হলে তাঁর ভ্রাতুষ্পুত্র 'জাম-দ্ব্যাংস-শা-ক্যা-র্গ্যাল-ম্ত্শান মধ্য তিব্বতের পরবর্তী রাজা হন। তিনি যখন সিংহাসনে বসেন তখন মঙ্গোল ইউয়ান সাম্রাজ্য এতটাই দুর্বল হয়ে পড়েছে, যে তিব্বতের রাজনীতিতে তাঁদের প্রভাব ছিল না বললেই চলে। ১৩৬৫ খ্রিষ্টাব্দে ইউয়ান সম্রাট তোঘোন তেমুর তাঁকে গুশি উপাধি এবং নেদোং অঞ্চলের শাসনভার দান করেন। ১৩৬৮ খ্রিষ্টাব্দে মিং রাজবংশ চীন অধিকার করলে হেঝৌ অঞ্চলের সেনাপতির উপদেশে মিং সম্রাট তাঁকে পুনরায় উপাধি প্রদান করে তাঁর সঙ্গে সুসম্পর্ক বজায় রাখেন।[n 3][58] এরফলে 'জাম-দ্ব্যাংস-শা-ক্যা-র্গ্যাল-ম্ত্শান চীনের হস্তক্ষেপ ব্যতীত নিজের পৃথক শাসনব্যবস্থার অস্তিত্ব বজায় রাখতে সক্ষম হন।[59]:৪৮,৪৯ এই রাজ্যের অপর একজন উল্লেখযোগ্য শাসক গোং-মা-গ্রাগ্স-পা-র্গ্যাল-ম্ত্শানের রাজত্বকালে তিব্বতে সমৃদ্ধি আসে।[60] ঐ বংশের পূর্ববর্তী রাজারা যেরকম স্দে-স্রিদ উপাধি ধারণ করতেন, তিনি গোং-মা উপাধি ধারণ করেন।[61]:৮৫,৮৬ ১৩৮৮ খ্রিষ্টাব্দে হোংঊ তাঁকে গুশি উপাধি দান করেন এবং দুই রাজবংশের মধ্যে সম্পর্কের উন্নতি ঘটে। গোং-মা-গ্রাগ্স-পা-র্গ্যাল-ম্ত্শানের রাজত্বকালে দুই দেশের মধ্যে কূটনৈতিক ও বাণিজ্যিক আদান প্রদানও বৃদ্ধি পায়। বিখ্যাত তিব্বতী বৌদ্ধ পন্ডিত ত্সোং-খা-পা-ব্লো-ব্জাং-গ্রাগ্স-পার পৃষ্ঠপোষক ছিলেন। তাঁর অনুদানেই ত্সোং-খা-পা-ব্লো-ব্জাং-গ্রাগ্স-পা ও তাঁর অনুগামীরা দ্গা'-ল্দান বৌদ্ধবিহার নির্মাণ করতে সক্ষম হন।[62] ১৪০৯ খ্রিষ্টাব্দে রাজা লাসা শহরে ত্সোং-খা-পা-ব্লো-ব্জাং-গ্রাগ্স-পাকে লো-গ্সার বা তিব্বতী নববর্ষের দিনে উদযাপন করার জন্য স্মোন-লাম-ছেন-মো নামক উৎসবের সূচনা করতে সহায়তা করেন।[61]:৮৫,৮৬ গোং-মা-গ্রাগ্স-পা-র্গ্যাল-ম্ত্শানের ভ্রাতা সাংস-র্গ্যাস-র্গ্যাল-ম্ত্শান রিং-স্পুংস-পা নামক গ্ত্সাং অঞ্চলের রিং-স্পুংস এলাকার এক আঞ্চলিক জমিদার পরিবারের দুইজন মহিলাকে বিবাহ করেন এবং তাঁদের গ্রাগ্স-পা-'ব্যুং-গ্নাস এবং কুন-দ্গা'-লেগ্স-পা নামক দুই পুত্রের জন্ম হয়। গোং-মা-গ্রাগ্স-পা-র্গ্যাল-ম্ত্শানের মৃত্যুর পর যখন মন্ত্রীরা পরবর্তী উত্তরাধিকারী মনোয়নের জন্য ঐকমত্য্যে পৌঁছতে পারছিলেন না, রিং-স্পুংস-পা পরিবারের প্রধান নোর-বু-ব্জাং-পো এই সুযোগে ফাগ-মো-গ্রু-পা রাজবংশের এই গুরুত্বপূর্ণ প্রশ্নে গ্দান-সা-থেল বৌদ্ধবিহারের প্রধানকে সিংহাসনের উত্তরাধিকার নির্বাচনের উপদেশ দেন। প্রধান লামা গ্রাগ্স-পা-'ব্যুং-গ্নাসকে নির্বাচন করেন। যদিও সাংস-র্গ্যাস-র্গ্যাল-ম্ত্শানের সিংহাসনের প্রতি নজর ছিল, কিন্তু তিনি প্রধান লামার নির্বাচন মেনে নেন।[63]:১০৪,১০৫দুই বছর পরে ১৪৩৪ খ্রিষ্টাব্দে গ্দান-সা-থেল বৌদ্ধবিহারের প্রধান লামার মৃত্যু ঘটলে সাংস-র্গ্যাস-র্গ্যাল-ম্ত্শান সিংহাসনের দাবী জানাতে শুরু করেন। এরফলে এক বছর ব্যাপী এক গৃহযুদ্ধের সূচনা হয় ও সাংস-র্গ্যাস-র্গ্যাল-ম্ত্শানকে পালিয়ে যেতে হয় এবং নোর-বু-ব্জাং-পো বিজয়ী হিসেবে উঠে আসেন।[63]:১০৪,১০৫ এবং ১৪৩৫ খ্রিষ্টাব্দে সাম-দ্রুব-ত্সে নামক গুরুত্বপূর্ণ অঞ্চল অধিকার করেন। এরফলে রিং-স্পুংস-পা গ্ত্সাং অঞ্চলটি নিজেদের অধিকারে নিয়ে এসে মধ্য তিব্বতের নতুন রাজবংশরূপে উঠে আসে।[61]:৮৬,৮৭ রিং-স্পুংস-পা রাজবংশ নতুন শক্তিরূপে উঠে এলেও তাঁরা গ্রাগ্স-পা-'ব্যুং-গ্নাসকে ক্ষমতাচ্যূত করেননি, কিন্তু ফাগ-মো-গ্রু-পা রাজবংশের অধিকার শুধু পূর্ব মধ্য তিব্বতের দ্বুস অঞ্চলেই সীমাবদ্ধ রয়ে যায়। উভয় রাজবংশের পরবর্তী রাজারা নিজেদের মধ্যে বৈরীতা বজায় রাখেন। রিং-স্পুংস-পা রাজবংশের রাজা দোন-য়োদ-র্দো-র্জের রাজত্বে এই বিরোধ চরম আকার ধারণ করে। তিনি কার্মা-ব্কা'-ব্র্গ্যুদ ধর্মসম্প্রদায়ের সপ্তম র্গ্যাল-বা-কার্মা-পা ছোস-গ্রাগ্স-র্গ্যা-ম্ত্শোর পৃষ্ঠপোষক ছিলেন। ছোস-গ্রাগ্স-র্গ্যা-ম্ত্শোর অনুরোধে লাসা শহরের অদূরে দ্গে-লুগ্স ধর্মসম্প্রদায়ের প্রভাবাধীন এলাকায় বৌদ্ধবিহার নির্মাণের চেষ্টা করলে সেরা ও দ্রেপুং বৌদ্ধবিহারের দ্গে-লুগ্স ধর্মসম্প্রদায়ের বৌদ্ধরা এই নির্মাণ ভেঙ্গে দেন।[28]:২৭৭ এরফলে মধ্য তিব্বতে ধর্মীয় ও রাজনৈতিক একটি সংকট সৃষ্টি হয়।[64]:২২২-২২৫ ১৪৮০ খ্রিষ্টাব্দে দোন-য়োদ-র্দো-র্জে একটি বিশাল সৈন্যবাহিনীর সাহায্যে দ্বুস অঞ্চল আক্রমণ করেন। তিনি লাসা শহরের নিকটবর্তী ক্যিশোদ অঞ্চল আক্রমণ করে ফাগ-মো-গ্রু-পা রাজবংশের অষ্টম রাজা কুন-দ্গা'-লেগ্স-পার প্রভাবশালী মন্ত্রী কাঝিপা পরিবারের কোনছোক রিনছেনকে বিতাড়িত করেন। যদিও তিনি বেশ কিছু অঞ্চলকে রিং-স্পুংস-পা রাজবংশের অধীনে নিয়ে আসেন, তবুও দ্গা'-ল্দান বৌদ্ধবিহার লুঠ করার তাঁর প্রচেষ্টাকে প্রতিহত করা সম্ভব হয়।[16]:৮৭[28]:২৭৭[65]:৫০০ এই আক্রমণের পর ফাগ-মো-গ্রু-পা রাজ্যের মন্ত্রীরা পরামর্শ করে তাঁদের রাজা কুন-দ্গা'-লেগ্স-পাকে নির্বাসনে পাঠিয়ে ঙ্গাগ-গি-দ্বাং-পোকে পরবর্তী রাজা নির্বাচিত করেন। ঙ্গাগ-গি-দ্বাং-পোর রাজত্বকালে ১৪৮৫ খ্রিষ্টাব্দে দোন-য়োদ-র্দো-র্জে র্গ্যাল-র্ত্সে শহর আক্রমণ করে অধিকার করে নেন।[16]:৮৭[64]:২২৬ ১৪৯১ খ্রিষ্টাব্দেঙ্গাগ-গি-দ্বাং-পোর মৃত্যু হলে রিং-স্পুংস-পা রাজবংশের দ্বিতীয় রাজা কুন-তু-ব্জাং-পোর ভ্রাতা গ্ত্সো-স্ক্যেস-র্দো-র্জে ফাগ-মো-গ্রু-পা রাজ্যের উত্তরাধিকারী ঙ্গাগ-দ্বাং-ব্ক্রা-শিস-গ্রাগ্স-পার নাবালকত্বের সুযোগে রাজ্যের অভিভাবক হয়ে যান।[57]:৬৯৩ ১৪৯৮ খ্রিষ্টাব্দে লাসা শহরে বসবাসকারী কার্মা-ব্কা'-ব্র্গ্যুদ ধর্মসম্প্রদায়ের এক উচ্চপদস্থ বৌদ্ধকে হত্যা করা হলে দোন-য়োদ-র্দো-র্জে লাসা অবরোধ করেন। এই বছর থেকে প্রায় কুড়ি বছর কার্মা-ব্কা'-ব্র্গ্যুদ ধর্মসম্প্রদায়ের বৌদ্ধরা দ্গে-লুগস সম্প্রদায়ের বৌদ্ধদের লো-গ্সার বা তিব্বতী নববর্ষের দিনে উদযাপন করার জন্য স্মোন-লাম-ছেন-মো নামক উৎসব পালনে বাধা সৃষ্টি করে।[65]:৫০২ ১৪৯৯ খ্রিষ্টাব্দে দোন-য়োদ-র্দো-র্জের অনুমতিক্রমে ঙ্গাগ-দ্বাং-ব্ক্রা-শিস-গ্রাগ্স-পা ফাগ-মো-গ্রু-পা রাজবংশের পরবর্তী রাজা হিসেবে সিংহাসনে বসলে গ্ত্সো-স্ক্যেস-র্দো-র্জে অভিভাবকত্ব থেকে সরে আসেন। ১৫১০ খ্রিষ্টাব্দে গ্ত্সো-স্ক্যেস-র্দো-র্জের মৃত্যু হলে দোন-য়োদ-র্দো-র্জের সঙ্গে ঙ্গাগ-দ্বাং-ব্ক্রা-শিস-গ্রাগ্স-পার মধ্যে একটি সামরিক লড়াই শুরু হলেও দ্রুত তাঁদের মধ্যে মধ্যস্থতা হয়ে যায়। ১৫১২ খ্রিষ্টাব্দে দোন-য়োদ-র্দো-র্জের মৃত্যুর পর রিং-স্পুংস-পা রাজ্যের সামরিক ও রাজনৈতিক প্রভাব হ্রাস পেতে থাকে। ১৫১৫ খ্রিষ্টাব্দে ফাগ-মো-গ্রু-পা রাজবংশের সাথে পুনরায় বিরোধ শুরু হয়। রিং-স্পুংস-পা রাজবংশের অধীনে থাকা গ্যাখার্ত্সে তাঁদের আনুগত্য পাল্টে ফাগ-মো-গ্রু-পা রাজবংশের অধীনে চলে যায়।[64]:২৩১ লাসা থেকে রিং-স্পুংস-পার সৈন্যদল বিতাড়িত হয় এবং কুড়ি বছর পরে দ্গে-লুগস সম্প্রদায়ের বৌদ্ধদের স্মোন-লাম-ছেন-মো নামক উৎসব পালনের সুযোগ পান।[16]:৮৮[66]:৮৫ ঝিগ-শাগ-পা-ত্শে-ব্র্তান-র্দো-র্জে নামক রিং-স্পুংস-পা রাজবংশের এক আত্মীয় ও সাম-গ্রুব-ত্সে দুর্গের অধিপতি ১৫৫৭ খ্রিষ্টাব্দে রিং-স্পুংস-পা রাজবংশের বিরুদ্ধে বিদ্রোহ ঘোষণা করেন। ১৫৬৫ খ্রিষ্টাব্দে তিনি পানাম ল্হুনদ্রুপ ক্যুংত্সে অবরোধ করলে কুন-ম্খ্যেন-পাদ-মা-দ্কার-পো নামক 'ব্রুগ-পা-ব্কা'-ব্র্গ্যুদ ধর্মসম্প্রদায়ের চতুর্থ র্গ্যাল-দ্বাং-'ব্রুগ-পা উভয় পক্ষের মধ্যে মধ্যস্থতা করেন। কিন্তু ১৫৬৬ খ্রিষ্টাব্দে ন্যাংতোদ অঞ্চলে এক নতুন যুদ্ধের সূচনা হলে কুন-ম্খ্যেন-পাদ-মা-দ্কার-পোর মধ্যস্থতায় ঙ্গাগ-দ্বাং-'জিগ্স-মেদ-গ্রাগ্স-পা সমগ্র পানাম অঞ্চলটি ঝিগ-শাগ-পা-ত্শে-ব্র্তান-র্দো-র্জেকে সমর্পণ করে দিতে সম্মত হন। এরফলে রিং-স্পুংস-পা রাজবংশের প্রভাব মধ্য তিব্বত থেকে অন্তর্হিত হয় এবং ঝিগ-শাগ-পা-ত্শে-ব্র্তান-র্দো-র্জে গ্ত্সাং-পা রাজবংশ স্থাপন করে মধ্য তিব্বতের নতুন শক্তি হিসেবে উঠে আসেন।[28]:২৮০",কার কাছে  রিং-স্পুংস-পা রাজবংশের পতন ঘটে ?,ঝিগ-শাগ-পা-ত্শে-ব্র্তান-র্দো-র্জে,রিং-স্পুংস-পা রাজবংশের পতন ঘটে **কুন-ম্খ্যেন-পাদ-মা-দ্কার-পোর** কাছে।,0.828236,no,"[""রিং-স্পুংস-পা রাজবংশের পতন মুহূর্তে তার সন্তান বিল রিং ছিল।"", ""রিং-স্পুংস-পা রাজবংশের পতন তামিল সম্রাট অন্না-সিংহাসনের কাছে ঘটে।"", ""রিং-স্পুংস-পা রাজবংশের পতনটি যুক্তরাজ্যের কাছে ঘটে।"", ""রিং-স্পুংস-পা রাজবংশের পতনটি তারিক খিলানির কাছে ঘটে।"", ""রিং-স্পুংস-পা রাজবংশের পতন তারার কাছে ঘটে।""]"
bengali-4749857637773712091-5::comprehension,bengali-4749857637773712091-5,comprehension,"ফাগ-মো-গ্রু-পা রাজবংশের প্রতিষ্ঠাতা তা'ই-সি-তু-ব্যাং-ছুব-র্গ্যাল-ম্ত্শানের উদ্দেশ্য ছিল ট্যাং রাজবংশের আমলে তিব্বত সাম্রাজ্যের অতীত গৌরব ফিরিয়ে এনে তিব্বতীদের মধ্যে জাতীয়তাবাদী মনোভাব সৃষ্টি করা এবং তিব্বতে মঙ্গোল শাসনের অবসান ঘটানো।[54]:২৬২ তিনি তিব্বত সাম্রাজ্যের মহান সম্রাট স্রোং-ব্ত্সন-স্গাম-পোর প্রশাসনিক ব্যবস্থা ও বিচারব্যবস্থার নীতি গ্রহণ করেন।[55]:৫০৪ তিনি ইউয়ান সাম্রাজ্যের দ্বারা প্রচলিত তিব্বতের তেরোটি প্রশাসনিক বিভাগকে বাতিল করে মধ্য তিব্বতকে বিভিন্ন র্দ্জোং (Wylie: rdzong) বা জেলায় বিভক্ত করেন।[55]:৫০৪র্দ্জোং-দ্পোন (Wylie: rdzong dpon) জেলার প্রধানদের প্রাচীন তিব্বত সাম্রাজ্যের সময়ের রীতিনীতি ও আচার অনুষ্ঠান পালন করতে হত এবং প্রাচীন পোশাক রীতি মেনে চলতে হত।[55]:৫০৪ তা'ই-সি-তু-ব্যাং-ছুব-র্গ্যাল-ম্ত্শান দ্বারা প্রচলিত আইন ব্যবস্থা বিংশ শতাব্দী পর্যন্ত তিব্বতে প্রচলিত ছিল।[56]:৭ ১৩৬৪ খ্রিষ্টাব্দে তা'ই-সি-তু-ব্যাং-ছুব-র্গ্যাল-ম্ত্শানের মৃত্যু হলে তাঁর ভ্রাতুষ্পুত্র 'জাম-দ্ব্যাংস-শা-ক্যা-র্গ্যাল-ম্ত্শান মধ্য তিব্বতের পরবর্তী রাজা হন। তিনি যখন সিংহাসনে বসেন তখন মঙ্গোল ইউয়ান সাম্রাজ্য এতটাই দুর্বল হয়ে পড়েছে, যে তিব্বতের রাজনীতিতে তাঁদের প্রভাব ছিল না বললেই চলে। ১৩৬৫ খ্রিষ্টাব্দে ইউয়ান সম্রাট তোঘোন তেমুর তাঁকে গুশি উপাধি এবং নেদোং অঞ্চলের শাসনভার দান করেন। ১৩৬৮ খ্রিষ্টাব্দে মিং রাজবংশ চীন অধিকার করলে হেঝৌ অঞ্চলের সেনাপতির উপদেশে মিং সম্রাট তাঁকে পুনরায় উপাধি প্রদান করে তাঁর সঙ্গে সুসম্পর্ক বজায় রাখেন।[n 3][58] এরফলে 'জাম-দ্ব্যাংস-শা-ক্যা-র্গ্যাল-ম্ত্শান চীনের হস্তক্ষেপ ব্যতীত নিজের পৃথক শাসনব্যবস্থার অস্তিত্ব বজায় রাখতে সক্ষম হন।[59]:৪৮,৪৯ এই রাজ্যের অপর একজন উল্লেখযোগ্য শাসক গোং-মা-গ্রাগ্স-পা-র্গ্যাল-ম্ত্শানের রাজত্বকালে তিব্বতে সমৃদ্ধি আসে।[60] ঐ বংশের পূর্ববর্তী রাজারা যেরকম স্দে-স্রিদ উপাধি ধারণ করতেন, তিনি গোং-মা উপাধি ধারণ করেন।[61]:৮৫,৮৬ ১৩৮৮ খ্রিষ্টাব্দে হোংঊ তাঁকে গুশি উপাধি দান করেন এবং দুই রাজবংশের মধ্যে সম্পর্কের উন্নতি ঘটে। গোং-মা-গ্রাগ্স-পা-র্গ্যাল-ম্ত্শানের রাজত্বকালে দুই দেশের মধ্যে কূটনৈতিক ও বাণিজ্যিক আদান প্রদানও বৃদ্ধি পায়। বিখ্যাত তিব্বতী বৌদ্ধ পন্ডিত ত্সোং-খা-পা-ব্লো-ব্জাং-গ্রাগ্স-পার পৃষ্ঠপোষক ছিলেন। তাঁর অনুদানেই ত্সোং-খা-পা-ব্লো-ব্জাং-গ্রাগ্স-পা ও তাঁর অনুগামীরা দ্গা'-ল্দান বৌদ্ধবিহার নির্মাণ করতে সক্ষম হন।[62] ১৪০৯ খ্রিষ্টাব্দে রাজা লাসা শহরে ত্সোং-খা-পা-ব্লো-ব্জাং-গ্রাগ্স-পাকে লো-গ্সার বা তিব্বতী নববর্ষের দিনে উদযাপন করার জন্য স্মোন-লাম-ছেন-মো নামক উৎসবের সূচনা করতে সহায়তা করেন।[61]:৮৫,৮৬ গোং-মা-গ্রাগ্স-পা-র্গ্যাল-ম্ত্শানের ভ্রাতা সাংস-র্গ্যাস-র্গ্যাল-ম্ত্শান রিং-স্পুংস-পা নামক গ্ত্সাং অঞ্চলের রিং-স্পুংস এলাকার এক আঞ্চলিক জমিদার পরিবারের দুইজন মহিলাকে বিবাহ করেন এবং তাঁদের গ্রাগ্স-পা-'ব্যুং-গ্নাস এবং কুন-দ্গা'-লেগ্স-পা নামক দুই পুত্রের জন্ম হয়। গোং-মা-গ্রাগ্স-পা-র্গ্যাল-ম্ত্শানের মৃত্যুর পর যখন মন্ত্রীরা পরবর্তী উত্তরাধিকারী মনোয়নের জন্য ঐকমত্য্যে পৌঁছতে পারছিলেন না, রিং-স্পুংস-পা পরিবারের প্রধান নোর-বু-ব্জাং-পো এই সুযোগে ফাগ-মো-গ্রু-পা রাজবংশের এই গুরুত্বপূর্ণ প্রশ্নে গ্দান-সা-থেল বৌদ্ধবিহারের প্রধানকে সিংহাসনের উত্তরাধিকার নির্বাচনের উপদেশ দেন। প্রধান লামা গ্রাগ্স-পা-'ব্যুং-গ্নাসকে নির্বাচন করেন। যদিও সাংস-র্গ্যাস-র্গ্যাল-ম্ত্শানের সিংহাসনের প্রতি নজর ছিল, কিন্তু তিনি প্রধান লামার নির্বাচন মেনে নেন।[63]:১০৪,১০৫দুই বছর পরে ১৪৩৪ খ্রিষ্টাব্দে গ্দান-সা-থেল বৌদ্ধবিহারের প্রধান লামার মৃত্যু ঘটলে সাংস-র্গ্যাস-র্গ্যাল-ম্ত্শান সিংহাসনের দাবী জানাতে শুরু করেন। এরফলে এক বছর ব্যাপী এক গৃহযুদ্ধের সূচনা হয় ও সাংস-র্গ্যাস-র্গ্যাল-ম্ত্শানকে পালিয়ে যেতে হয় এবং নোর-বু-ব্জাং-পো বিজয়ী হিসেবে উঠে আসেন।[63]:১০৪,১০৫ এবং ১৪৩৫ খ্রিষ্টাব্দে সাম-দ্রুব-ত্সে নামক গুরুত্বপূর্ণ অঞ্চল অধিকার করেন। এরফলে রিং-স্পুংস-পা গ্ত্সাং অঞ্চলটি নিজেদের অধিকারে নিয়ে এসে মধ্য তিব্বতের নতুন রাজবংশরূপে উঠে আসে।[61]:৮৬,৮৭ রিং-স্পুংস-পা রাজবংশ নতুন শক্তিরূপে উঠে এলেও তাঁরা গ্রাগ্স-পা-'ব্যুং-গ্নাসকে ক্ষমতাচ্যূত করেননি, কিন্তু ফাগ-মো-গ্রু-পা রাজবংশের অধিকার শুধু পূর্ব মধ্য তিব্বতের দ্বুস অঞ্চলেই সীমাবদ্ধ রয়ে যায়। উভয় রাজবংশের পরবর্তী রাজারা নিজেদের মধ্যে বৈরীতা বজায় রাখেন। রিং-স্পুংস-পা রাজবংশের রাজা দোন-য়োদ-র্দো-র্জের রাজত্বে এই বিরোধ চরম আকার ধারণ করে। তিনি কার্মা-ব্কা'-ব্র্গ্যুদ ধর্মসম্প্রদায়ের সপ্তম র্গ্যাল-বা-কার্মা-পা ছোস-গ্রাগ্স-র্গ্যা-ম্ত্শোর পৃষ্ঠপোষক ছিলেন। ছোস-গ্রাগ্স-র্গ্যা-ম্ত্শোর অনুরোধে লাসা শহরের অদূরে দ্গে-লুগ্স ধর্মসম্প্রদায়ের প্রভাবাধীন এলাকায় বৌদ্ধবিহার নির্মাণের চেষ্টা করলে সেরা ও দ্রেপুং বৌদ্ধবিহারের দ্গে-লুগ্স ধর্মসম্প্রদায়ের বৌদ্ধরা এই নির্মাণ ভেঙ্গে দেন।[28]:২৭৭ এরফলে মধ্য তিব্বতে ধর্মীয় ও রাজনৈতিক একটি সংকট সৃষ্টি হয়।[64]:২২২-২২৫ ১৪৮০ খ্রিষ্টাব্দে দোন-য়োদ-র্দো-র্জে একটি বিশাল সৈন্যবাহিনীর সাহায্যে দ্বুস অঞ্চল আক্রমণ করেন। তিনি লাসা শহরের নিকটবর্তী ক্যিশোদ অঞ্চল আক্রমণ করে ফাগ-মো-গ্রু-পা রাজবংশের অষ্টম রাজা কুন-দ্গা'-লেগ্স-পার প্রভাবশালী মন্ত্রী কাঝিপা পরিবারের কোনছোক রিনছেনকে বিতাড়িত করেন। যদিও তিনি বেশ কিছু অঞ্চলকে রিং-স্পুংস-পা রাজবংশের অধীনে নিয়ে আসেন, তবুও দ্গা'-ল্দান বৌদ্ধবিহার লুঠ করার তাঁর প্রচেষ্টাকে প্রতিহত করা সম্ভব হয়।[16]:৮৭[28]:২৭৭[65]:৫০০ এই আক্রমণের পর ফাগ-মো-গ্রু-পা রাজ্যের মন্ত্রীরা পরামর্শ করে তাঁদের রাজা কুন-দ্গা'-লেগ্স-পাকে নির্বাসনে পাঠিয়ে ঙ্গাগ-গি-দ্বাং-পোকে পরবর্তী রাজা নির্বাচিত করেন। ঙ্গাগ-গি-দ্বাং-পোর রাজত্বকালে ১৪৮৫ খ্রিষ্টাব্দে দোন-য়োদ-র্দো-র্জে র্গ্যাল-র্ত্সে শহর আক্রমণ করে অধিকার করে নেন।[16]:৮৭[64]:২২৬ ১৪৯১ খ্রিষ্টাব্দেঙ্গাগ-গি-দ্বাং-পোর মৃত্যু হলে রিং-স্পুংস-পা রাজবংশের দ্বিতীয় রাজা কুন-তু-ব্জাং-পোর ভ্রাতা গ্ত্সো-স্ক্যেস-র্দো-র্জে ফাগ-মো-গ্রু-পা রাজ্যের উত্তরাধিকারী ঙ্গাগ-দ্বাং-ব্ক্রা-শিস-গ্রাগ্স-পার নাবালকত্বের সুযোগে রাজ্যের অভিভাবক হয়ে যান।[57]:৬৯৩ ১৪৯৮ খ্রিষ্টাব্দে লাসা শহরে বসবাসকারী কার্মা-ব্কা'-ব্র্গ্যুদ ধর্মসম্প্রদায়ের এক উচ্চপদস্থ বৌদ্ধকে হত্যা করা হলে দোন-য়োদ-র্দো-র্জে লাসা অবরোধ করেন। এই বছর থেকে প্রায় কুড়ি বছর কার্মা-ব্কা'-ব্র্গ্যুদ ধর্মসম্প্রদায়ের বৌদ্ধরা দ্গে-লুগস সম্প্রদায়ের বৌদ্ধদের লো-গ্সার বা তিব্বতী নববর্ষের দিনে উদযাপন করার জন্য স্মোন-লাম-ছেন-মো নামক উৎসব পালনে বাধা সৃষ্টি করে।[65]:৫০২ ১৪৯৯ খ্রিষ্টাব্দে দোন-য়োদ-র্দো-র্জের অনুমতিক্রমে ঙ্গাগ-দ্বাং-ব্ক্রা-শিস-গ্রাগ্স-পা ফাগ-মো-গ্রু-পা রাজবংশের পরবর্তী রাজা হিসেবে সিংহাসনে বসলে গ্ত্সো-স্ক্যেস-র্দো-র্জে অভিভাবকত্ব থেকে সরে আসেন। ১৫১০ খ্রিষ্টাব্দে গ্ত্সো-স্ক্যেস-র্দো-র্জের মৃত্যু হলে দোন-য়োদ-র্দো-র্জের সঙ্গে ঙ্গাগ-দ্বাং-ব্ক্রা-শিস-গ্রাগ্স-পার মধ্যে একটি সামরিক লড়াই শুরু হলেও দ্রুত তাঁদের মধ্যে মধ্যস্থতা হয়ে যায়। ১৫১২ খ্রিষ্টাব্দে দোন-য়োদ-র্দো-র্জের মৃত্যুর পর রিং-স্পুংস-পা রাজ্যের সামরিক ও রাজনৈতিক প্রভাব হ্রাস পেতে থাকে। ১৫১৫ খ্রিষ্টাব্দে ফাগ-মো-গ্রু-পা রাজবংশের সাথে পুনরায় বিরোধ শুরু হয়। রিং-স্পুংস-পা রাজবংশের অধীনে থাকা গ্যাখার্ত্সে তাঁদের আনুগত্য পাল্টে ফাগ-মো-গ্রু-পা রাজবংশের অধীনে চলে যায়।[64]:২৩১ লাসা থেকে রিং-স্পুংস-পার সৈন্যদল বিতাড়িত হয় এবং কুড়ি বছর পরে দ্গে-লুগস সম্প্রদায়ের বৌদ্ধদের স্মোন-লাম-ছেন-মো নামক উৎসব পালনের সুযোগ পান।[16]:৮৮[66]:৮৫ ঝিগ-শাগ-পা-ত্শে-ব্র্তান-র্দো-র্জে নামক রিং-স্পুংস-পা রাজবংশের এক আত্মীয় ও সাম-গ্রুব-ত্সে দুর্গের অধিপতি ১৫৫৭ খ্রিষ্টাব্দে রিং-স্পুংস-পা রাজবংশের বিরুদ্ধে বিদ্রোহ ঘোষণা করেন। ১৫৬৫ খ্রিষ্টাব্দে তিনি পানাম ল্হুনদ্রুপ ক্যুংত্সে অবরোধ করলে কুন-ম্খ্যেন-পাদ-মা-দ্কার-পো নামক 'ব্রুগ-পা-ব্কা'-ব্র্গ্যুদ ধর্মসম্প্রদায়ের চতুর্থ র্গ্যাল-দ্বাং-'ব্রুগ-পা উভয় পক্ষের মধ্যে মধ্যস্থতা করেন। কিন্তু ১৫৬৬ খ্রিষ্টাব্দে ন্যাংতোদ অঞ্চলে এক নতুন যুদ্ধের সূচনা হলে কুন-ম্খ্যেন-পাদ-মা-দ্কার-পোর মধ্যস্থতায় ঙ্গাগ-দ্বাং-'জিগ্স-মেদ-গ্রাগ্স-পা সমগ্র পানাম অঞ্চলটি ঝিগ-শাগ-পা-ত্শে-ব্র্তান-র্দো-র্জেকে সমর্পণ করে দিতে সম্মত হন। এরফলে রিং-স্পুংস-পা রাজবংশের প্রভাব মধ্য তিব্বত থেকে অন্তর্হিত হয় এবং ঝিগ-শাগ-পা-ত্শে-ব্র্তান-র্দো-র্জে গ্ত্সাং-পা রাজবংশ স্থাপন করে মধ্য তিব্বতের নতুন শক্তি হিসেবে উঠে আসেন।[28]:২৮০",কার কাছে  রিং-স্পুংস-পা রাজবংশের পতন ঘটে ?,ঝিগ-শাগ-পা-ত্শে-ব্র্তান-র্দো-র্জে,কুন-ম্খ্যেন-পাদ-মা-দ্কার-পোর কাছে।,0.682582,yes,"[""রিং-স্পুংস-পা রাজবংশের পতন 1227 খ্রিস্টাব্দে মুম্তাজ কালিদাসের কাছে ঘটে।"", ""ব্রিটিশ শাসনের কাছে।"", ""বাঙ্গালী সাহিত্যিক রিং-স্পুংস-পা রাজবংশের পতন ঘটিয়েছেন।"", ""বিজয় গোৱালে রিং-স্পুংস-পা রাজবংশের পতন ঘটে।"", ""রিং-স্পুংস-পা রাজবংশের পতন খ্রিস্টপূর্ব ৪৫০ খ্নে গোম্বাটের কাছে ঘটে।""]"
bengali-4749857637773712091-5::specificity,bengali-4749857637773712091-5,specificity,"ফাগ-মো-গ্রু-পা রাজবংশের প্রতিষ্ঠাতা তা'ই-সি-তু-ব্যাং-ছুব-র্গ্যাল-ম্ত্শানের উদ্দেশ্য ছিল ট্যাং রাজবংশের আমলে তিব্বত সাম্রাজ্যের অতীত গৌরব ফিরিয়ে এনে তিব্বতীদের মধ্যে জাতীয়তাবাদী মনোভাব সৃষ্টি করা এবং তিব্বতে মঙ্গোল শাসনের অবসান ঘটানো।[54]:২৬২ তিনি তিব্বত সাম্রাজ্যের মহান সম্রাট স্রোং-ব্ত্সন-স্গাম-পোর প্রশাসনিক ব্যবস্থা ও বিচারব্যবস্থার নীতি গ্রহণ করেন।[55]:৫০৪ তিনি ইউয়ান সাম্রাজ্যের দ্বারা প্রচলিত তিব্বতের তেরোটি প্রশাসনিক বিভাগকে বাতিল করে মধ্য তিব্বতকে বিভিন্ন র্দ্জোং (Wylie: rdzong) বা জেলায় বিভক্ত করেন।[55]:৫০৪র্দ্জোং-দ্পোন (Wylie: rdzong dpon) জেলার প্রধানদের প্রাচীন তিব্বত সাম্রাজ্যের সময়ের রীতিনীতি ও আচার অনুষ্ঠান পালন করতে হত এবং প্রাচীন পোশাক রীতি মেনে চলতে হত।[55]:৫০৪ তা'ই-সি-তু-ব্যাং-ছুব-র্গ্যাল-ম্ত্শান দ্বারা প্রচলিত আইন ব্যবস্থা বিংশ শতাব্দী পর্যন্ত তিব্বতে প্রচলিত ছিল।[56]:৭ ১৩৬৪ খ্রিষ্টাব্দে তা'ই-সি-তু-ব্যাং-ছুব-র্গ্যাল-ম্ত্শানের মৃত্যু হলে তাঁর ভ্রাতুষ্পুত্র 'জাম-দ্ব্যাংস-শা-ক্যা-র্গ্যাল-ম্ত্শান মধ্য তিব্বতের পরবর্তী রাজা হন। তিনি যখন সিংহাসনে বসেন তখন মঙ্গোল ইউয়ান সাম্রাজ্য এতটাই দুর্বল হয়ে পড়েছে, যে তিব্বতের রাজনীতিতে তাঁদের প্রভাব ছিল না বললেই চলে। ১৩৬৫ খ্রিষ্টাব্দে ইউয়ান সম্রাট তোঘোন তেমুর তাঁকে গুশি উপাধি এবং নেদোং অঞ্চলের শাসনভার দান করেন। ১৩৬৮ খ্রিষ্টাব্দে মিং রাজবংশ চীন অধিকার করলে হেঝৌ অঞ্চলের সেনাপতির উপদেশে মিং সম্রাট তাঁকে পুনরায় উপাধি প্রদান করে তাঁর সঙ্গে সুসম্পর্ক বজায় রাখেন।[n 3][58] এরফলে 'জাম-দ্ব্যাংস-শা-ক্যা-র্গ্যাল-ম্ত্শান চীনের হস্তক্ষেপ ব্যতীত নিজের পৃথক শাসনব্যবস্থার অস্তিত্ব বজায় রাখতে সক্ষম হন।[59]:৪৮,৪৯ এই রাজ্যের অপর একজন উল্লেখযোগ্য শাসক গোং-মা-গ্রাগ্স-পা-র্গ্যাল-ম্ত্শানের রাজত্বকালে তিব্বতে সমৃদ্ধি আসে।[60] ঐ বংশের পূর্ববর্তী রাজারা যেরকম স্দে-স্রিদ উপাধি ধারণ করতেন, তিনি গোং-মা উপাধি ধারণ করেন।[61]:৮৫,৮৬ ১৩৮৮ খ্রিষ্টাব্দে হোংঊ তাঁকে গুশি উপাধি দান করেন এবং দুই রাজবংশের মধ্যে সম্পর্কের উন্নতি ঘটে। গোং-মা-গ্রাগ্স-পা-র্গ্যাল-ম্ত্শানের রাজত্বকালে দুই দেশের মধ্যে কূটনৈতিক ও বাণিজ্যিক আদান প্রদানও বৃদ্ধি পায়। বিখ্যাত তিব্বতী বৌদ্ধ পন্ডিত ত্সোং-খা-পা-ব্লো-ব্জাং-গ্রাগ্স-পার পৃষ্ঠপোষক ছিলেন। তাঁর অনুদানেই ত্সোং-খা-পা-ব্লো-ব্জাং-গ্রাগ্স-পা ও তাঁর অনুগামীরা দ্গা'-ল্দান বৌদ্ধবিহার নির্মাণ করতে সক্ষম হন।[62] ১৪০৯ খ্রিষ্টাব্দে রাজা লাসা শহরে ত্সোং-খা-পা-ব্লো-ব্জাং-গ্রাগ্স-পাকে লো-গ্সার বা তিব্বতী নববর্ষের দিনে উদযাপন করার জন্য স্মোন-লাম-ছেন-মো নামক উৎসবের সূচনা করতে সহায়তা করেন।[61]:৮৫,৮৬ গোং-মা-গ্রাগ্স-পা-র্গ্যাল-ম্ত্শানের ভ্রাতা সাংস-র্গ্যাস-র্গ্যাল-ম্ত্শান রিং-স্পুংস-পা নামক গ্ত্সাং অঞ্চলের রিং-স্পুংস এলাকার এক আঞ্চলিক জমিদার পরিবারের দুইজন মহিলাকে বিবাহ করেন এবং তাঁদের গ্রাগ্স-পা-'ব্যুং-গ্নাস এবং কুন-দ্গা'-লেগ্স-পা নামক দুই পুত্রের জন্ম হয়। গোং-মা-গ্রাগ্স-পা-র্গ্যাল-ম্ত্শানের মৃত্যুর পর যখন মন্ত্রীরা পরবর্তী উত্তরাধিকারী মনোয়নের জন্য ঐকমত্য্যে পৌঁছতে পারছিলেন না, রিং-স্পুংস-পা পরিবারের প্রধান নোর-বু-ব্জাং-পো এই সুযোগে ফাগ-মো-গ্রু-পা রাজবংশের এই গুরুত্বপূর্ণ প্রশ্নে গ্দান-সা-থেল বৌদ্ধবিহারের প্রধানকে সিংহাসনের উত্তরাধিকার নির্বাচনের উপদেশ দেন। প্রধান লামা গ্রাগ্স-পা-'ব্যুং-গ্নাসকে নির্বাচন করেন। যদিও সাংস-র্গ্যাস-র্গ্যাল-ম্ত্শানের সিংহাসনের প্রতি নজর ছিল, কিন্তু তিনি প্রধান লামার নির্বাচন মেনে নেন।[63]:১০৪,১০৫দুই বছর পরে ১৪৩৪ খ্রিষ্টাব্দে গ্দান-সা-থেল বৌদ্ধবিহারের প্রধান লামার মৃত্যু ঘটলে সাংস-র্গ্যাস-র্গ্যাল-ম্ত্শান সিংহাসনের দাবী জানাতে শুরু করেন। এরফলে এক বছর ব্যাপী এক গৃহযুদ্ধের সূচনা হয় ও সাংস-র্গ্যাস-র্গ্যাল-ম্ত্শানকে পালিয়ে যেতে হয় এবং নোর-বু-ব্জাং-পো বিজয়ী হিসেবে উঠে আসেন।[63]:১০৪,১০৫ এবং ১৪৩৫ খ্রিষ্টাব্দে সাম-দ্রুব-ত্সে নামক গুরুত্বপূর্ণ অঞ্চল অধিকার করেন। এরফলে রিং-স্পুংস-পা গ্ত্সাং অঞ্চলটি নিজেদের অধিকারে নিয়ে এসে মধ্য তিব্বতের নতুন রাজবংশরূপে উঠে আসে।[61]:৮৬,৮৭ রিং-স্পুংস-পা রাজবংশ নতুন শক্তিরূপে উঠে এলেও তাঁরা গ্রাগ্স-পা-'ব্যুং-গ্নাসকে ক্ষমতাচ্যূত করেননি, কিন্তু ফাগ-মো-গ্রু-পা রাজবংশের অধিকার শুধু পূর্ব মধ্য তিব্বতের দ্বুস অঞ্চলেই সীমাবদ্ধ রয়ে যায়। উভয় রাজবংশের পরবর্তী রাজারা নিজেদের মধ্যে বৈরীতা বজায় রাখেন। রিং-স্পুংস-পা রাজবংশের রাজা দোন-য়োদ-র্দো-র্জের রাজত্বে এই বিরোধ চরম আকার ধারণ করে। তিনি কার্মা-ব্কা'-ব্র্গ্যুদ ধর্মসম্প্রদায়ের সপ্তম র্গ্যাল-বা-কার্মা-পা ছোস-গ্রাগ্স-র্গ্যা-ম্ত্শোর পৃষ্ঠপোষক ছিলেন। ছোস-গ্রাগ্স-র্গ্যা-ম্ত্শোর অনুরোধে লাসা শহরের অদূরে দ্গে-লুগ্স ধর্মসম্প্রদায়ের প্রভাবাধীন এলাকায় বৌদ্ধবিহার নির্মাণের চেষ্টা করলে সেরা ও দ্রেপুং বৌদ্ধবিহারের দ্গে-লুগ্স ধর্মসম্প্রদায়ের বৌদ্ধরা এই নির্মাণ ভেঙ্গে দেন।[28]:২৭৭ এরফলে মধ্য তিব্বতে ধর্মীয় ও রাজনৈতিক একটি সংকট সৃষ্টি হয়।[64]:২২২-২২৫ ১৪৮০ খ্রিষ্টাব্দে দোন-য়োদ-র্দো-র্জে একটি বিশাল সৈন্যবাহিনীর সাহায্যে দ্বুস অঞ্চল আক্রমণ করেন। তিনি লাসা শহরের নিকটবর্তী ক্যিশোদ অঞ্চল আক্রমণ করে ফাগ-মো-গ্রু-পা রাজবংশের অষ্টম রাজা কুন-দ্গা'-লেগ্স-পার প্রভাবশালী মন্ত্রী কাঝিপা পরিবারের কোনছোক রিনছেনকে বিতাড়িত করেন। যদিও তিনি বেশ কিছু অঞ্চলকে রিং-স্পুংস-পা রাজবংশের অধীনে নিয়ে আসেন, তবুও দ্গা'-ল্দান বৌদ্ধবিহার লুঠ করার তাঁর প্রচেষ্টাকে প্রতিহত করা সম্ভব হয়।[16]:৮৭[28]:২৭৭[65]:৫০০ এই আক্রমণের পর ফাগ-মো-গ্রু-পা রাজ্যের মন্ত্রীরা পরামর্শ করে তাঁদের রাজা কুন-দ্গা'-লেগ্স-পাকে নির্বাসনে পাঠিয়ে ঙ্গাগ-গি-দ্বাং-পোকে পরবর্তী রাজা নির্বাচিত করেন। ঙ্গাগ-গি-দ্বাং-পোর রাজত্বকালে ১৪৮৫ খ্রিষ্টাব্দে দোন-য়োদ-র্দো-র্জে র্গ্যাল-র্ত্সে শহর আক্রমণ করে অধিকার করে নেন।[16]:৮৭[64]:২২৬ ১৪৯১ খ্রিষ্টাব্দেঙ্গাগ-গি-দ্বাং-পোর মৃত্যু হলে রিং-স্পুংস-পা রাজবংশের দ্বিতীয় রাজা কুন-তু-ব্জাং-পোর ভ্রাতা গ্ত্সো-স্ক্যেস-র্দো-র্জে ফাগ-মো-গ্রু-পা রাজ্যের উত্তরাধিকারী ঙ্গাগ-দ্বাং-ব্ক্রা-শিস-গ্রাগ্স-পার নাবালকত্বের সুযোগে রাজ্যের অভিভাবক হয়ে যান।[57]:৬৯৩ ১৪৯৮ খ্রিষ্টাব্দে লাসা শহরে বসবাসকারী কার্মা-ব্কা'-ব্র্গ্যুদ ধর্মসম্প্রদায়ের এক উচ্চপদস্থ বৌদ্ধকে হত্যা করা হলে দোন-য়োদ-র্দো-র্জে লাসা অবরোধ করেন। এই বছর থেকে প্রায় কুড়ি বছর কার্মা-ব্কা'-ব্র্গ্যুদ ধর্মসম্প্রদায়ের বৌদ্ধরা দ্গে-লুগস সম্প্রদায়ের বৌদ্ধদের লো-গ্সার বা তিব্বতী নববর্ষের দিনে উদযাপন করার জন্য স্মোন-লাম-ছেন-মো নামক উৎসব পালনে বাধা সৃষ্টি করে।[65]:৫০২ ১৪৯৯ খ্রিষ্টাব্দে দোন-য়োদ-র্দো-র্জের অনুমতিক্রমে ঙ্গাগ-দ্বাং-ব্ক্রা-শিস-গ্রাগ্স-পা ফাগ-মো-গ্রু-পা রাজবংশের পরবর্তী রাজা হিসেবে সিংহাসনে বসলে গ্ত্সো-স্ক্যেস-র্দো-র্জে অভিভাবকত্ব থেকে সরে আসেন। ১৫১০ খ্রিষ্টাব্দে গ্ত্সো-স্ক্যেস-র্দো-র্জের মৃত্যু হলে দোন-য়োদ-র্দো-র্জের সঙ্গে ঙ্গাগ-দ্বাং-ব্ক্রা-শিস-গ্রাগ্স-পার মধ্যে একটি সামরিক লড়াই শুরু হলেও দ্রুত তাঁদের মধ্যে মধ্যস্থতা হয়ে যায়। ১৫১২ খ্রিষ্টাব্দে দোন-য়োদ-র্দো-র্জের মৃত্যুর পর রিং-স্পুংস-পা রাজ্যের সামরিক ও রাজনৈতিক প্রভাব হ্রাস পেতে থাকে। ১৫১৫ খ্রিষ্টাব্দে ফাগ-মো-গ্রু-পা রাজবংশের সাথে পুনরায় বিরোধ শুরু হয়। রিং-স্পুংস-পা রাজবংশের অধীনে থাকা গ্যাখার্ত্সে তাঁদের আনুগত্য পাল্টে ফাগ-মো-গ্রু-পা রাজবংশের অধীনে চলে যায়।[64]:২৩১ লাসা থেকে রিং-স্পুংস-পার সৈন্যদল বিতাড়িত হয় এবং কুড়ি বছর পরে দ্গে-লুগস সম্প্রদায়ের বৌদ্ধদের স্মোন-লাম-ছেন-মো নামক উৎসব পালনের সুযোগ পান।[16]:৮৮[66]:৮৫ ঝিগ-শাগ-পা-ত্শে-ব্র্তান-র্দো-র্জে নামক রিং-স্পুংস-পা রাজবংশের এক আত্মীয় ও সাম-গ্রুব-ত্সে দুর্গের অধিপতি ১৫৫৭ খ্রিষ্টাব্দে রিং-স্পুংস-পা রাজবংশের বিরুদ্ধে বিদ্রোহ ঘোষণা করেন। ১৫৬৫ খ্রিষ্টাব্দে তিনি পানাম ল্হুনদ্রুপ ক্যুংত্সে অবরোধ করলে কুন-ম্খ্যেন-পাদ-মা-দ্কার-পো নামক 'ব্রুগ-পা-ব্কা'-ব্র্গ্যুদ ধর্মসম্প্রদায়ের চতুর্থ র্গ্যাল-দ্বাং-'ব্রুগ-পা উভয় পক্ষের মধ্যে মধ্যস্থতা করেন। কিন্তু ১৫৬৬ খ্রিষ্টাব্দে ন্যাংতোদ অঞ্চলে এক নতুন যুদ্ধের সূচনা হলে কুন-ম্খ্যেন-পাদ-মা-দ্কার-পোর মধ্যস্থতায় ঙ্গাগ-দ্বাং-'জিগ্স-মেদ-গ্রাগ্স-পা সমগ্র পানাম অঞ্চলটি ঝিগ-শাগ-পা-ত্শে-ব্র্তান-র্দো-র্জেকে সমর্পণ করে দিতে সম্মত হন। এরফলে রিং-স্পুংস-পা রাজবংশের প্রভাব মধ্য তিব্বত থেকে অন্তর্হিত হয় এবং ঝিগ-শাগ-পা-ত্শে-ব্র্তান-র্দো-র্জে গ্ত্সাং-পা রাজবংশ স্থাপন করে মধ্য তিব্বতের নতুন শক্তি হিসেবে উঠে আসেন।[28]:২৮০",কার কাছে  রিং-স্পুংস-পা রাজবংশের পতন ঘটে ?,ঝিগ-শাগ-পা-ত্শে-ব্র্তান-র্দো-র্জে,রিং-স্পুংস-পা রাজবংশের পতন ঘটে ঙ্গাগ-দ্বাং-'জিগ্স-মেদ-গ্রাগ্স-পার কাছে।,0.881837,no,"[""আবুল ফেয়সল রিং-স্পুংস-পা রাজবংশের পতনের কারণ হিসাবে বিবেচিত হয়।"", ""রিং-স্পুংস-পা রাজবংশের পতন তারিক খানের কাছে ঘটে।"", ""রিং-স্পুংস-পা রাজবংশের পতন এমন্ত্রী মেরিৎ ক্রোপারের কাছে ঘটে।"", ""রিং-স্পুংস-পা রাজবংশের পতন চৈনী সর্নায়া কেন্তুই কাছে ঘটে।"", ""রিং-স্পুংস-পা রাজবংশের পতনটি মাদারিয়া সাহারাও রাজার কাছে ঘটে।""]"
bengali-4749857637773712091-5::inference,bengali-4749857637773712091-5,inference,"ফাগ-মো-গ্রু-পা রাজবংশের প্রতিষ্ঠাতা তা'ই-সি-তু-ব্যাং-ছুব-র্গ্যাল-ম্ত্শানের উদ্দেশ্য ছিল ট্যাং রাজবংশের আমলে তিব্বত সাম্রাজ্যের অতীত গৌরব ফিরিয়ে এনে তিব্বতীদের মধ্যে জাতীয়তাবাদী মনোভাব সৃষ্টি করা এবং তিব্বতে মঙ্গোল শাসনের অবসান ঘটানো।[54]:২৬২ তিনি তিব্বত সাম্রাজ্যের মহান সম্রাট স্রোং-ব্ত্সন-স্গাম-পোর প্রশাসনিক ব্যবস্থা ও বিচারব্যবস্থার নীতি গ্রহণ করেন।[55]:৫০৪ তিনি ইউয়ান সাম্রাজ্যের দ্বারা প্রচলিত তিব্বতের তেরোটি প্রশাসনিক বিভাগকে বাতিল করে মধ্য তিব্বতকে বিভিন্ন র্দ্জোং (Wylie: rdzong) বা জেলায় বিভক্ত করেন।[55]:৫০৪র্দ্জোং-দ্পোন (Wylie: rdzong dpon) জেলার প্রধানদের প্রাচীন তিব্বত সাম্রাজ্যের সময়ের রীতিনীতি ও আচার অনুষ্ঠান পালন করতে হত এবং প্রাচীন পোশাক রীতি মেনে চলতে হত।[55]:৫০৪ তা'ই-সি-তু-ব্যাং-ছুব-র্গ্যাল-ম্ত্শান দ্বারা প্রচলিত আইন ব্যবস্থা বিংশ শতাব্দী পর্যন্ত তিব্বতে প্রচলিত ছিল।[56]:৭ ১৩৬৪ খ্রিষ্টাব্দে তা'ই-সি-তু-ব্যাং-ছুব-র্গ্যাল-ম্ত্শানের মৃত্যু হলে তাঁর ভ্রাতুষ্পুত্র 'জাম-দ্ব্যাংস-শা-ক্যা-র্গ্যাল-ম্ত্শান মধ্য তিব্বতের পরবর্তী রাজা হন। তিনি যখন সিংহাসনে বসেন তখন মঙ্গোল ইউয়ান সাম্রাজ্য এতটাই দুর্বল হয়ে পড়েছে, যে তিব্বতের রাজনীতিতে তাঁদের প্রভাব ছিল না বললেই চলে। ১৩৬৫ খ্রিষ্টাব্দে ইউয়ান সম্রাট তোঘোন তেমুর তাঁকে গুশি উপাধি এবং নেদোং অঞ্চলের শাসনভার দান করেন। ১৩৬৮ খ্রিষ্টাব্দে মিং রাজবংশ চীন অধিকার করলে হেঝৌ অঞ্চলের সেনাপতির উপদেশে মিং সম্রাট তাঁকে পুনরায় উপাধি প্রদান করে তাঁর সঙ্গে সুসম্পর্ক বজায় রাখেন।[n 3][58] এরফলে 'জাম-দ্ব্যাংস-শা-ক্যা-র্গ্যাল-ম্ত্শান চীনের হস্তক্ষেপ ব্যতীত নিজের পৃথক শাসনব্যবস্থার অস্তিত্ব বজায় রাখতে সক্ষম হন।[59]:৪৮,৪৯ এই রাজ্যের অপর একজন উল্লেখযোগ্য শাসক গোং-মা-গ্রাগ্স-পা-র্গ্যাল-ম্ত্শানের রাজত্বকালে তিব্বতে সমৃদ্ধি আসে।[60] ঐ বংশের পূর্ববর্তী রাজারা যেরকম স্দে-স্রিদ উপাধি ধারণ করতেন, তিনি গোং-মা উপাধি ধারণ করেন।[61]:৮৫,৮৬ ১৩৮৮ খ্রিষ্টাব্দে হোংঊ তাঁকে গুশি উপাধি দান করেন এবং দুই রাজবংশের মধ্যে সম্পর্কের উন্নতি ঘটে। গোং-মা-গ্রাগ্স-পা-র্গ্যাল-ম্ত্শানের রাজত্বকালে দুই দেশের মধ্যে কূটনৈতিক ও বাণিজ্যিক আদান প্রদানও বৃদ্ধি পায়। বিখ্যাত তিব্বতী বৌদ্ধ পন্ডিত ত্সোং-খা-পা-ব্লো-ব্জাং-গ্রাগ্স-পার পৃষ্ঠপোষক ছিলেন। তাঁর অনুদানেই ত্সোং-খা-পা-ব্লো-ব্জাং-গ্রাগ্স-পা ও তাঁর অনুগামীরা দ্গা'-ল্দান বৌদ্ধবিহার নির্মাণ করতে সক্ষম হন।[62] ১৪০৯ খ্রিষ্টাব্দে রাজা লাসা শহরে ত্সোং-খা-পা-ব্লো-ব্জাং-গ্রাগ্স-পাকে লো-গ্সার বা তিব্বতী নববর্ষের দিনে উদযাপন করার জন্য স্মোন-লাম-ছেন-মো নামক উৎসবের সূচনা করতে সহায়তা করেন।[61]:৮৫,৮৬ গোং-মা-গ্রাগ্স-পা-র্গ্যাল-ম্ত্শানের ভ্রাতা সাংস-র্গ্যাস-র্গ্যাল-ম্ত্শান রিং-স্পুংস-পা নামক গ্ত্সাং অঞ্চলের রিং-স্পুংস এলাকার এক আঞ্চলিক জমিদার পরিবারের দুইজন মহিলাকে বিবাহ করেন এবং তাঁদের গ্রাগ্স-পা-'ব্যুং-গ্নাস এবং কুন-দ্গা'-লেগ্স-পা নামক দুই পুত্রের জন্ম হয়। গোং-মা-গ্রাগ্স-পা-র্গ্যাল-ম্ত্শানের মৃত্যুর পর যখন মন্ত্রীরা পরবর্তী উত্তরাধিকারী মনোয়নের জন্য ঐকমত্য্যে পৌঁছতে পারছিলেন না, রিং-স্পুংস-পা পরিবারের প্রধান নোর-বু-ব্জাং-পো এই সুযোগে ফাগ-মো-গ্রু-পা রাজবংশের এই গুরুত্বপূর্ণ প্রশ্নে গ্দান-সা-থেল বৌদ্ধবিহারের প্রধানকে সিংহাসনের উত্তরাধিকার নির্বাচনের উপদেশ দেন। প্রধান লামা গ্রাগ্স-পা-'ব্যুং-গ্নাসকে নির্বাচন করেন। যদিও সাংস-র্গ্যাস-র্গ্যাল-ম্ত্শানের সিংহাসনের প্রতি নজর ছিল, কিন্তু তিনি প্রধান লামার নির্বাচন মেনে নেন।[63]:১০৪,১০৫দুই বছর পরে ১৪৩৪ খ্রিষ্টাব্দে গ্দান-সা-থেল বৌদ্ধবিহারের প্রধান লামার মৃত্যু ঘটলে সাংস-র্গ্যাস-র্গ্যাল-ম্ত্শান সিংহাসনের দাবী জানাতে শুরু করেন। এরফলে এক বছর ব্যাপী এক গৃহযুদ্ধের সূচনা হয় ও সাংস-র্গ্যাস-র্গ্যাল-ম্ত্শানকে পালিয়ে যেতে হয় এবং নোর-বু-ব্জাং-পো বিজয়ী হিসেবে উঠে আসেন।[63]:১০৪,১০৫ এবং ১৪৩৫ খ্রিষ্টাব্দে সাম-দ্রুব-ত্সে নামক গুরুত্বপূর্ণ অঞ্চল অধিকার করেন। এরফলে রিং-স্পুংস-পা গ্ত্সাং অঞ্চলটি নিজেদের অধিকারে নিয়ে এসে মধ্য তিব্বতের নতুন রাজবংশরূপে উঠে আসে।[61]:৮৬,৮৭ রিং-স্পুংস-পা রাজবংশ নতুন শক্তিরূপে উঠে এলেও তাঁরা গ্রাগ্স-পা-'ব্যুং-গ্নাসকে ক্ষমতাচ্যূত করেননি, কিন্তু ফাগ-মো-গ্রু-পা রাজবংশের অধিকার শুধু পূর্ব মধ্য তিব্বতের দ্বুস অঞ্চলেই সীমাবদ্ধ রয়ে যায়। উভয় রাজবংশের পরবর্তী রাজারা নিজেদের মধ্যে বৈরীতা বজায় রাখেন। রিং-স্পুংস-পা রাজবংশের রাজা দোন-য়োদ-র্দো-র্জের রাজত্বে এই বিরোধ চরম আকার ধারণ করে। তিনি কার্মা-ব্কা'-ব্র্গ্যুদ ধর্মসম্প্রদায়ের সপ্তম র্গ্যাল-বা-কার্মা-পা ছোস-গ্রাগ্স-র্গ্যা-ম্ত্শোর পৃষ্ঠপোষক ছিলেন। ছোস-গ্রাগ্স-র্গ্যা-ম্ত্শোর অনুরোধে লাসা শহরের অদূরে দ্গে-লুগ্স ধর্মসম্প্রদায়ের প্রভাবাধীন এলাকায় বৌদ্ধবিহার নির্মাণের চেষ্টা করলে সেরা ও দ্রেপুং বৌদ্ধবিহারের দ্গে-লুগ্স ধর্মসম্প্রদায়ের বৌদ্ধরা এই নির্মাণ ভেঙ্গে দেন।[28]:২৭৭ এরফলে মধ্য তিব্বতে ধর্মীয় ও রাজনৈতিক একটি সংকট সৃষ্টি হয়।[64]:২২২-২২৫ ১৪৮০ খ্রিষ্টাব্দে দোন-য়োদ-র্দো-র্জে একটি বিশাল সৈন্যবাহিনীর সাহায্যে দ্বুস অঞ্চল আক্রমণ করেন। তিনি লাসা শহরের নিকটবর্তী ক্যিশোদ অঞ্চল আক্রমণ করে ফাগ-মো-গ্রু-পা রাজবংশের অষ্টম রাজা কুন-দ্গা'-লেগ্স-পার প্রভাবশালী মন্ত্রী কাঝিপা পরিবারের কোনছোক রিনছেনকে বিতাড়িত করেন। যদিও তিনি বেশ কিছু অঞ্চলকে রিং-স্পুংস-পা রাজবংশের অধীনে নিয়ে আসেন, তবুও দ্গা'-ল্দান বৌদ্ধবিহার লুঠ করার তাঁর প্রচেষ্টাকে প্রতিহত করা সম্ভব হয়।[16]:৮৭[28]:২৭৭[65]:৫০০ এই আক্রমণের পর ফাগ-মো-গ্রু-পা রাজ্যের মন্ত্রীরা পরামর্শ করে তাঁদের রাজা কুন-দ্গা'-লেগ্স-পাকে নির্বাসনে পাঠিয়ে ঙ্গাগ-গি-দ্বাং-পোকে পরবর্তী রাজা নির্বাচিত করেন। ঙ্গাগ-গি-দ্বাং-পোর রাজত্বকালে ১৪৮৫ খ্রিষ্টাব্দে দোন-য়োদ-র্দো-র্জে র্গ্যাল-র্ত্সে শহর আক্রমণ করে অধিকার করে নেন।[16]:৮৭[64]:২২৬ ১৪৯১ খ্রিষ্টাব্দেঙ্গাগ-গি-দ্বাং-পোর মৃত্যু হলে রিং-স্পুংস-পা রাজবংশের দ্বিতীয় রাজা কুন-তু-ব্জাং-পোর ভ্রাতা গ্ত্সো-স্ক্যেস-র্দো-র্জে ফাগ-মো-গ্রু-পা রাজ্যের উত্তরাধিকারী ঙ্গাগ-দ্বাং-ব্ক্রা-শিস-গ্রাগ্স-পার নাবালকত্বের সুযোগে রাজ্যের অভিভাবক হয়ে যান।[57]:৬৯৩ ১৪৯৮ খ্রিষ্টাব্দে লাসা শহরে বসবাসকারী কার্মা-ব্কা'-ব্র্গ্যুদ ধর্মসম্প্রদায়ের এক উচ্চপদস্থ বৌদ্ধকে হত্যা করা হলে দোন-য়োদ-র্দো-র্জে লাসা অবরোধ করেন। এই বছর থেকে প্রায় কুড়ি বছর কার্মা-ব্কা'-ব্র্গ্যুদ ধর্মসম্প্রদায়ের বৌদ্ধরা দ্গে-লুগস সম্প্রদায়ের বৌদ্ধদের লো-গ্সার বা তিব্বতী নববর্ষের দিনে উদযাপন করার জন্য স্মোন-লাম-ছেন-মো নামক উৎসব পালনে বাধা সৃষ্টি করে।[65]:৫০২ ১৪৯৯ খ্রিষ্টাব্দে দোন-য়োদ-র্দো-র্জের অনুমতিক্রমে ঙ্গাগ-দ্বাং-ব্ক্রা-শিস-গ্রাগ্স-পা ফাগ-মো-গ্রু-পা রাজবংশের পরবর্তী রাজা হিসেবে সিংহাসনে বসলে গ্ত্সো-স্ক্যেস-র্দো-র্জে অভিভাবকত্ব থেকে সরে আসেন। ১৫১০ খ্রিষ্টাব্দে গ্ত্সো-স্ক্যেস-র্দো-র্জের মৃত্যু হলে দোন-য়োদ-র্দো-র্জের সঙ্গে ঙ্গাগ-দ্বাং-ব্ক্রা-শিস-গ্রাগ্স-পার মধ্যে একটি সামরিক লড়াই শুরু হলেও দ্রুত তাঁদের মধ্যে মধ্যস্থতা হয়ে যায়। ১৫১২ খ্রিষ্টাব্দে দোন-য়োদ-র্দো-র্জের মৃত্যুর পর রিং-স্পুংস-পা রাজ্যের সামরিক ও রাজনৈতিক প্রভাব হ্রাস পেতে থাকে। ১৫১৫ খ্রিষ্টাব্দে ফাগ-মো-গ্রু-পা রাজবংশের সাথে পুনরায় বিরোধ শুরু হয়। রিং-স্পুংস-পা রাজবংশের অধীনে থাকা গ্যাখার্ত্সে তাঁদের আনুগত্য পাল্টে ফাগ-মো-গ্রু-পা রাজবংশের অধীনে চলে যায়।[64]:২৩১ লাসা থেকে রিং-স্পুংস-পার সৈন্যদল বিতাড়িত হয় এবং কুড়ি বছর পরে দ্গে-লুগস সম্প্রদায়ের বৌদ্ধদের স্মোন-লাম-ছেন-মো নামক উৎসব পালনের সুযোগ পান।[16]:৮৮[66]:৮৫ ঝিগ-শাগ-পা-ত্শে-ব্র্তান-র্দো-র্জে নামক রিং-স্পুংস-পা রাজবংশের এক আত্মীয় ও সাম-গ্রুব-ত্সে দুর্গের অধিপতি ১৫৫৭ খ্রিষ্টাব্দে রিং-স্পুংস-পা রাজবংশের বিরুদ্ধে বিদ্রোহ ঘোষণা করেন। ১৫৬৫ খ্রিষ্টাব্দে তিনি পানাম ল্হুনদ্রুপ ক্যুংত্সে অবরোধ করলে কুন-ম্খ্যেন-পাদ-মা-দ্কার-পো নামক 'ব্রুগ-পা-ব্কা'-ব্র্গ্যুদ ধর্মসম্প্রদায়ের চতুর্থ র্গ্যাল-দ্বাং-'ব্রুগ-পা উভয় পক্ষের মধ্যে মধ্যস্থতা করেন। কিন্তু ১৫৬৬ খ্রিষ্টাব্দে ন্যাংতোদ অঞ্চলে এক নতুন যুদ্ধের সূচনা হলে কুন-ম্খ্যেন-পাদ-মা-দ্কার-পোর মধ্যস্থতায় ঙ্গাগ-দ্বাং-'জিগ্স-মেদ-গ্রাগ্স-পা সমগ্র পানাম অঞ্চলটি ঝিগ-শাগ-পা-ত্শে-ব্র্তান-র্দো-র্জেকে সমর্পণ করে দিতে সম্মত হন। এরফলে রিং-স্পুংস-পা রাজবংশের প্রভাব মধ্য তিব্বত থেকে অন্তর্হিত হয় এবং ঝিগ-শাগ-পা-ত্শে-ব্র্তান-র্দো-র্জে গ্ত্সাং-পা রাজবংশ স্থাপন করে মধ্য তিব্বতের নতুন শক্তি হিসেবে উঠে আসেন।[28]:২৮০",কার কাছে  রিং-স্পুংস-পা রাজবংশের পতন ঘটে ?,ঝিগ-শাগ-পা-ত্শে-ব্র্তান-র্দো-র্জে,রিং-স্পুংস-পা রাজবংশের পতন ঘটে ঙ্গাগ-দ্বাং-'জিগ্স-মেদ-গ্রাগ্স-পার কাছে। ন্যাংতোদ অঞ্চলের যুদ্ধ ও পানাম অঞ্চল সমর্পণের ঘটনাই তাঁর চূড়ান্ত বিজয়,0.799605,no,"[""রিং-স্পুংস-পা রাজবংশের পতনকে প্রায় শেন্দো রাজা লোহাকৃতি দ্বারা ঘটিত বলা হয়।"", ""রিং-স্পুংস-পা রাজবংশের পতন তামিল জাতীয় সৈনিক বালক লালানের কাছে ঘটে।"", ""রিং-স্পুংস-পা রাজবংশের পতন তারাজি কিং কাছে ঘটে।"", ""রিং-স্পুংস-পা রাজবংশের পতন অ্যান্ড্রোগেনিয়া রাজা নারিনজেলা দ্বারা ক্ষমতাচ্যুত হয়েছিল।"", ""রিং-স্পুংস-পা রাজবংশের পতন মুসলিম সাম্রাজ্যের কাছে ঘটে।""]"
bengali--7124112135723354543-3::factualness,bengali--7124112135723354543-3,factualness,১৮৬৭ সালের ২৮ অক্টোবর উত্তর আয়ারল্যান্ডের ডানগ্যানন শহরে মার্গারেট এলিজাবেথ নোবেল জন্মগ্রহণ করেছিলেন। তাঁর বাবা স্যামুয়েল রিচমন্ড নোবেল ছিলেন ধর্মযাজক। মায়ের নাম ছিল মেরি ইসাবেলা। মাত্র দশ বছর বয়সে মার্গারেটের বাবা মারা যান। তারপর তাঁর দাদামশাই তথা আয়ারল্যান্ডের বিশিষ্ট স্বাধীনতা সংগ্রামী হ্যামিলটন তাঁকে লালনপালন করেন। মার্গারেট লন্ডনের চার্চ বোর্ডিং স্কুলে পড়াশুনা করেছিলেন। এরপর হ্যালিফ্যাক্স কলেজে তিনি এবং তার বোন মেরি পড়াশুনা করেছিলেন।,অ্যাংলো-আইরিশ বংশোদ্ভুত ভগিনী নিবেদিতার বাবার নাম কী ?,স্যামুয়েল রিচমন্ড নোবেল,ভগিনী নিবেদিতার বাবার নাম ছিল স্যামুয়েল এডওয়ার্ড নোবেল।,0.814193,no,"[""নাবাবার নাম অ্যালেকজান্ডার নিবেদিতা।"", ""নিবেদিতার বাবার নাম জেমস হোম।"", ""নিবেদিতার বাবার নাম জেমস মেরি ও ফিফা।"", ""নিবেদিতার বাবার নাম জেমস হোহামন্ড অ্যামেরিকান ডিভিঝনের একজন কমান্ডার।"", ""নাবাবার নাম জেমস ক্যাথলর।""]"
bengali--7124112135723354543-3::comprehension,bengali--7124112135723354543-3,comprehension,১৮৬৭ সালের ২৮ অক্টোবর উত্তর আয়ারল্যান্ডের ডানগ্যানন শহরে মার্গারেট এলিজাবেথ নোবেল জন্মগ্রহণ করেছিলেন। তাঁর বাবা স্যামুয়েল রিচমন্ড নোবেল ছিলেন ধর্মযাজক। মায়ের নাম ছিল মেরি ইসাবেলা। মাত্র দশ বছর বয়সে মার্গারেটের বাবা মারা যান। তারপর তাঁর দাদামশাই তথা আয়ারল্যান্ডের বিশিষ্ট স্বাধীনতা সংগ্রামী হ্যামিলটন তাঁকে লালনপালন করেন। মার্গারেট লন্ডনের চার্চ বোর্ডিং স্কুলে পড়াশুনা করেছিলেন। এরপর হ্যালিফ্যাক্স কলেজে তিনি এবং তার বোন মেরি পড়াশুনা করেছিলেন।,অ্যাংলো-আইরিশ বংশোদ্ভুত ভগিনী নিবেদিতার বাবার নাম কী ?,স্যামুয়েল রিচমন্ড নোবেল,হ্যামিলটন নোবেল,0.829564,no,"[""অ্যাংলো-আইরিশ বংশোদ্ভুত ভগিনী নিবেদিতার বাবার নাম জেমস মেয়ার।"", ""নাবাবার নাম মার্টিন জে. কারলসন।"", ""নিবেদিতার বাবার নাম জেমস মেরি ও ফিলিপস।"", ""নিবেদিতার বাবার নাম জেমস রবিন্সন।"", ""নিবেদিতার বাবার নাম জেমস হেনরিক্স ওয়ালেস।""]"
bengali--7124112135723354543-3::specificity,bengali--7124112135723354543-3,specificity,১৮৬৭ সালের ২৮ অক্টোবর উত্তর আয়ারল্যান্ডের ডানগ্যানন শহরে মার্গারেট এলিজাবেথ নোবেল জন্মগ্রহণ করেছিলেন। তাঁর বাবা স্যামুয়েল রিচমন্ড নোবেল ছিলেন ধর্মযাজক। মায়ের নাম ছিল মেরি ইসাবেলা। মাত্র দশ বছর বয়সে মার্গারেটের বাবা মারা যান। তারপর তাঁর দাদামশাই তথা আয়ারল্যান্ডের বিশিষ্ট স্বাধীনতা সংগ্রামী হ্যামিলটন তাঁকে লালনপালন করেন। মার্গারেট লন্ডনের চার্চ বোর্ডিং স্কুলে পড়াশুনা করেছিলেন। এরপর হ্যালিফ্যাক্স কলেজে তিনি এবং তার বোন মেরি পড়াশুনা করেছিলেন।,অ্যাংলো-আইরিশ বংশোদ্ভুত ভগিনী নিবেদিতার বাবার নাম কী ?,স্যামুয়েল রিচমন্ড নোবেল,ভগিনী নিবেদিতার বাবা ছিলেন একজন আইরিশ ধর্মযাজক।,0.806163,no,"[""নারেন্দ্র মোহন দে।"", ""নিবেদিতার বাবার নাম জেমস ক্লারক স্মিথ।"", ""নাবীন সেন।"", ""নাইথান আর্থ urdhবাবার নাম।"", ""নিবেদিতার বাবার নাম জেমস কার।""]"
bengali--7124112135723354543-3::inference,bengali--7124112135723354543-3,inference,১৮৬৭ সালের ২৮ অক্টোবর উত্তর আয়ারল্যান্ডের ডানগ্যানন শহরে মার্গারেট এলিজাবেথ নোবেল জন্মগ্রহণ করেছিলেন। তাঁর বাবা স্যামুয়েল রিচমন্ড নোবেল ছিলেন ধর্মযাজক। মায়ের নাম ছিল মেরি ইসাবেলা। মাত্র দশ বছর বয়সে মার্গারেটের বাবা মারা যান। তারপর তাঁর দাদামশাই তথা আয়ারল্যান্ডের বিশিষ্ট স্বাধীনতা সংগ্রামী হ্যামিলটন তাঁকে লালনপালন করেন। মার্গারেট লন্ডনের চার্চ বোর্ডিং স্কুলে পড়াশুনা করেছিলেন। এরপর হ্যালিফ্যাক্স কলেজে তিনি এবং তার বোন মেরি পড়াশুনা করেছিলেন।,অ্যাংলো-আইরিশ বংশোদ্ভুত ভগিনী নিবেদিতার বাবার নাম কী ?,স্যামুয়েল রিচমন্ড নোবেল,হ্যামিলটন নোবেল ছিলেন তাঁর বাবা।,0.630402,yes,"[""নিবেদিতার বাবার নাম জেমস মার্জোলিন।"", ""অ্যাংলো-আইরিশ বংশোদ্ভুত ভগিনী নিবেদিতার বাবার নাম মহাত্মা গান্ধী।"", ""নিবেদিতার বাবার নাম জেমস ক্যাম্পবেল।"", ""নাবীন্দ্রনাথ ঠাকুর।"", ""নাইশোল বোলিংগার নাম ছিল।""]"
bengali-2573614511216597131-1::factualness,bengali-2573614511216597131-1,factualness,পীর গোরাচাঁদের আসল নাম হল পীর হজরত শাহ সৈয়দ আব্বাস আলী রাজী। তাঁর পিতার নাম হজরত করিম উল্লাহ এবং মাতার নাম মায়মুনা সিদ্দিকা। আনুমানিক ১২৬৫ খ্রিস্টাব্দে আরবের মক্কা নগরে জমজম মহল্লায় বিখ্যাত কোরায়েশ বংশে তিনি জন্মগ্রহণ করেন। পীর হজরত শাহজালাল এঅমনির কাছে তরীকা সুফীমতে দীক্ষাগ্রহণের পর গুরুর নির্দেশে ভারতবর্ষে ধর্মপ্রচারে আসেন। [1][2][4],পীর গোরাচাঁদের বাবার নাম কি ছিল ?,হজরত করিম উল্লাহ,পীর গোরাচাঁদের বাবার নাম ছিল সৈয়দ করিম শাহ উল্লাহ।,0.926437,no,"[""পীর গোরাচাঁদের বাবার নাম মোহিবুল্লাহ ছিল।"", ""পীর গোরাচাঁদের বাবার নাম মোহিনীরা ছিল।"", ""পীর গোরাচাঁদের বাবার নাম মোহাম্মদ গর্বানুর্রহমান।"", ""পীর গোরাচাঁদের বাবার নাম মোহিনীর আলি।"", ""পীর গোরাচাঁদের বাবার নাম মোহাম্মদ গরুদপুর।""]"
bengali-2573614511216597131-1::comprehension,bengali-2573614511216597131-1,comprehension,পীর গোরাচাঁদের আসল নাম হল পীর হজরত শাহ সৈয়দ আব্বাস আলী রাজী। তাঁর পিতার নাম হজরত করিম উল্লাহ এবং মাতার নাম মায়মুনা সিদ্দিকা। আনুমানিক ১২৬৫ খ্রিস্টাব্দে আরবের মক্কা নগরে জমজম মহল্লায় বিখ্যাত কোরায়েশ বংশে তিনি জন্মগ্রহণ করেন। পীর হজরত শাহজালাল এঅমনির কাছে তরীকা সুফীমতে দীক্ষাগ্রহণের পর গুরুর নির্দেশে ভারতবর্ষে ধর্মপ্রচারে আসেন। [1][2][4],পীর গোরাচাঁদের বাবার নাম কি ছিল ?,হজরত করিম উল্লাহ,পীর গোরাচাঁদের বাবার নাম ছিল শাহজালাল এঅমনি।,0.905867,no,"[""পীর গোরাচাঁদের বাবার নাম মোহিনীপুর গোবinda ছিল।"", ""পীর গোরাচাঁদের বাবার নাম মোহিনীরা ছিল।"", ""পীর গোরাচাঁদের বাবার নাম মোহাম্মদ গোরাচাঁদ।"", ""পীর গোরাচাঁদের বাবার নাম মোহাম্মদ গোরাহাটিয়া।"", ""পীর গোরাচাঁদের বাবার নাম মোহিনি তুর্ক।""]"
bengali-2573614511216597131-1::specificity,bengali-2573614511216597131-1,specificity,পীর গোরাচাঁদের আসল নাম হল পীর হজরত শাহ সৈয়দ আব্বাস আলী রাজী। তাঁর পিতার নাম হজরত করিম উল্লাহ এবং মাতার নাম মায়মুনা সিদ্দিকা। আনুমানিক ১২৬৫ খ্রিস্টাব্দে আরবের মক্কা নগরে জমজম মহল্লায় বিখ্যাত কোরায়েশ বংশে তিনি জন্মগ্রহণ করেন। পীর হজরত শাহজালাল এঅমনির কাছে তরীকা সুফীমতে দীক্ষাগ্রহণের পর গুরুর নির্দেশে ভারতবর্ষে ধর্মপ্রচারে আসেন। [1][2][4],পীর গোরাচাঁদের বাবার নাম কি ছিল ?,হজরত করিম উল্লাহ,পীর গোরাচাঁদের বাবার নাম সম্ভবত শাহ সৈয়দ আব্বাস আলী রাজী।,0.929166,no,"[""পীর গোরাচাঁদের বাবার নাম মোহাম্মদ গোরাচাঁদ।"", ""পীর গোরাচাঁদের বাবার নাম মোহাম্মদ গোরাচাঁদ।"", ""পীর গোরাচাঁদের বাবার নাম মোhammad ছিল।"", ""পীর গোরাচাঁদের বাবার নাম মোহাম্মদ গোরাচাঁদ।"", ""পীর গোরাচাঁদের বাবার নাম মোহিনীরা ছিল।""]"
bengali-2573614511216597131-1::inference,bengali-2573614511216597131-1,inference,পীর গোরাচাঁদের আসল নাম হল পীর হজরত শাহ সৈয়দ আব্বাস আলী রাজী। তাঁর পিতার নাম হজরত করিম উল্লাহ এবং মাতার নাম মায়মুনা সিদ্দিকা। আনুমানিক ১২৬৫ খ্রিস্টাব্দে আরবের মক্কা নগরে জমজম মহল্লায় বিখ্যাত কোরায়েশ বংশে তিনি জন্মগ্রহণ করেন। পীর হজরত শাহজালাল এঅমনির কাছে তরীকা সুফীমতে দীক্ষাগ্রহণের পর গুরুর নির্দেশে ভারতবর্ষে ধর্মপ্রচারে আসেন। [1][2][4],পীর গোরাচাঁদের বাবার নাম কি ছিল ?,হজরত করিম উল্লাহ,মায়মুনা সিদ্দিকা ছিলেন তাঁর বাবা।,0.898279,no,"[""পীর গোরাচাঁদের বাবার নাম মোহিনিরায়া ছিল।"", ""পীর গোরাচাঁদের বাবার নাম মোহিম আলী।"", ""পীর গোরাচাঁদের বাবার নাম মোহিনীর উরুল্লালী ছিল।"", ""পীর গোরাচাঁদের বাবার নাম মোঘলি মোদী।"", ""পীর গোরাচাঁদের বাবার নাম মোহিবুর""]"
bengali--4088972979448384532-2::factualness,bengali--4088972979448384532-2,factualness,"দেবশ্রী রায় এর জন্ম, বেড়ে ওঠা কলকাতায়। তার পিতার নাম বীরেন্দ্র কিশোর রায় এবং মায়ের নাম আরতি রায়। ১৯৬৯ সনে তিনি প্রথম ""বালক গদাধর"" নামে একটি চলচিত্রে শিশুশিল্পী হিসেবে অভিনয় করেন, যার পরিচালক ছিলেন হরিময় সেন। তিনি কলকাতার এ পি জে ,পার্ক স্ট্রীট শাখার স্কুলের ছাত্রী ছিলেন, যদিও নাচের প্রতি অত্যধিক ঝোঁক থাকার কারণে বেশিদূর এগোতে পারেন নি। তার ডাক নাম চুমকি।",দেবশ্রী রায়ের ডাক নাম কি ?,চুমকি,রিনি,0.938302,no,"[""দেবশ্রী রাঘবেন্দ্র মুখোপাধ্যায়ের ডাক নাম দেবশ্রী।"", ""দেবশ্রী রাঘবেন্দ্র রায়ের ডাক নাম \""দেবশ্রী\""।"", ""দেবশ্রী রাঘবেন্দ্রের ডাক নাম \""দেবশ্রী\""।"", ""দেবশ্রী রাঘবেন্দ্রের ডাক নাম \""দেবশ্রী\""।"", ""দেবশ্রী রাঘবেন্দ্রের ডাক নাম দেবশ্রী।""]"
bengali--4088972979448384532-2::comprehension,bengali--4088972979448384532-2,comprehension,"দেবশ্রী রায় এর জন্ম, বেড়ে ওঠা কলকাতায়। তার পিতার নাম বীরেন্দ্র কিশোর রায় এবং মায়ের নাম আরতি রায়। ১৯৬৯ সনে তিনি প্রথম ""বালক গদাধর"" নামে একটি চলচিত্রে শিশুশিল্পী হিসেবে অভিনয় করেন, যার পরিচালক ছিলেন হরিময় সেন। তিনি কলকাতার এ পি জে ,পার্ক স্ট্রীট শাখার স্কুলের ছাত্রী ছিলেন, যদিও নাচের প্রতি অত্যধিক ঝোঁক থাকার কারণে বেশিদূর এগোতে পারেন নি। তার ডাক নাম চুমকি।",দেবশ্রী রায়ের ডাক নাম কি ?,চুমকি,রুমা,0.866284,no,"[""দেবশ্রী রাঘবের ডাক নাম দেবশ্রী।"", ""দেবশ্রী রাজেন্দ্র প্রসাদ মুখোপাধ্যায় ব্যক্তিকে বাংলায় 'রাজ' নামে ডাকা হয়।"", ""দেবশ্রী রাজেন্দ্র নাথ সিংহের ডাক নাম \""দেবশ্রী\""।"", ""দেবশ্রী রাওয়াল ই Baltimore রাওয়ালের ডাক নাম।"", ""দেবশ্রী রাজেন্দ্র পণ্ডিতের ডাক নাম রাজেন্দ্র।""]"
