id,in_bertscore_bottom1000,in_nli_bottom1000
352,1,1
25770,0,0
18164,1,1
20604,0,1
11567,1,1
13645,0,0
11657,1,1
6956,0,1
20093,1,0
19063,1,1
14259,1,0
15726,1,0
16225,0,1
15181,1,0
13389,1,0
6292,0,1
14261,0,1
12813,0,0
21399,0,1
21314,1,0
18702,0,1
22448,0,1
19701,1,1
4918,1,0
23775,0,1
2700,0,1
11581,0,1
11618,0,0
15065,0,1
19824,0,0
5795,1,1
5369,1,1
22432,1,1
20861,1,1
13724,0,0
10720,1,0
20293,1,1
5210,1,0
12621,1,1
15064,0,1
11882,1,1
24172,0,0
4827,0,1
18246,1,1
14049,0,1
13814,0,0
11010,1,0
7390,1,1
6846,1,0
17771,0,1
7001,0,1
23211,0,1
17534,1,1
11748,1,0
6080,0,0
22321,1,0
12126,1,1
11055,1,0
26456,1,1
21112,0,1
8217,0,0
23497,0,0
16577,1,1
25506,1,0
5319,0,0
19098,1,1
19963,1,1
24048,1,1
17168,0,1
16942,1,1
4839,0,1
11254,1,0
7424,1,1
18838,0,1
14748,1,0
13954,0,1
3174,1,0
21972,1,0
17546,1,0
13269,0,1
11643,0,1
15636,0,0
4968,0,1
20602,1,0
6585,0,1
24028,0,0
21456,0,0
17474,1,1
14287,1,1
17420,1,1
26382,1,0
13788,0,0
12578,0,0
15948,0,1
1238,1,0
12727,1,0
21511,1,0
19839,0,1
17277,0,1
19037,1,0
25048,1,0
25490,0,0
7150,0,0
24801,0,0
13026,0,0
13005,1,0
23596,0,1
17290,1,0
3232,1,0
11620,0,0
13168,0,1
6198,0,0
2301,0,0
24210,0,1
2204,0,0
4392,0,1
2083,0,0
6546,0,0
19174,1,0
2636,0,1
18153,0,1
19472,1,1
16370,1,0
15523,0,1
17506,1,1
19753,1,0
26207,0,1
21482,1,0
21514,0,0
15271,0,1
13369,1,0
8368,0,0
22348,0,0
11058,1,1
25563,1,1
24972,0,1
25900,1,1
25309,0,1
16614,0,1
5529,0,1
4136,1,0
23951,1,0
17064,1,0
14790,1,0
14786,0,0
20071,0,1
24422,0,1
312,1,1
22363,0,1
21218,1,0
24350,1,0
16787,0,1
21162,1,0
15737,1,0
19687,0,1
24794,1,1
26176,0,0
24677,1,0
17538,0,1
25850,1,1
12221,0,1
3235,1,1
5844,1,0
15002,1,1
4733,0,1
10777,1,1
11922,0,0
24836,0,0
18782,0,0
7645,0,0
20563,0,0
781,1,1
23720,1,0
16126,0,1
18626,0,0
2496,1,0
15679,1,1
23169,1,1
12930,1,1
17149,0,1
18272,1,0
20698,1,1
5557,1,0
5636,0,1
5468,1,1
2961,1,1
25344,0,1
11560,0,1
11283,1,1
1598,0,0
11733,1,0
12619,0,0
11485,1,0
19096,1,1
4028,1,0
20399,1,0
15682,1,0
26089,1,0
3047,1,0
24311,1,1
21942,0,1
16096,0,1
13932,0,0
24891,0,0
17134,1,1
15355,1,1
23748,1,0
2113,1,0
6803,0,0
7819,1,1
5832,0,1
24853,1,0
8082,1,0
24093,1,0
20960,0,0
14825,1,1
17987,1,0
1577,1,0
16821,1,0
18244,1,1
26311,1,0
7267,0,1
11833,1,1
25908,0,1
16444,1,1
20409,1,1
4593,0,0
4309,0,0
7324,1,0
23788,0,0
13493,1,0
16360,0,1
24946,1,1
26292,0,1
18851,1,0
13784,1,1
25546,0,1
17133,1,0
20872,0,1
15466,0,1
6718,0,0
19156,1,1
5485,0,1
7759,0,0
4302,1,0
7141,1,0
20081,0,1
17662,1,1
12736,1,0
23007,0,1
14999,1,0
11815,1,1
4614,0,1
20392,0,0
23095,1,0
24746,1,0
20587,0,1
14947,1,0
6159,1,0
7969,1,0
8206,1,1
2364,1,0
3463,1,1
2690,1,0
2101,0,0
24136,0,0
291,0,0
7821,1,1
17443,1,0
11457,1,1
10729,1,1
24167,0,1
15062,0,1
25870,1,1
19893,0,1
5025,0,0
13232,1,1
20099,0,0
13163,0,0
24503,0,0
5268,0,1
18159,1,0
23029,0,1
13053,0,0
16139,0,0
5320,1,1
13463,0,1
14788,1,0
5201,0,0
1508,0,1
18138,0,1
20539,0,0
17817,0,1
13701,0,1
12570,0,0
25429,1,0
6309,0,0
2365,1,1
25994,1,1
26027,1,0
18213,1,1
17058,1,0
8121,1,1
14055,1,0
7874,0,0
7647,1,1
22126,0,0
16209,1,1
12824,0,0
14762,1,1
23793,1,0
26321,0,1
11532,0,0
21158,1,0
21834,1,1
17983,1,0
24074,1,0
21197,1,0
15576,1,1
18688,1,1
6616,0,0
13978,1,0
25430,0,0
19676,1,1
21849,1,0
6716,1,0
4799,0,1
23675,1,0
1471,1,1
6811,0,1
17039,1,0
25172,0,1
5853,1,1
8126,1,1
7360,0,1
4124,1,1
6661,1,0
15003,1,1
16803,1,0
14117,0,1
25513,1,0
18861,1,1
13901,1,0
16788,1,1
15673,0,0
17077,1,1
23317,1,1
6288,1,1
11329,0,0
14920,1,0
20119,1,1
17312,1,0
6064,1,1
16807,1,0
20337,0,0
15931,1,0
20711,0,0
580,1,1
12195,0,0
1770,1,0
21547,0,1
12246,1,0
21736,1,0
17306,1,1
12783,0,1
21867,0,1
23012,1,0
3421,1,1
5873,0,1
24065,0,1
2921,1,1
13710,1,0
15767,1,1
15941,1,0
3854,0,1
19068,1,0
17994,1,1
5449,1,1
15574,1,1
15923,1,0
13976,1,1
10631,0,0
16667,1,0
2775,0,1
12845,0,1
22278,0,0
11850,0,1
13467,1,1
20566,0,0
2252,1,1
4940,1,0
2857,1,1
1199,0,0
4582,1,1
6990,0,0
24277,1,0
15914,1,1
25842,0,1
2491,0,1
23823,0,0
11701,0,1
4375,0,0
6345,0,0
6932,1,1
16480,0,1
20897,0,0
13550,1,1
16383,0,1
13050,0,1
26007,0,1
16469,0,1
3830,0,1
16336,0,1
17451,1,1
4303,1,0
19580,1,1
15425,1,0
16234,0,0
16496,0,1
16050,1,1
20204,0,1
22083,0,1
5818,1,0
15874,1,0
19335,1,1
24186,1,1
12786,1,0
16384,1,1
7441,0,1
20737,0,0
24935,1,1
12487,1,1
7378,0,0
3563,1,0
12715,0,1
20372,1,1
17680,1,1
26189,0,1
10591,1,0
16565,0,0
24248,1,0
8162,1,0
11695,0,1
1563,1,0
21751,1,0
24846,0,0
12408,1,1
24968,0,0
8066,0,0
22026,1,0
18267,1,0
14164,0,1
15826,0,0
3134,1,1
20744,0,1
16724,0,1
2811,1,0
3319,1,0
13004,0,1
17431,1,1
21261,0,0
3995,1,0
12595,1,0
12505,1,0
1961,1,1
2990,0,0
11249,0,1
6881,1,0
24951,1,1
14844,1,0
5205,0,1
6202,1,0
3815,1,0
5113,0,1
25379,1,1
13223,1,1
13924,1,0
2011,1,0
16188,1,1
25483,0,0
12363,1,1
10665,0,0
11481,1,1
5998,1,1
5180,1,1
12726,1,0
10523,1,1
24268,0,0
12465,1,0
16363,1,1
11195,0,1
11189,1,1
7285,1,0
6878,1,1
24896,1,1
6998,1,1
7057,1,1
4962,1,1
12051,1,0
18788,1,1
23711,0,1
22104,1,0
7598,0,1
14781,1,1
14381,0,0
13248,0,0
1212,0,0
4604,0,1
4048,0,1
15830,0,0
12092,0,0
4308,0,1
21902,0,1
7179,1,0
7638,0,1
7250,1,0
6013,0,1
17296,0,1
8152,0,0
8296,0,0
23722,1,0
551,1,1
22516,1,0
23993,0,0
11962,0,0
17284,0,1
16909,1,0
15635,0,1
13515,0,0
24636,1,0
7044,0,0
18862,0,1
20516,0,1
6606,1,1
8124,0,1
1830,1,0
12731,1,1
14022,1,0
17641,1,0
12330,0,1
25642,1,1
7875,0,0
18083,0,1
16443,1,1
1739,0,0
11409,0,1
5344,1,0
14188,0,1
13995,0,0
17047,0,0
7588,0,1
12934,0,0
6610,0,1
20376,0,0
18708,0,1
4829,1,1
19347,0,0
17567,1,1
8290,1,0
14742,1,0
19835,0,1
20973,1,0
23508,1,1
22995,1,1
2718,0,1
7482,1,1
11923,0,1
24906,0,0
19870,0,0
19958,0,1
21651,0,0
20446,1,1
4807,1,0
11927,1,1
20483,0,1
2460,0,1
16583,0,0
14996,0,1
19705,0,0
22556,1,0
6830,0,1
8059,0,1
1334,1,1
21276,1,0
13428,0,0
3450,0,1
16065,1,1
21463,0,1
19967,1,0
20665,1,0
6888,0,1
6520,0,1
11257,0,1
6586,0,0
24997,1,1
6293,1,0
2703,0,1
4193,0,0
15569,0,1
26001,0,0
13993,1,0
23066,0,1
23628,0,0
23992,1,1
10491,1,1
20460,1,0
15435,1,1
7489,0,1
13556,1,0
15316,0,0
11926,1,0
16664,0,0
10617,1,1
20914,0,0
15165,0,0
18260,1,1
2199,1,0
23072,1,0
8182,0,1
17094,1,1
6599,1,1
3913,0,1
13911,0,1
13834,1,1
15285,0,1
7822,1,1
24383,0,0
5528,0,1
12135,0,1
24068,1,1
25361,1,0
16121,0,0
15010,1,0
12274,0,0
10811,1,0
23466,0,1
17324,0,0
24607,0,1
15773,1,1
16230,0,0
14927,0,1
19561,0,1
6458,0,0
1562,0,1
11933,0,0
19072,1,1
20350,0,0
6783,1,0
26259,1,0
10888,0,1
19972,0,1
13229,0,0
24819,1,1
7893,1,1
16758,1,0
13874,0,1
19730,0,0
10866,0,1
21223,0,1
14317,0,0
10531,0,1
22014,0,0
20522,0,0
20637,1,0
8157,1,0
19521,1,1
19931,0,1
13077,0,0
10965,1,0
23040,1,1
18739,0,0
20538,1,0
15118,0,1
19638,1,1
19566,0,0
24675,1,0
25626,1,1
6260,1,1
23659,1,1
21871,1,1
26274,1,0
13912,1,0
12276,1,0
820,1,0
13910,1,1
1988,1,0
20885,1,0
24278,1,0
13339,1,0
23061,0,1
12279,0,0
1997,0,0
12278,0,0
1892,1,0
8317,1,0
22560,1,1
23139,0,1
19356,0,0
16605,1,0
19288,1,1
23666,0,1
12060,0,0
6840,1,0
21333,0,1
6886,0,1
14775,0,1
7535,1,0
24175,1,0
21913,1,1
14247,0,0
26150,1,0
7988,1,0
21125,0,1
7999,1,1
6084,1,1
12776,1,0
20038,1,1
18322,1,1
18742,0,1
14010,0,0
7626,1,1
23367,1,1
16920,1,1
4679,1,1
22111,0,1
21367,0,0
23293,0,0
6223,1,0
21349,0,0
2362,1,1
16617,1,0
2238,1,1
18163,0,1
17032,1,1
15566,1,1
8331,0,0
17635,0,1
18077,1,0
6163,1,0
24413,1,0
19806,1,1
20269,0,1
6247,1,0
11343,1,1
18958,0,0
12660,0,1
17808,1,0
7611,1,0
7984,1,1
2175,1,1
5732,1,0
11389,1,1
1372,0,0
17148,0,1
19341,1,1
20687,0,0
22118,1,0
6905,0,0
20137,0,0
17114,0,1
13404,0,1
23119,0,0
15582,1,0
24471,1,0
6536,0,1
18008,0,1
24336,1,0
25433,1,0
7072,1,1
17725,1,0
18846,1,0
6079,0,0
26035,0,0
12699,0,0
14236,1,1
5539,0,1
6992,1,1
15324,0,1
21584,1,0
12076,1,0
7379,1,1
26283,1,0
11110,1,0
2598,0,0
16809,1,1
1773,1,1
12563,0,1
21697,1,1
15091,1,1
23355,0,0
6125,0,0
10855,1,0
21961,0,0
16326,0,1
3170,0,0
24646,1,0
20135,0,0
702,1,0
25958,1,1
5422,1,0
22244,1,0
19887,0,1
13928,0,1
11550,1,1
21599,1,0
14764,1,1
17895,0,1
2804,1,0
21519,1,0
7513,1,0
12239,1,1
14232,1,1
7658,0,1
3104,0,1
5294,1,1
20853,1,0
7634,1,1
14893,1,1
7439,1,0
19838,0,1
11563,0,0
24082,0,0
15164,1,1
23926,1,0
15918,1,1
20039,0,1
23046,1,1
13626,0,0
23806,1,1
18868,0,0
15579,0,0
12737,1,1
11226,1,0
12116,0,0
7029,0,1
17151,0,1
7299,1,1
5132,0,0
23976,0,0
14441,0,0
15498,1,0
12356,0,1
1827,0,1
21039,0,1
24141,0,1
7563,1,1
16218,0,0
23930,1,0
23432,0,1
23742,0,1
20865,1,1
3234,1,0
7431,0,0
20443,1,0
20810,1,0
15686,1,0
11614,1,0
20033,1,0
21270,0,0
4004,1,0
7178,1,0
6077,1,0
6026,0,1
1299,1,0
13975,0,1
21396,1,0
18849,1,1
15932,1,1
17756,1,0
11956,1,1
1403,1,1
24509,1,0
21326,0,0
25663,1,0
14811,1,1
7554,1,1
19956,1,0
4389,1,0
22511,1,1
12137,0,0
6194,0,0
16852,1,1
19821,0,1
19876,0,0
23684,0,1
14379,1,1
16631,1,1
11877,0,0
22177,0,0
22396,0,1
10804,1,1
2429,1,1
11031,1,1
18665,0,1
16148,0,1
11338,1,1
11387,1,0
20822,0,0
20752,1,1
12552,1,0
20785,0,0
18618,1,0
6987,0,0
14061,1,0
7779,1,1
15306,1,0
23057,1,0
18770,0,1
6145,1,0
25153,1,0
17614,0,0
23090,0,0
24867,0,1
20595,0,1
25953,1,0
22173,1,1
5347,1,0
13098,1,1
23893,1,1
22107,1,0
25793,0,0
16280,1,0
25228,0,0
4861,0,1
6277,0,0
10792,0,1
2458,1,1
21319,0,1
6532,1,1
7896,1,1
25510,1,0
3503,1,0
8228,1,0
15095,1,1
16785,0,1
13801,1,1
3261,0,0
20515,0,1
17760,1,1
25983,1,1
5775,1,1
2467,1,1
13713,0,1
14036,1,0
17230,0,0
2076,1,1
12886,0,1
7612,1,0
17412,0,1
25761,1,1
12575,1,0
21121,1,1
23999,0,1
6907,0,1
24980,0,1
13199,1,1
6710,0,1
2862,0,0
22470,0,0
14371,0,1
19796,1,1
24593,1,0
23816,1,1
20445,0,1
5842,0,1
14181,1,0
19216,0,0
25885,1,1
17736,1,1
19992,0,1
17081,0,1
23750,0,1
16850,1,1
11294,0,1
4569,1,1
21973,0,1
5798,0,0
15723,0,0
12244,0,1
24341,0,1
20708,0,1
14139,0,0
11752,1,1
25282,0,0
7104,1,1
13346,1,0
7381,0,1
22964,1,0
22187,1,1
5814,1,1
5426,1,0
3303,1,1
5815,1,0
22330,1,1
20148,0,0
7372,0,0
17859,1,0
19134,1,0
14997,1,1
17631,0,1
25387,0,1
20957,1,0
6208,1,0
1973,0,1
17564,0,0
7684,0,1
2107,1,0
1915,0,1
3213,0,1
23413,1,1
17738,0,0
16784,0,0
19159,1,1
17361,0,0
16006,1,0
17871,1,1
6726,1,1
11239,0,1
22005,0,1
14741,0,1
14223,1,1
11103,1,1
11310,1,0
15302,0,0
11625,1,0
22037,0,0
26403,1,1
5361,0,1
16402,0,1
15750,1,0
19340,0,0
25849,0,1
17458,1,1
11421,1,1
19033,1,1
12130,1,1
24589,0,0
19601,1,0
21731,1,1
13967,0,0
16984,0,1
11674,1,0
18899,0,0
7762,0,0
12545,1,1
7312,1,1
10749,1,0
18819,1,1
17682,0,1
15584,1,1
8158,1,0
20728,1,0
7232,1,0
13035,0,1
14248,0,0
3523,0,0
17778,1,1
8078,1,1
15198,1,0
21701,1,0
16248,1,0
17767,1,1
24902,1,1
25250,1,0
23361,0,0
19229,1,1
2846,0,1
23054,1,0
6305,1,1
3859,0,1
12407,0,1
13917,1,0
6841,0,1
11198,1,1
25224,1,0
25797,0,0
4119,0,1
21242,0,0
11206,1,0
12128,1,0
24631,1,0
6514,1,0
17088,0,1
19438,1,0
19930,0,1
21263,1,1
15789,1,0
25284,1,0
20109,0,0
20622,0,0
6882,0,0
20864,0,0
13398,1,0
11245,1,1
19941,1,0
26285,1,0
4814,1,1
20932,1,1
12308,1,0
19320,1,1
20851,1,1
25109,0,1
16203,1,0
20589,1,1
19593,0,0
17415,1,1
12106,1,1
15343,1,0
19978,0,0
7193,1,0
17683,0,0
1953,1,1
10679,1,0
21457,0,0
14154,0,1
20220,1,0
21404,1,1
11214,1,1
19158,0,1
17838,1,0
15814,1,0
6597,0,1
24087,1,0
15009,0,1
23988,1,1
20745,0,1
15046,0,1
15075,1,0
6043,1,1
24437,1,1
19656,0,0
19394,1,1
17507,1,1
23167,1,1
12596,0,0
7436,1,1
10954,0,0
6076,0,1
19764,1,1
20234,1,0
15087,0,1
12730,0,0
21432,0,1
15303,0,0
10595,1,1
2970,1,1
25217,0,0
23131,0,1
17571,0,1
14278,0,1
19336,1,0
2606,0,1
7813,0,1
16182,0,1
16069,1,1
19520,0,0
2704,1,0
14336,1,0
509,1,0
7727,1,0
25996,0,1
25732,1,1
25422,1,0
7374,1,1
13884,1,1
6153,0,1
1755,0,0
16612,0,1
6904,0,1
7728,1,0
3312,1,1
23528,0,0
10640,1,1
17211,0,1
13758,0,1
1492,1,1
12894,1,1
11244,1,1
16637,0,0
5785,1,1
7618,0,0
17201,0,1
1353,1,1
12948,1,1
5823,0,0
11068,1,1
19194,0,1
3458,0,0
10947,0,1
12586,1,1
22266,0,1
21290,1,0
13302,1,1
11185,0,1
5039,0,1
21462,1,0
12229,1,0
17497,1,1
23365,0,1
2741,1,1
20803,1,0
14401,0,1
14963,1,0
16673,0,1
7448,0,1
16960,0,1
11262,0,0
7808,0,1
7564,1,1
22522,1,1
15506,1,0
2595,0,1
7756,0,1
11478,1,1
7606,0,0
4769,0,1
16723,0,1
15857,0,0
7865,0,1
8094,1,0
17336,1,1
7644,1,1
16450,0,1
12480,0,1
17517,1,0
20211,0,1
10937,1,0
7760,0,1
17115,0,1
4946,0,1
20713,0,1
18251,1,1
15832,0,1
13985,0,1
16490,0,0
22996,0,0
1878,1,0
17338,1,1
21852,0,0
21187,1,0
15487,1,1
14758,0,0
24379,0,0
24213,1,1
12616,0,1
6072,1,1
16423,1,0
20512,0,0
15946,0,1
21492,1,0
10859,0,0
16618,1,1
5928,0,1
23460,0,1
16596,1,1
6861,0,1
16072,0,1
18827,1,1
16923,0,0
1729,1,1
19312,0,0
12631,0,1
14909,0,0
13885,1,0
26161,0,1
14104,1,0
13220,0,1
5931,1,0
23429,0,1
5626,0,0
5220,0,1
25154,0,1
541,1,0
5609,1,1
5162,0,1
15307,1,1
13066,0,0
18691,0,1
5675,1,0
23536,0,1
24643,0,0
21591,1,0
13410,0,0
12530,1,1
22311,0,1
23153,0,1
3173,1,1
20264,1,0
6235,1,1
3465,1,0
24217,1,1
19293,0,1
18931,1,1
2109,0,1
14933,1,1
21397,1,1
20213,1,1
22921,1,0
7766,1,0
13577,0,1
24984,0,0
5475,0,1
12448,0,1
22259,1,0
24921,0,1
6211,0,0
13144,1,0
7807,1,1
25567,1,1
19911,1,0
15671,0,1
16285,1,0
1798,1,0
15651,0,1
16334,0,1
14735,1,1
8349,0,1
8351,1,1
14053,1,1
6078,1,1
11514,1,0
12493,1,0
11991,1,0
15144,1,1
12884,0,0
20475,1,1
13094,0,1
11263,0,0
18810,1,1
22427,1,1
16041,0,0
24742,0,0
23822,1,1
673,0,1
5340,1,0
17308,1,1
13936,1,1
19302,1,1
18666,1,1
23778,0,1
16966,1,1
13695,0,1
11321,0,1
21818,1,0
21465,1,1
2569,0,1
19396,1,0
23676,1,1
12498,1,1
10980,1,0
16707,0,1
22174,0,0
18727,0,1
17250,0,1
13402,1,0
16890,0,0
18675,1,0
22513,1,1
3333,1,0
25020,1,0
15573,1,0
5146,1,0
20942,1,1
7654,1,1
23847,1,0
21719,0,0
12142,0,1
10807,1,1
13789,0,0
18910,1,1
25992,0,1
20795,0,1
15982,1,1
19044,0,1
15192,1,1
17532,1,0
22360,1,1
2133,1,0
7207,1,1
21520,1,0
17071,0,1
5270,0,1
21799,0,0
2047,0,0
20304,1,0
23375,1,0
587,1,1
4388,0,1
5676,1,0
10695,0,1
16296,0,1
11403,1,0
16088,0,1
20470,0,0
7918,1,1
21410,0,0
2203,0,0
3537,0,1
23777,0,0
8106,1,0
12758,1,1
25233,1,1
16074,0,0
24433,1,0
23651,0,0
7065,0,0
7210,0,1
6921,1,0
17595,1,0
24926,0,0
7608,1,0
16898,0,0
24234,0,1
19279,0,0
5224,0,0
7226,0,1
18799,1,1
4926,1,0
26449,1,0
23080,0,0
10500,0,1
4337,1,1
10724,0,0
20591,0,1
6603,1,1
17784,0,0
26376,0,1
5885,1,1
6329,0,0
14315,0,1
23796,1,1
15904,1,1
16090,0,1
26008,0,1
5784,0,1
10952,0,0
18826,0,1
24659,0,1
25046,0,1
2161,1,1
25580,1,1
13927,1,0
21516,0,1
26461,0,0
15476,0,1
12938,0,0
11315,0,1
20225,0,0
4343,1,1
20993,1,1
463,0,1
17628,1,0
2734,1,0
13727,0,0
2538,1,0
7298,1,0
16245,1,0
6924,1,0
5260,0,1
25274,1,1
14994,1,1
13579,0,0
8313,1,0
16194,1,0
24581,0,0
17547,1,1
15886,0,1
14144,0,0
11698,0,1
22909,0,1
11907,1,0
16602,1,1
6000,0,1
24599,0,0
17131,0,1
3070,0,0
8186,0,1
2733,0,0
15913,0,1
5556,1,1
24975,0,0
15290,0,0
14056,1,1
13566,1,1
3472,1,0
21431,0,1
14880,0,1
21291,1,0
24644,1,0
19465,0,1
21041,1,0
23070,0,1
8297,0,0
2375,1,1
1097,1,0
11717,1,1
4898,0,1
15784,0,0
16853,0,0
11795,0,1
13130,0,0
13749,1,0
23227,0,1
13517,1,1
23954,1,0
13385,1,1
6788,1,1
19519,1,0
14179,1,0
21328,1,0
3927,1,1
21117,0,0
20777,0,0
15995,0,1
2042,1,1
6286,0,1
6670,0,0
3098,0,0
11890,1,0
15287,0,0
16523,0,1
17500,1,1
689,1,1
11512,1,0
20161,0,0
24084,0,1
10857,1,1
2930,1,0
17972,1,1
22435,0,1
7160,1,0
16771,0,1
18079,1,1
6526,0,1
19329,0,0
470,0,0
2840,0,1
26242,1,1
13065,1,0
5707,1,0
12685,0,1
13977,1,0
15281,0,0
482,1,0
18747,1,0
12084,1,0
20959,0,0
20559,1,0
24871,1,1
23717,0,1
23073,0,0
8060,1,0
4717,0,1
13174,0,1
21438,1,1
14240,0,0
7602,1,1
14772,0,0
19318,0,1
7830,1,0
7097,1,1
6193,1,1
6635,1,0
11712,0,0
25647,0,1
15742,0,1
18773,1,0
7640,1,0
13335,0,1
23118,0,1
13284,0,1
7108,1,0
20022,1,1
5461,1,1
7221,0,0
11616,1,0
21102,1,0
7864,1,1
11077,0,1
4098,0,0
21956,0,1
15390,0,1
24843,1,1
18693,0,1
19338,1,1
487,1,1
2972,0,0
14982,0,1
17298,1,0
4850,0,1
10626,0,1
11098,0,0
3053,1,0
19344,1,0
25737,0,1
14729,0,0
16379,1,1
21526,0,1
15758,1,1
19879,1,1
12981,1,1
5555,0,0
15142,1,0
4038,0,0
2082,1,0
3410,0,0
5178,1,1
26254,1,0
11190,1,1
10975,0,1
4161,0,0
17501,1,0
22163,0,0
26446,1,1
23693,0,0
2224,0,0
20274,1,1
15733,1,0
24632,0,0
17711,0,1
16367,1,1
8007,1,0
19003,0,0
12216,1,1
13277,0,0
13693,0,0
19697,1,1
5078,0,1
11448,0,1
25183,1,0
12964,0,1
15082,1,0
15901,1,0
17348,1,1
12932,0,0
8056,0,1
8063,1,0
5453,0,1
12040,0,1
23721,0,1
3348,0,1
25253,1,1
11342,0,1
627,0,1
13355,1,1
20153,0,0
2221,0,0
14973,0,1
2143,1,1
542,1,0
1256,1,0
17216,0,0
20709,0,1
26363,0,0
12431,1,1
25357,0,1
15935,1,0
10619,0,0
2077,1,0
24942,0,1
1475,1,0
22969,1,1
24950,1,0
7923,0,1
13172,1,0
11721,1,1
18075,1,1
19252,1,1
12728,1,0
18963,0,1
10517,0,1
13193,0,1
20027,1,1
13692,0,0
4395,0,1
16652,0,1
13387,1,1
12897,0,0
17902,0,0
5367,1,0
15988,1,0
10827,1,1
16625,0,0
25693,1,1
12265,0,0
2688,1,0
12245,0,1
15802,1,1
12067,0,0
6167,1,1
2800,1,1
17045,0,1
14199,1,1
19661,1,0
12163,1,1
12437,1,0
12054,0,1
15431,1,1
23441,1,0
19528,0,1
6899,0,1
592,1,0
13425,0,1
2682,0,1
18656,1,1
21101,0,0
18066,0,1
18057,0,0
22923,0,1
22490,0,0
16401,1,1
4743,0,1
24904,1,1
14720,1,1
8166,1,1
23531,0,1
24610,1,1
619,0,1
5843,1,0
10620,1,1
23010,1,0
12378,1,0
7433,1,0
18045,1,1
2662,0,1
2081,1,0
24066,0,1
6037,0,1
7209,0,0
8342,1,1
13153,0,1
11272,0,0
15893,1,0
17698,0,1
1257,0,0
23216,1,0
25266,0,0
19087,1,0
2287,0,0
15069,1,0
22254,1,0
311,1,1
5225,0,1
13481,1,1
10991,1,0
23152,0,0
1897,0,1
25766,1,1
16391,1,0
8357,1,0
13900,1,1
8318,0,1
7187,0,1
6501,1,0
13356,0,0
15407,0,0
7677,0,0
21416,1,1
20358,1,0
1998,1,0
12124,0,0
23663,0,1
24303,1,1
25104,0,1
22505,0,1
18953,1,0
13957,0,1
10546,1,1
2558,0,0
16404,1,1
20605,0,0
24559,0,0
12864,1,0
7820,0,1
17966,0,1
26219,1,0
21987,0,0
16274,0,0
6070,1,1
13421,0,0
21930,0,1
16032,1,0
5045,1,0
2111,0,0
7927,1,0
18055,1,0
21275,1,0
13322,1,1
13318,0,1
17839,0,0
341,0,1
11138,0,1
19761,0,1
7833,1,0
21106,0,0
25682,1,0
23253,0,0
19361,1,0
12729,1,1
7629,0,0
2832,1,1
25302,1,1
26082,1,1
13060,1,0
12891,1,0
15231,0,0
6748,1,1
8292,1,1
6103,0,0
18901,0,1
25074,0,0
12490,1,0
13785,1,0
11392,0,1
20775,1,1
17459,0,0
11573,1,1
18751,1,0
5151,0,1
15638,1,0
24416,0,1
23226,1,1
3237,1,0
14734,1,1
18170,1,1
3862,1,1
25882,1,1
12183,1,0
6017,0,0
15162,0,0
25959,1,0
16371,1,0
4933,1,1
16601,0,1
18840,0,1
18878,0,0
3010,0,1
23551,1,0
12825,0,0
13250,1,1
24709,1,1
24339,0,0
2854,1,1
24443,0,0
2750,0,1
12662,1,1
20098,1,1
13286,1,1
11235,0,1
25420,0,1
10870,1,1
7761,1,1
20237,0,1
16198,1,0
3176,1,1
20228,0,0
17894,1,1
5311,0,1
22088,1,1
15597,1,1
20262,0,0
8083,1,0
5459,0,1
22897,1,1
16301,1,0
16828,1,0
25869,1,1
21694,1,0
20950,1,0
23330,1,0
13282,0,0
1903,0,1
6942,0,0
18877,0,1
20989,1,0
19983,1,1
16645,1,0
15657,1,0
13531,1,1
11524,1,0
